0000                             ; MONITOR 3 for the TEC-1G
0000                             ; ------------------------
0000                             ;  _______ ______ _____     __  _____   __  __  ____  _   _ ____
0000                             ; |__   __|  ____/ ____|   /_ |/ ____| |  \/  |/ __ \| \ | |___ \
0000                             ;    | |  | |__ | |   ______| | |  __  | \  / | |  | |  \| | __) |
0000                             ;    | |  |  __|| |  |______| | | |_ | | |\/| | |  | | . ` ||__ <
0000                             ;    | |  | |___| |____     | | |__| | | |  | | |__| | |\  |___) |
0000                             ;    |_|  |______\_____|    |_|\_____| |_|  |_|\____/|_| \_|____/
0000                             ;                 Coding by Brian Chiha, Oct-2023
0000                             ; 
0000                             ; With help from Craig Hart, Mark Jelic, Ian McLean and James Elphick
0000                             ; 
0000                             ; Constants
0000                             ; ---------
0000                             ; Ports
0000                KEYB:     EQU   00H   ;Keyboard
0000                DIGITS:   EQU   01H   ;Seven Segment Digits
0000                SEGS:     EQU   02H   ;Seven Segment Display
0000                SYS_INPUT:   EQU   03H   ;System Input
0000                LCD_INST:   EQU   04H   ;LCD Instruction
0000                LCD_DATA:   EQU   84H   ;LCD Data
0000                LED8X8H:   EQU   05H   ;LED 8x8 Horizontal
0000                LED8X8V:   EQU   06H   ;LED 8x8 Vertical
0000                GLCD_INST:   EQU   07H   ;Graphics LCD Instruction
0000                GLCD_DATA:   EQU   87H   ;Graphics LCD Data
0000                SDIO:     EQU   0FDH   ;SD Card IO
0000                MATRIX:   EQU   0FEH   ;QWERTY Keyboard Matrix
0000                SYS_CTRL:   EQU   0FFH   ;System Control
0000                             ; 
0000                             ; SYSCTRL  port bits
0000                SHADOW:   EQU   01H   ;Shadow ROM
0000                PROTECT:   EQU   02H   ;Memory Protect
0000                EXPAND:   EQU   04H   ;Expand
0000                CART:     EQU   10H   ;Cartridge
0000                CAPSLOCK:   EQU   80H   ;Caps lock for Keyboard
0000                             ; 
0000                             ; Monitor Control Bit
0000                             ;MCB = Bits 0,1 = Data Nibbles Entered
0000                             ;      Bit 2 = Address=H/Data=L mode
0000                             ;      Bit 3 = LCD=H/Segment=L mode
0000                             ;      Bit 4 = Disassembler View=H/Data Entry View=L mode (for segment mode only)
0000                             ;      Bit 5 = Menu=L/Parameter=H Format for Menu handler (for LCD mode only)
0000                             ;      Bit 6 = RTC Add-On Present=H
0000                             ;      Bit 7 = SD Card Add-On Present=H (not implemented yet)
0000                MCB_AD_DATA:   EQU   04H   ;Address=H/Data=L mode
0000                MCB_LCD_SEG:   EQU   08H   ;LCD=H/Segment=L mode
0000                MCB_DIS_DE:   EQU   10H   ;Disassembler View=H/Data Entry View=L mode
0000                MCB_MEN_PAR:   EQU   20H   ;Menu=L/Parameter=H Format for Menu handler
0000                MCB_RTC:   EQU   40H   ;RTC Add-On Present=H
0000                MCB_SD_CARD:   EQU   80H   ;SD Card Add-On Present=H
0000                             ; 
0000                             ; Serial Constants Delay
0000                BAUD:     EQU   1BH   ;BAUD 4800 Delay
0000                             ;BAUD:       .equ    0BH         ;BAUD 9600 Delay
0000                CR:       EQU   0DH   ;Carriage Return
0000                LF:       EQU   0AH   ;Line Feed
0000                SPACE:    EQU   " "   ;Space
0000                COLON:    EQU   ":"   ;Colon
0000                             ; 
0000                             ; Keyboard reference
0000                K_FN:     EQU   02H   ;Fn key on Keyboard Matrix
0000                K_PLUS:   EQU   10H   ;+ Key
0000                K_MINUS:   EQU   11H   ;- Key
0000                K_GO:     EQU   12H   ;GO Key
0000                K_ADDR:   EQU   13H   ;Address Key
0000                             ; 
0000                             ; Constants
0000                KEY_SPEED:   EQU   20H   ;Speed of auto repeat press (lower=faster)
0000                USER_ADDR:   EQU   4000H   ;User starting address
0000                BASE_ADDR:   EQU   0C000H   ;Start Address of monitor
0000                LCD_ROW1:   EQU   80H   ;LCD Row 1, Column 1
0000                LCD_ROW2:   EQU   0C0H   ;LCD Row 2, Column 1
0000                LCD_ROW3:   EQU   94H   ;LCD Row 3, Column 1
0000                LCD_ROW4:   EQU   0D4H   ;LCD Row 4, Column 1
0000                MENU_PTR:   EQU   7EH   ;LCD Right Arrow
0000                             ; 
0000                             ; RAM Locations
0000                MON_RAM:   EQU   0800H   ;Monitor RAM start
0000                STACK_SIZE:   EQU   80H   ;128 Bytes
0000                STACK_TOP:   EQU   MON_RAM+STACK_SIZE   
0000                TOP_RAM:   EQU   7FFFH   ;Highest RAM location (no expansion)
0000                             ; 
0000                ROMSIG:   EQU   MON_RAM   ;16 byte buffer holding the ROM signature; used for cold start detection
0000                             ; 
0000                             ; Monitor Configuration and display data
0000                DISP_BUFF:   EQU   STACK_TOP   ;Display Buffer for Segments
0000                DISP_DATA:   EQU   STACK_TOP+4   ;Display Buffer Data for Segments
0000                CEL:      EQU   STACK_TOP+6   ;Current Editing location
0000                MCB:      EQU   STACK_TOP+8   ;Monitor Control Byte
0000                KEY_BUFF:   EQU   STACK_TOP+9   ;Keypress Buffer
0000                KEY_PRESS:   EQU   STACK_TOP+10   ;Keypress Flag
0000                KEY_AUTO:   EQU   STACK_TOP+11   ;Key Auto Increment Flag
0000                KEY_REPEAT:   EQU   STACK_TOP+12   ;Key Auto Repeat timer
0000                KEY_BEEP:   EQU   STACK_TOP+13   ;Keypress Beep flag
0000                KEY_SECOND:   EQU   STACK_TOP+14   ;Matrix Keyboard second key Buffer
0000                GLCD_TERM:   EQU   STACK_TOP+15   ;GLCD Terminal Enable Flag
0000                DIS_ADDR:   EQU   STACK_TOP+16   ;Base Disassembler/Editing address
0000                USER_INT:   EQU   STACK_TOP+18   ;User defined INT routine
0000                USER_NMI:   EQU   STACK_TOP+20   ;User defined NMI routine
0000                MENU_POS:   EQU   STACK_TOP+22   ;Menu listing position
0000                MENU_SEL:   EQU   STACK_TOP+23   ;Menu pointer seletion
0000                MENU_CNT:   EQU   STACK_TOP+24   ;Menu listing count
0000                MENU_CFG:   EQU   STACK_TOP+25   ;Menu configuration address
0000                MENU_IDX:   EQU   STACK_TOP+27   ;Menu depth index
0000                CAPS_LOCK:   EQU   STACK_TOP+28   ;Caps Lock Flag
0000                SYS_MODE:   EQU   STACK_TOP+29   ;SYS_CTRL current monitor state
0000                PROT_MODE:   EQU   STACK_TOP+30   ;Use Protect at GO
0000                XPND_MODE:   EQU   STACK_TOP+31   ;Expand Mode
0000                             ; 
0000                             ; Free Monitor RAM area for specific functions (08A0H).  Areas can overlap
0000                MON_FRAM:   EQU   STACK_TOP+32   ;Free Monitor RAM Starts Here
0000                             ; 
0000                             ; Parameter Base Address.  All parameters are two bytes long from this address
0000                PARAM_DATA:   EQU   MON_FRAM+32   ;Start of Parameter storage (08C0H)
0000                             ; 
0000                             ; ASCII string for data entry area  ;IE "4000: 23 34 45 56 78"
0000                DATA_BASE:   EQU   MON_FRAM   ;Base address for Data view (08A0H)
0000                DATA_ROW:   EQU   DATA_BASE+96   ;Start of ASCII data entry string (0900H)
0000                             ; 
0000                             ; Current Editing Location Quick Jump locations
0000                CEL_QJMP:   EQU   MON_FRAM+2   ;Location 1,2, and 3 (08A2H,08A4H,08A6H)
0000                             ; 
0000                             ; Menu depth pointers to remember nested menus
0000                MENU_CFG_D:   EQU   MON_FRAM+8   ;Menu Config. depth (08A8H,08AAH,08ACH,08AEH) 
0000                             ; 
0000                             ; RNG Seed
0000                RNG_SEED:   EQU   MON_FRAM+16   ;Random Number Seed (08B0H)
0000                             ; 
0000                             ; RAM for Smart Copy
0000                COPY_START:   EQU   PARAM_DATA   ;Start (08C0H)
0000                COPY_END:   EQU   COPY_START+2   ;End
0000                COPY_DEST:   EQU   COPY_START+4   ;Destination
0000                COPY_PTR:   EQU   COPY_START+6   ;Pointer
0000                COPY_EBLK:   EQU   COPY_START+8   ;End Block
0000                COPY_CORR:   EQU   COPY_START+10   ;Correction
0000                REST_START:   EQU   COPY_START+12   ;Restore Start
0000                REST_END:   EQU   COPY_START+14   ;Restore End
0000                REST_DEST:   EQU   COPY_START+16   ;Restore Destination
0000                TEMP_START:   EQU   COPY_START+18   ;Temporaly Start
0000                TEMP_END:   EQU   COPY_START+20   ;Temporaly End
0000                TEMP_DEST:   EQU   COPY_START+22   ;Temporaly Destination
0000                             ; 
0000                             ; RAM for To/From Addresses
0000                DATA_FROM:   EQU   PARAM_DATA   ;From (08C0H)
0000                DATA_TO:   EQU   DATA_FROM+2   ;To
0000                             ; 
0000                             ; Breakpoint regsiter save area.
0000                BP_BASE_SP:   EQU   MON_FRAM+96   ;Start of Register save area (0900H)   
0000                BP_HL:    EQU   BP_BASE_SP+2   ;HL position in BP stack
0000                BP_REGS:   EQU   BP_BASE_SP+20   ;Top of Stack (Goes down towards MON_RAM)
0000                BP_PC:    EQU   BP_BASE_SP+20   ;Calling Program Counter
0000                BP_ORIG_SP:   EQU   BP_BASE_SP+22   ;Original hardware stack pointer
0000                BP_LCD:   EQU   BP_BASE_SP+24   ;LCD Screen Buffer (20x4 or 80 bytes)
0000                             ; 
0000                             ; -----------------------------------------------------------------------------
0000                             ; CODE start here, with code running at 0000H
0000                             ; -----------------------------------------------------------------------------
0000                             ; 
C000                          .ORG   BASE_ADDR   
C000                BOOT:        
C000   C3 00 C1               JP   preInit   
C003                             ; 
C008                          .ORG   BASE_ADDR+08H   
C008                RST08:       ;Key Read and Wait for key release.  (Halt simulation)
C008                             ;Output: A = Key pressed
C008   C3 35 C6               JP   scanKeysWait   ;Wait and Scan key routine
C00B                             ; 
C010                          .ORG   BASE_ADDR+10H   
C010                RST10:       ;API Call Entry
C010   C3 70 00               JP   APICall-BASE_ADDR   ;API Call routine
C013                             ; 
C018                          .ORG   BASE_ADDR+18H   
C018                RST18:       ;API Call 2 Entry
C018   C3 40 00               JP   APICall2-BASE_ADDR   ;API Call 2 routine
C01B                             ; 
C020                          .ORG   BASE_ADDR+20H   
C020                RST20:       ;Scan Segments and Keyboard.  Must be called constantly
C020                             ;Input: DE = Pointer to LCD Segment code (Must be 6 bytes)
C020                             ;Output: A = Key pressed if Zero flag is set
C020   CD 4A C5               CALL   scanSegments   ;Multiplex the seven segments
C023   CD B0 C5               CALL   scanKeys   ;Scan for key press
C026                             ; 
C028                          .ORG   BASE_ADDR+28H   
C028                RST28:       ;LCD Busy
C028   F5                     PUSH   af   ;save af
C029                BUSYLOOP:      
C029   DB 04                  IN   a,(LCD_INST)   ;Read status bit on LCD
C02B   07                     RLCA      ;put bit 7 (status) in carry
C02C   38 FB                  JR   c,busyLoop   ;loop if LCD is busy
C02E   F1                     POP   af   ;restore af
C02F   C9                     RET      
C030                             ; 
C030                          .ORG   BASE_ADDR+30H   
C030                RST30:       ;Breakpoint Entry
C030   E3                     EX   (sp),hl   ;get return address
C031   22 14 09               LD   (BP_PC),hl   ;save it
C034   E3                     EX   (sp),hl   ;fix stack
C035   C3 59 CC               JP   breakPoint   
C038                             ; 
C038                          .ORG   BASE_ADDR+38H   
C038                RST38:       
C038   E5                     PUSH   hl   ;save HL
C039   2A 92 08               LD   hl,(USER_INT)   ;get address at USER_INT
C03C   E3                     EX   (sp),hl   ;restore HL and put INT routine on stack
C03D   C9                     RET      
C03E                             ; 
C040                          .ORG   BASE_ADDR+40H   
C040                             ;API Call Routine
C040                             ; Input:   A = Function index
C040                             ;          BC, DE, HL = Parameters if needed
C040                             ; Corrupt: IX
C040                APICALL2:      
C040   FE 1F                  CP   API_COUNT2/2   ;Adjust for real count
C042   38 03                  JR   c,APIGood2   
C044   C3 0D CC               JP   displayError   ;exit with Error Message
C047                APIGOOD2:      
C047   C5                     PUSH   bc   ;save BC
C048   E5                     PUSH   hl   ;save HL
C049   21 00 D7               LD   hl,APITable2   ;API Funciton Table
C04C   87                     ADD   a,a   ;double it
C04D   4F                     LD   c,a   ;store index in
C04E   06 00                  LD   b,0   ;bc
C050   09                     ADD   hl,bc   ;index table
C051   7E                     LD   a,(hl)   ;store jump
C052   23                     INC   hl   ;address
C053   66                     LD   h,(hl)   ;back into
C054   6F                     LD   l,a   ;HL
C055   E5                     PUSH   hl   ;IX = HL
C056   DD E1                  POP   ix   
C058   E1                     POP   hl   ;restore HL
C059   C1                     POP   bc   ;restore BC
C05A   DD E9                  JP   (ix)   ;Jump to API Routine
C05C                             ; 
C066                          .ORG   BASE_ADDR+66H   
C066                NMI:         
C066   E5                     PUSH   hl   ;save HL
C067   2A 94 08               LD   hl,(USER_NMI)   ;get address at USER_NMI
C06A   E3                     EX   (sp),hl   ;restore HL and put INT routine on stack
C06B   C9                     RET      
C06C                             ; 
C070                          .ORG   BASE_ADDR+70H   
C070                             ;API Call Routine
C070                             ; Input:   C = Function index
C070                             ;          A, B, DE, HL = Parameters if needed
C070                             ; Corrupt: IX
C070                APICALL:      
C070   F5                     PUSH   af   ;save AF
C071   79                     LD   a,c   ;Check index is within range
C072   FE 3A                  CP   API_COUNT/2   ;Adjust for real count
C074   38 04                  JR   c,APIGood   
C076   F1                     POP   af   ;restore AF
C077   C3 0D CC               JP   displayError   ;exit with Error Message
C07A                APIGOOD:      
C07A   C5                     PUSH   bc   ;save BC
C07B   E5                     PUSH   hl   ;save HL
C07C   21 00 D6               LD   hl,APITable   ;API Funciton Table
C07F   87                     ADD   a,a   ;double it
C080   4F                     LD   c,a   ;store index in
C081   06 00                  LD   b,0   ;bc
C083   09                     ADD   hl,bc   ;index table
C084   7E                     LD   a,(hl)   ;store jump
C085   23                     INC   hl   ;address
C086   66                     LD   h,(hl)   ;back into
C087   6F                     LD   l,a   ;HL
C088   E5                     PUSH   hl   ;IX = HL
C089   DD E1                  POP   ix   
C08B   E1                     POP   hl   ;restore HL
C08C   C1                     POP   bc   ;restore BC
C08D   F1                     POP   af   ;restore AF
C08E   DD E9                  JP   (ix)   ;Jump to API Routine
C090                             ; 
C090                             ; Restart Handler (temp)
C090                RESTARTHANDLE:      
C090   C9                     RET      
C091                             ; 
C091                             ;Interrupt Handler Stub (just return)
C091                INTHANDLER:      
C091   ED 4D                  RETI      ;Exit cleanly
C093                             ; 
C093                             ;NMI Handler Stub (just return)
C093                NMIHANDLER:      
C093   ED 45                  RETN      ;Exit cleanly
C095                             ; 
C095                             ; 
C095                             ; -----------------------------------------------------------------------------
C095                             ; CODE running in ROM proper, at C000H upwards
C095                             ; -----------------------------------------------------------------------------
C095                             ; 
C100                          .ORG   BASE_ADDR+100H   
C100                             ; 
C100                PREINIT:      
C100   31 80 08               LD   sp,STACK_TOP   ;Set the Hardware Stack to top of stack in RAM
C103   21 00 40               LD   hl,4000H   ;Long delay to ensure reset of latches are complete
C106   CD E2 C6               CALL   timeDelay   
C109   AF                     XOR   a   ;Blank the 8x8 display to prevent LED burnout
C10A   D3 05                  OUT   (LED8X8H),a   
C10C   D3 06                  OUT   (LED8X8V),a   
C10E   3E 05                  LD   a,05H   ;Set SD Card to Idle; turns off activity LED
C110   D3 FD                  OUT   (SDIO),a   
C112   DB 03                  IN   a,(SYS_INPUT)   ;Check for CART presence
C114   47                     LD   b,a   
C115   E6 10                  AND   CART   ;Check bit 4
C117   C2 00 80               JP   nz,08000H   ;Launch CARTridge code if CART present
C11A   78                     LD   a,b   ;Honor PROTECT bit
C11B   E6 02                  AND   PROTECT   
C11D   32 9E 08               LD   (PROT_MODE),a   
C120   3A 9F 08               LD   a,(XPND_MODE)   
C123   E6 04                  AND   EXPAND   
C125   4F                     LD   c,a   
C126   3A 9C 08               LD   a,(CAPS_LOCK)   
C129   E6 80                  AND   CAPSLOCK   
C12B   81                     ADD   a,c   
C12C   06 01                  LD   b,SHADOW   ;Force Shadow mode OFF
C12E   80                     ADD   a,b   
C12F   D3 FF                  OUT   (SYS_CTRL),a   
C131   32 9D 08               LD   (SYS_MODE),a   ;Update MONitors idea of the config
C134   3A 9D 08               LD   a,(SYS_MODE)   ;Is shadow disabled ? (should be yes it is)
C137   E6 01                  AND   SHADOW   
C139   28 0B                  JR   z,hardBoot   ;if enabled, skip memcopy
C13B   21 00 C0               LD   hl,0C000H   ;copy bottom 256 bytes of ROM to RAM at 0000
C13E   11 00 00               LD   de,0000H   ;so RST vectors etc. are in RAM now
C141   01 00 01               LD   bc,0100H   
C144   ED B0                  LDIR      
C146                             ; 
C146                             ;Place initialisation routines here.  MemCheck, RAM defaults
C146                HARDBOOT:      
C146   CD 82 C5               CALL   LCDinitialise   ;reset LCD Screen always on reset
C149   21 00 40               LD   hl,USER_ADDR   ;fixup edit location for startup
C14C   22 86 08               LD   (CEL),hl   
C14F   22 A0 08               LD   (DATA_BASE),hl   ;update base address
C152   DB 00                  IN   a,(KEYB)   ;Check for Fn key press when RESET key is released
C154   E6 20                  AND   20H   ;Check bit 5
C156   28 1D                  JR   z,hardInit   ;Fn Key pressed, do a hard initialise
C158   DB 03                  IN   a,(SYS_INPUT)   ;read simp buffer for keyboard input type
C15A   0F                     RRCA      ;check bit 0
C15B   30 0A                  JR   nc,skipMatrix   ;if set, matrix keyboard in use
C15D   CD 1F CC               CALL   matrixScan   
C160   20 05                  JR   nz,$+7   ;no key pressed, skip hard init       
C162   7B                     LD   a,e   ;grab first key pressed
C163   FE 02                  CP   K_FN   ;is it the FN key?
C165   28 0E                  JR   z,hardInit   ;Fn Key pressed, do a hard initialise
C167                SKIPMATRIX:      
C167                             ;Look for hard reset flag
C167   21 F0 FF               LD   hl,SOFTWARE   
C16A   11 00 08               LD   de,ROMSIG   
C16D   06 10                  LD   b,10H   
C16F   CD 76 C8               CALL   stringCompare   
C172   CA D4 C1               JP   z,preSoftBoot   ;Yes, just softboot
C175                HARDINIT:      
C175                             ;Honour Expand
C175   DB 03                  IN   a,(SYS_INPUT)   ;read simp buffer for real expand bit
C177   CD DE CF               CALL   setExpand   ;honor EXPAND bit
C17A                             ;Set Capslock to OFF
C17A   AF                     XOR   a   ;A = 0
C17B   CD A5 CF               CALL   setCaps   ;set caps lock flag
C17E                             ;Copy ROMSTR into RAM - warm boot flag
C17E   21 F0 FF               LD   hl,SOFTWARE   
C181   11 00 08               LD   de,ROMSIG   
C184   01 10 00               LD   bc,10H   
C187   ED B0                  LDIR      
C189                             ;Default monitor RAM variables
C189   21 00 D2               LD   hl,defaults   ;Start from MCB
C18C   11 86 08               LD   de,CEL   ;Set to CEL and onwards in RAM
C18F   01 17 00               LD   bc,defaultsSize   ;Load defaultsSize bytes
C192   ED B0                  LDIR      
C194                             ;Check if RTC Add-On is installed
C194   CD C0 F8               CALL   checkDS1302Present   ;Carry set = No RTC
C197   38 12                  JR   c,skipRTC   ;skip RTC config as no RTC Add-on found
C199   21 88 08               LD   hl,MCB   ;set MCB
C19C   CB F6                  SET   6,(hl)   ;bit 6 RTC present
C19E   CD 52 FD               CALL   checkRTCchecksum   ;check if PRAM is not corrupt
C1A1   28 03                  JR   z,$+5   ;all good, skip resetting PRAM
C1A3   CD 24 CE               CALL   resetRTCPRAM   ;reset RTC PRAM
C1A6   CD 6D CE               CALL   RTCFillRAM   ;fill RTC PRAM to Mon3 RAM
C1A9   18 0C                  JR   LCDbanners   
C1AB                SKIPRTC:      
C1AB                             ;Default CEL Jump Table
C1AB   21 00 40               LD   hl,USER_ADDR   ;default to intial CEL
C1AE   22 A2 08               LD   (CEL_QJMP),hl   
C1B1   22 A4 08               LD   (CEL_QJMP+2),hl   
C1B4   22 A6 08               LD   (CEL_QJMP+4),hl   
C1B7                LCDBANNERS:      
C1B7                             ;Display Welcome Message
C1B7   21 61 D3               LD   hl,hardResetMessage   
C1BA   CD 62 C5               CALL   stringToLCD   ;print line to LCD
C1BD                             ;send a welcome message to the Serial Terminal if connected
C1BD   21 29 D3               LD   hl,serialStartup   
C1C0   CD 6B C5               CALL   stringToSerial   
C1C3                             ;send a welcome banner to the GCLD (disabled for now)
C1C3                             ; call initLCD        ;Initialise the GLCD
C1C3                             ; ld c,0              ;first row
C1C3                             ; call printString    ;display text
C1C3                             ; .db 10H," Initialising ",11H,0
C1C3                             ; ld bc,0             ;set cursor to top left
C1C3                             ; call setCursor
C1C3                             ; ld hl,GLCD_BANNER   ;point to welcome banner
C1C3                             ; ld bc,8040H         ;full screen graphic
C1C3                             ; ld d,0
C1C3                             ; call drawGraphic    ;Draw to GLCD buffer
C1C3                             ; ld a,01H
C1C3                             ; out (GLCD_INST),a   ;clear text buffer
C1C3                             ; ld de,0140H         ;1.6 ms
C1C3                             ; call delayMS
C1C3                             ; call setGrMode      ;Set it for graphics mode
C1C3                             ; call plotToLCD      ;Display it
C1C3                             ;play a tone...
C1C3   11 51 D3               LD   de,hardResetTune   ;Set DE to tune data
C1C6   CD F7 EE               CALL   playTune   
C1C9                             ;wait a bit
C1C9   21 EE FE               LD   hl,0FEEEH   ;delay
C1CC   CD E2 C6               CALL   timeDelay   
C1CF                             ;random number seed
C1CF   ED 5F                  LD   a,r   ;get R value
C1D1   32 B0 08               LD   (RNG_SEED),a   ;save it
C1D4                             ;TODO add more here...
C1D4                             ; 
C1D4                PRESOFTBOOT:      
C1D4                             ;get current GLCD Term status
C1D4   CD 8F CF               CALL   getGLCDTerm   ;get flag
C1D7   CD B9 CF               CALL   setGLCDTerm   ;set GLCD status
C1DA                             ;set up initial menu if RESET is pressed
C1DA   21 B2 D3               LD   hl,mainMenuCFG   ;set up 1G Menu
C1DD   CD B8 CE               CALL   menuReset   ;clear menu flags
C1E0   3E FF                  LD   a,0FFH   ;reset menu index
C1E2   32 9B 08               LD   (MENU_IDX),a   ;save it
C1E5   CD 9E CE               CALL   menuInit   
C1E8                             ; 
C1E8                             ;Soft Reset call and fallthrough for Hard Reset and GO return address
C1E8                SOFTBOOT:      
C1E8   31 80 08               LD   sp,STACK_TOP   ;Set the Hardware Stack to top of stack in RAM
C1EB   3A 9D 08               LD   a,(SYS_MODE)   ;reset hardware to MONitor mode
C1EE   D3 FF                  OUT   (SYS_CTRL),a   
C1F0                             ;reset MCB
C1F0   3A 88 08               LD   a,(MCB)   ;Get MCB
C1F3                RESETMCB:      
C1F3   E6 D8                  AND   0D8H   ;Mask out params, nibble and mode bits
C1F5                UPDATEMCB:      
C1F5   32 88 08               LD   (MCB),a   ;Save MCB back
C1F8                             ; 
C1F8                             ;fill display buffer with current editing location
C1F8                SETDISPBUFFER:      
C1F8   CD EB C4               CALL   beep   ;beep the speaker bit
C1FB   ED 5B 86 08            LD   de,(CEL)   ;load DE with current editing location
C1FF   CD 04 C5               CALL   CELToSeg   ;convert CEL and its value to display buffer
C202   CD 25 C5               CALL   setDots   ;set decimal point on segments
C205                             ;update LCD screen
C205                SETLCD:      
C205   CD F3 C3               CALL   updateLCD   ;Update LCD screen (and also DISP_BUFF if LCD)
C208                             ; 
C208                             ;main system loop
C208                MAINLOOP:      
C208   CD 47 C5               CALL   scanDisplayBuff   ;Multiplex the seven segments
C20B   CD B0 C5               CALL   scanKeys   ;Scan for key press
C20E   21 8C 08               LD   hl,KEY_REPEAT   ;get the key repeat timer
C211   28 04                  JR   z,keyDelay   ;key has been pressed
C213   36 00                  LD   (hl),00H   ;reset delay counter
C215   18 F1                  JR   mainLoop   ;loop back to the main loop
C217                KEYDELAY:      
C217   38 05                  JR   c,keyFirst   ;new key press first detection
C219   35                     DEC   (hl)   ;key held, decrease timer
C21A   20 EC                  JR   nz,mainLoop   ;loop back to the main loop if timer is not zero
C21C   36 20                  LD   (hl),KEY_SPEED   ;short timer set for subsequent presses
C21E                KEYFIRST:      
C21E   35                     DEC   (hl)   ;set timer off
C21F                             ;key has been detected handle it
C21F   21 88 08               LD   hl,MCB   ;get the MCB
C222   CB 5E                  BIT   3,(hl)   ;is bit 3 set? LCD/Segment
C224   C2 26 C3               JP   nz,keyProcessLCD   ;yes, process key for LCD
C227                             ; 
C227                             ;process key press for segment data entry (A = key, HL = MCB)
C227                             ;set C=key pressed, B=MCB, HL=CEL
C227                KEYPROCESSSEGS:      
C227   4F                     LD   c,a   ;store key pressed
C228   CB A9                  RES   5,c   ;reset Fn key bit if set
C22A   7E                     LD   a,(HL)   ;get MCB
C22B   47                     LD   b,a   ;save in B
C22C   79                     LD   a,c   ;restore key pressed
C22D   2A 86 08               LD   hl,(CEL)   ;load Current Editing location in HL
C230                KEYPLUS:      
C230   FE 10                  CP   K_PLUS   ;Plus key press
C232   20 0D                  JR   nz,keyMinus   ;no, Check Minus key
C234   CD E3 C3               CALL   checkFnKey   ;check for Function key
C237   CA CD C2               JP   z,fnPlus   ;handle Fn+Plus key
C23A   23                     INC   hl   ;move to next CEL
C23B                UPDATECEL:      
C23B   22 86 08               LD   (CEL),hl   ;save CEL
C23E   78                     LD   a,b   ;get MCB
C23F   18 B2                  JR   resetMCB   ;reset MCB and jump to Main loop
C241                KEYMINUS:      
C241   FE 11                  CP   K_MINUS   ;Minus key press
C243   20 09                  JR   nz,keyAddress   ;no, Check Address key
C245   CD E3 C3               CALL   checkFnKey   ;check for Function key
C248   CA F4 C2               JP   z,fnMinus   ;handle Fn+Minus key
C24B   2B                     DEC   hl   ;move to previous address
C24C   18 ED                  JR   updateCEL   ;update CEL and return
C24E                KEYADDRESS:      
C24E   FE 13                  CP   K_ADDR   ;Address key press
C250   20 0D                  JR   nz,keyGo   ;no, Check Go key
C252   CD E3 C3               CALL   checkFnKey   ;check for Function key
C255   CA 1A C3               JP   z,fnAd   ;handle Fn+AD key
C258   78                     LD   a,b   ;get MCB
C259   EE 04                  XOR   MCB_AD_DATA   ;flip Address/Data bit
C25B   E6 FC                  AND   0FCH   ;clear nibble counter
C25D   18 96                  JR   updateMCB   ;update MCB and jump to Main loop
C25F                KEYGO:       
C25F   FE 12                  CP   K_GO   ;Go key press
C261   20 1F                  JR   nz,keyHex   ;no, Must be Hex key
C263   06 01                  LD   b,01H   ;clear LCD instruction
C265   CD 7B C5               CALL   commandToLCD   ;update LCD
C268   C3 8B C3               JP   lcdRunning   ;display Code running at on LCD
C26B                RUNROUTINE:      
C26B   CD EB C4               CALL   beep   ;indicate key press
C26E   3A 9D 08               LD   a,(SYS_MODE)   ;reset hardware to MONitor mode
C271   47                     LD   b,a   
C272   3A 9E 08               LD   a,(PROT_MODE)   ;enable PROTECT if configured
C275   B0                     OR   b   
C276   D3 FF                  OUT   (SYS_CTRL),a   
C278   3E FF                  LD   a,0FFH   
C27A   32 89 08               LD   (KEY_BUFF),a   ;remove GO from key Buffer to avoid GO held
C27D   11 E8 C1               LD   de,softBoot   ;get return address
C280   D5                     PUSH   de   ;put return address on stack
C281   E9                     JP   (hl)   ;jump to CEL and execute it
C282                KEYHEX:      
C282   78                     LD   a,b   ;get MCB
C283   CB 57                  BIT   2,a   ;check mode Address or Data
C285   20 25                  JR   nz,updateAddress   ;update address
C287   CD E3 C3               CALL   checkFnKey   ;check for Function key
C28A   28 2F                  JR   z,keyFn   ;jump to Function key routine
C28C                             ;update data and set nibble decimal point and auto address increment
C28C   78                     LD   a,b   ;get MCB
C28D   E6 03                  AND   03H   ;mask out to nibble counter
C28F   FE 02                  CP   02H   ;is this the second nibble?
C291   78                     LD   a,b   ;get orginal MCB
C292   20 0E                  JR   nz,enterNibble   ;no, just enter the nibble into (CEL)
C294   F5                     PUSH   af   ;save MCB
C295   3A 8B 08               LD   a,(KEY_AUTO)   ;check for auto address increment flag
C298   B7                     OR   a   ;is it zero?
C299   20 04                  JR   nz,skipAutoInc   ;no, don't update CEL
C29B   23                     INC   hl   ;move to next CEL to enter nibble
C29C   22 86 08               LD   (CEL),hl   ;store it
C29F                SKIPAUTOINC:      
C29F   F1                     POP   af   ;restore MCB
C2A0   E6 FC                  AND   0FCH   ;clear nibble counter
C2A2                ENTERNIBBLE:      
C2A2   3C                     INC   a   ;add one to nibble conter
C2A3   32 88 08               LD   (MCB),a   ;store it
C2A6   79                     LD   a,c   ;get key
C2A7   ED 6F                  RLD      ;shift key into CEL
C2A9   C3 F8 C1               JP   setDispBuffer   ;jump back to main loop
C2AC                             ;update address
C2AC                UPDATEADDRESS:      
C2AC   21 86 08               LD   hl,CEL   ;set hl to address of CEL
C2AF   79                     LD   a,c   ;load a with hex key pressed
C2B0   ED 6F                  RLD      ;shift key into lower byte of CEL
C2B2   23                     INC   hl   ;move to upper byte
C2B3   ED 6F                  RLD      ;shift carry nibble into upper byte
C2B5   CD E0 C4               CALL   setDataBase   ;set the DATA_BASE variable
C2B8   C3 F8 C1               JP   setDispBuffer   ;jump back to main loop
C2BB                             ;function key handler
C2BB                KEYFN:       
C2BB   11 2F D2               LD   de,functionJumpTable   ;reference jump table
C2BE   79                     LD   a,c   ;load a with hex key pressed
C2BF   87                     ADD   a,a   ;double it
C2C0   6F                     LD   l,a   ;store index in
C2C1   26 00                  LD   h,0   ;hl
C2C3   19                     ADD   hl,de   ;index DE with HL
C2C4   7E                     LD   a,(hl)   ;store jump
C2C5   23                     INC   hl   ;address
C2C6   66                     LD   h,(hl)   ;back into
C2C7   6F                     LD   l,a   ;HL
C2C8   11 E8 C1               LD   de,softBoot   ;get return address
C2CB   D5                     PUSH   de   ;put return address on stack
C2CC   E9                     JP   (hl)   ;jump to HL and execute it
C2CD                             ;function + Plus handler
C2CD                FNPLUS:      
C2CD                             ;shift from CEL to High RAM 1 byte up, make CEL=0
C2CD   ED 5B 86 08            LD   de,(CEL)   ;get current CEL
C2D1   21 FF 7F               LD   hl,TOP_RAM   ;get high ram
C2D4   B7                     OR   a   ;clear carry
C2D5   ED 52                  SBC   hl,de   ;get difference
C2D7   FA F8 C1               JP   m,setDispBuffer   ;high ram < cel, exit
C2DA   EB                     EX   de,hl   ;set hl to CEL
C2DB   22 C0 08               LD   (COPY_START),hl   ;move from CEL
C2DE   23                     INC   hl   
C2DF   22 C4 08               LD   (COPY_DEST),hl   ;save from CEL+1
C2E2   21 FF 7F               LD   hl,TOP_RAM   ;HL = 7FFEH
C2E5   2B                     DEC   hl   
C2E6   22 C2 08               LD   (COPY_END),hl   ;save from TOP_RAM-1
C2E9   CD 0A CA               CALL   smartCopyDirect   ;do the smart update
C2EC   2A 86 08               LD   hl,(CEL)   ;get CEL
C2EF   36 00                  LD   (hl),00H   ;put zero in CEL
C2F1   C3 F8 C1               JP   setDispBuffer   ;jump back to main loop
C2F4                FNMINUS:      
C2F4                             ;shift from CEL to High RAM 1 byte down, make High RAM=0
C2F4   ED 5B 86 08            LD   de,(CEL)   ;get current CEL
C2F8   21 FF 7F               LD   hl,TOP_RAM   ;get high ram
C2FB   B7                     OR   a   ;clear carry
C2FC   ED 52                  SBC   hl,de   ;get difference
C2FE   FA F8 C1               JP   m,setDispBuffer   ;high ram < cel, exit
C301   EB                     EX   de,hl   ;set hl to CEL
C302   22 C4 08               LD   (COPY_DEST),hl   ;move to CEL
C305   23                     INC   hl   
C306   22 C0 08               LD   (COPY_START),hl   ;save from CEL+1
C309   21 FF 7F               LD   hl,TOP_RAM   ;HL = 7FFFH
C30C   22 C2 08               LD   (COPY_END),hl   ;save from TOP_RAM
C30F   CD 0A CA               CALL   smartCopyDirect   ;do the smart update
C312   21 FF 7F               LD   hl,TOP_RAM   ;get High RAM
C315   36 00                  LD   (hl),00H   ;put zero in High RAM
C317   C3 F8 C1               JP   setDispBuffer   ;jump back to main loop
C31A                FNAD:        
C31A                             ;display main menu
C31A   21 B2 D3               LD   hl,mainMenuCFG   ;set up 1G Menu
C31D   CD 9E CE               CALL   menuInit   
C320   CD 44 C6               CALL   switchMode   
C323   C3 F8 C1               JP   setDispBuffer   
C326                             ; 
C326                             ;process key press for segment data entry (A = key, HL = MCB)
C326                KEYPROCESSLCD:      
C326   FE 10                  CP   K_PLUS   ;is it the plus key
C328   20 26                  JR   nz,keyMinusLCD   ;no, try -
C32A                KEYPLUSLCD:      
C32A   3A 98 08               LD   a,(MENU_CNT)   ;get menu count
C32D   3D                     DEC   a   ;adjust for 0
C32E   47                     LD   b,a   ;save it in B
C32F   3A 97 08               LD   a,(MENU_SEL)   ;get current menu selection
C332   B8                     CP   b   ;is count = selection?
C333   CA 08 C2               JP   z,mainLoop   ;yes, ignore and return to menu
C336   3C                     INC   a   ;move to next item
C337   32 97 08               LD   (MENU_SEL),a   ;save it
C33A   4F                     LD   c,a   ;save for later
C33B   3A 96 08               LD   a,(MENU_POS)   ;get menu display position
C33E   C6 03                  ADD   a,3   ;add 3
C340   47                     LD   b,a   ;B = menu pos
C341   79                     LD   a,c   ;A = menu sel
C342   B8                     CP   b   ;if b+3>a then no change
C343   DA F8 C1               JP   c,setDispBuffer   ;yes return to menu
C346   3A 96 08               LD   a,(MENU_POS)   ;get menu display position
C349   3C                     INC   a   ;update it
C34A   32 96 08               LD   (MENU_POS),a   ;save it
C34D   C3 F8 C1               JP   setDispBuffer   ;exit and update LCD
C350                KEYMINUSLCD:      
C350   FE 11                  CP   K_MINUS   ;is it the minus key
C352   20 1A                  JR   nz,keyGoLCD   ;no, try GO
C354   3A 97 08               LD   a,(MENU_SEL)   ;get current menu selection
C357   3D                     DEC   a   ;decrease it by 1
C358   FA 08 C2               JP   m,mainLoop   ;if negative exit
C35B   32 97 08               LD   (MENU_SEL),a   ;save it
C35E   4F                     LD   c,a   ;save for later
C35F   3A 96 08               LD   a,(MENU_POS)   ;get menu display position
C362   47                     LD   b,a   ;B = menu pos
C363   79                     LD   a,c   ;A = menu sel
C364   B8                     CP   b   ;if b<a then no change
C365   D2 F8 C1               JP   nc,setDispBuffer   ;return
C368   32 96 08               LD   (MENU_POS),a   ;save it
C36B   C3 F8 C1               JP   setDispBuffer   ;exit
C36E                KEYGOLCD:      
C36E   FE 12                  CP   K_GO   ;is it the GO key
C370   20 2C                  JR   nz,keyAddressLCD   ;no, try AD
C372   CB 6E                  BIT   5,(hl)   ;check MCB for Parameter Entry
C374   28 03                  JR   z,menuGo   ;if Zero, it must be a menu
C376                             ;Parameter GO needs to pop menu and just return
C376   C3 C7 CE               JP   menuPop   ;restore to the previous menu and return back
C379                MENUGO:      
C379   3A 97 08               LD   a,(MENU_SEL)   ;get current menu selection
C37C   CD 5B CF               CALL   menuIndex   ;set HL to menu config at index A
C37F   06 01                  LD   b,01H   ;clear LCD instruction
C381   CD 7B C5               CALL   commandToLCD   ;update LCD
C384   CD 62 C5               CALL   stringToLCD   ;Display Message on LCD
C387                             ;HL is now at address to jump to
C387   7E                     LD   a,(hl)   ;fix HL
C388   23                     INC   hl   ;for executing
C389   66                     LD   h,(hl)   ;and displaying
C38A   6F                     LD   l,a   
C38B                LCDRUNNING:      
C38B   E5                     PUSH   hl   ;save HL
C38C   06 D6                  LD   b,0D6H   ;set cursor to Row 4,Col 3
C38E   CD 7B C5               CALL   commandToLCD   ;update LCD
C391   21 1C D3               LD   hl,menuGoText   ;display "  Running at: 1234  "
C394   CD 62 C5               CALL   stringToLCD   ;write text
C397   E1                     POP   hl   ;restore HL
C398   CD 95 C5               CALL   HLtoLCD   ;display HL as a string on LCD
C39B   C3 6B C2               JP   runRoutine   ;execute it safely
C39E                KEYADDRESSLCD:      
C39E   FE 13                  CP   K_ADDR   ;is key AD?
C3A0   C2 A9 C3               JP   nz,keyHexLCD   ;no, try Hex key
C3A3   CD C7 CE               CALL   menuPop   ;restore to previous menu
C3A6   C3 E8 C1               JP   softBoot   ;and return
C3A9                KEYHEXLCD:      
C3A9                             ;only applicable in Parameter mode
C3A9   CB 6E                  BIT   5,(hl)   ;check MCB
C3AB   CA 08 C2               JP   z,mainLoop   ;in Menu Mode, ignore key
C3AE   4F                     LD   c,a   ;save key press
C3AF   3A 97 08               LD   a,(MENU_SEL)   ;get current menu selection
C3B2   CD 5B CF               CALL   menuIndex   ;set HL to menu config at index A
C3B5   7E                     LD   a,(hl)   ;skip menu label
C3B6   23                     INC   hl   
C3B7   B7                     OR   a   ;is it zero
C3B8   20 FB                  JR   nz,$-3   ;repeat until zero found
C3BA   7E                     LD   a,(hl)   ;fix HL
C3BB   23                     INC   hl   ;for updating
C3BC   66                     LD   h,(hl)   
C3BD   6F                     LD   l,a   
C3BE   79                     LD   a,c   ;restore key pressed
C3BF   ED 6F                  RLD      ;shift key into lower byte of CEL
C3C1   23                     INC   hl   ;move to upper byte
C3C2   ED 6F                  RLD      ;shift carry nibble into upper byte
C3C4                             ;check if HL=COPY_START/END/DEST for RTC update
C3C4   3A 88 08               LD   a,(MCB)   ;check if RTC installed
C3C7   E6 40                  AND   MCB_RTC   ;is bit 6 set
C3C9   CA F8 C1               JP   z,setDispBuffer   ;no, just exit back
C3CC   2B                     DEC   hl   ;move HL back to original address
C3CD   3E 08                  LD   a,08H   
C3CF   94                     SUB   h   ;is address 08?
C3D0   C2 F8 C1               JP   nz,setDispBuffer   
C3D3   7D                     LD   a,l   
C3D4   D6 C0                  SUB   0C0H   ;is address C0-C4?
C3D6   FE 05                  CP   05H   ;is it > 4
C3D8   D2 F8 C1               JP   nc,setDispBuffer   
C3DB                             ;all good to update RTC
C3DB   C6 06                  ADD   a,06H   ;index A for RTC slot
C3DD   CD 5C CE               CALL   RTCSetPRAM   ;save it 
C3E0   C3 F8 C1               JP   setDispBuffer   ;exit
C3E3                             ; 
C3E3                             ; Check for Fn key pressed.
C3E3                             ; Output: Zero is set if Fn key is pressed
C3E3                CHECKFNKEY:      
C3E3   DB 03                  IN   a,(SYS_INPUT)   ;read simp buffer
C3E5   0F                     RRCA      ;check bit 0
C3E6   38 05                  JR   c,checkSecond   ;if set, matrix keyboard in use
C3E8   DB 00                  IN   a,(KEYB)   ;check keyboard latch
C3EA   E6 20                  AND   20H   ;is bit 5 set
C3EC   C9                     RET      
C3ED                CHECKSECOND:      
C3ED   3A 8E 08               LD   a,(KEY_SECOND)   ;get second key if any
C3F0   FE 02                  CP   K_FN   ;is it the FN key?
C3F2   C9                     RET      
C3F3                             ; 
C3F3                             ; Update LCD screen.  Either show a menu if LCD mode or byte information if
C3F3                             ; segment mode
C3F3                UPDATELCD:      
C3F3   06 0C                  LD   b,0CH   ;display on, cursor off
C3F5   CD 7B C5               CALL   commandToLCD   ;update LCD
C3F8   06 01                  LD   b,01H   ;clear LCD instruction
C3FA   CD 7B C5               CALL   commandToLCD   ;update LCD
C3FD   21 88 08               LD   hl,MCB   ;get the MCB
C400   CB 5E                  BIT   3,(hl)   ;is bit 3 set? LCD/Segment
C402   C2 E1 CE               JP   nz,menuDraw   ;LCD menu mode is set, draw the menu and return
C405   CB 66                  BIT   4,(hl)   ;is bit 4 set? Disassembly / Data view
C407   C2 A4 C4               JP   nz,LCDDisView   ;display Disassembly View
C40A                LCDDATAVIEW:      
C40A   CD E0 C4               CALL   setDataBase   ;set the DATA_BASE variable
C40D   11 FC FF               LD   de,0FFFCH   ;set DE to -4
C410   19                     ADD   hl,de   ;set HL = HL - 4
C411   01 04 03               LD   bc,0304H   ;three lines, four bytes
C414   11 1B D2               LD   de,LCDBaseRows   ;set de to first row
C417                LCDDATAROW:      
C417   C5                     PUSH   bc   ;save BC
C418   1A                     LD   a,(de)   ;get row value
C419   13                     INC   de   ;move to next row
C41A   47                     LD   b,a   ;set B as LCD row
C41B   CD 7B C5               CALL   commandToLCD   ;update LCD
C41E   41                     LD   b,c   ;load byte count in B
C41F   D5                     PUSH   de   ;save row table
C420   11 00 09               LD   de,DATA_ROW   ;point to Data Entry RAM
C423   CD D5 C8               CALL   genDataDump   ;fill DE with data dump line
C426   E5                     PUSH   hl   ;save HL
C427   21 00 09               LD   hl,DATA_ROW   ;point to Data Entry RAM start
C42A   CD 62 C5               CALL   stringToLCD   ;print line to LCD
C42D   E1                     POP   hl   ;get current address
C42E   D1                     POP   de   ;restore row table
C42F   C1                     POP   bc   ;restore BC
C430   10 E5                  DJNZ   LCDDataRow   ;do for all three rows
C432                             ; 
C432                             ;draw disassembly line
C432   1A                     LD   a,(de)   ;get row value
C433   47                     LD   b,a   ;set B as LCD row
C434   CD 7B C5               CALL   commandToLCD   ;update LCD
C437   CD 31 CB               CALL   calcDisAddress   ;get actual dis address from CEL
C43A   2A 90 08               LD   hl,(DIS_ADDR)   ;set DE to DIS_ADDR
C43D   22 29 09               LD   (DISFROM),hl   ;user DIS_ADDR as start address for disassembler
C440   CD BD C4               CALL   drawDisRow   ;Draw the Disassembly line
C443                             ; 
C443                             ;draw state information
C443   06 91                  LD   b,091H   ;move cursor
C445   CD 7B C5               CALL   commandToLCD   ;to top right
C448   3E 7C                  LD   a,"|"   
C44A   CD 77 C5               CALL   charToLCD   
C44D   3A 88 08               LD   a,(MCB)   
C450   4F                     LD   c,a   
C451   3E 64                  LD   a,"d"   
C453   06 05                  LD   b,05h   ;special flip bit xor "a" <-> "d"
C455   CB 51                  BIT   2,c   ;is in Data or Address mode?
C457   28 01                  JR   z,$+3   
C459   A8                     XOR   b   
C45A   CD 77 C5               CALL   charToLCD   ;Display the byte
C45D   A8                     XOR   b   ;flip it back to a or d
C45E   CD 77 C5               CALL   charToLCD   ;Display the byte
C461                             ; 
C461   06 D1                  LD   b,0D1H   ;move cursor
C463   CD 7B C5               CALL   commandToLCD   ;to far right
C466   3E 7C                  LD   a,"|"   
C468   CD 77 C5               CALL   charToLCD   
C46B   3E 20                  LD   a," "   
C46D   CD 77 C5               CALL   charToLCD   
C470   2A 86 08               LD   hl,(CEL)   ;get current byte
C473   7E                     LD   a,(HL)   ;get byte
C474   CD 77 C5               CALL   charToLCD   ;Display the byte
C477                             ; 
C477   06 A5                  LD   b,0A5H   ;move cursor
C479   CD 7B C5               CALL   commandToLCD   ;to far right
C47C   3E 7C                  LD   a,"|"   
C47E   CD 77 C5               CALL   charToLCD   
C481   3E 6E                  LD   a,"n"   
C483   CD 77 C5               CALL   charToLCD   ;Display the byte
C486   79                     LD   a,c   ;mask out lower MCB
C487   E6 03                  AND   03H   
C489   C6 30                  ADD   a,"0"   ;convert binary to ascii value
C48B   CD 77 C5               CALL   charToLCD   ;display the byte count
C48E                             ; 
C48E                             ;set cursor
C48E   ED 4B A0 08            LD   bc,(DATA_BASE)   ;load BC with DATA_BASE
C492   B7                     OR   a   ;reset carry
C493   ED 42                  SBC   hl,bc   ;get difference between HL and BC
C495   7D                     LD   a,l   ;load difference in a
C496   4F                     LD   c,a   ;save to C
C497   87                     ADD   a,a   ;double A
C498   81                     ADD   a,c   ;add C
C499   C6 C5                  ADD   a,LCD_ROW2+5   ;add 5 to set row 1, col 5
C49B   47                     LD   b,a   ;set LCD command
C49C   CD 7B C5               CALL   commandToLCD   ;move cursor to correct position
C49F   3E 7E                  LD   a,MENU_PTR   ;display ->
C4A1   C3 77 C5               JP   charToLCD   ;update LCD
C4A4                             ; 
C4A4                             ; Work out valid Disassembly start based on where CEL is.
C4A4                LCDDISVIEW:      
C4A4   CD 31 CB               CALL   calcDisAddress   ;work out Actual disassembly address from CEL
C4A7                             ;Display disassembly in 4 rows
C4A7   22 29 09               LD   (DISFROM),hl   ;Store it in the disassembler start address
C4AA   06 04                  LD   b,4   ;four lines
C4AC   11 1B D2               LD   de,LCDBaseRows   ;set DE to second row
C4AF                LCDDISROW:      
C4AF   C5                     PUSH   bc   ;save BC
C4B0   1A                     LD   a,(de)   ;get row value
C4B1   13                     INC   de   ;move to next row
C4B2   47                     LD   b,a   ;set B as LCD row
C4B3   CD 7B C5               CALL   commandToLCD   ;update LCD
C4B6   CD BD C4               CALL   drawDisRow   ;Draw the Disassembly line
C4B9   C1                     POP   bc   ;restore BC
C4BA   10 F3                  DJNZ   LCDDisRow   ;do for all four rows
C4BC   C9                     RET      
C4BD                             ; 
C4BD                             ; Update LCD with Disassembly Line: 
C4BD                             ; Input: DISFROM is to be be set, IE , ld (DISFROM),hl
C4BD                             ; Output: On LCD as current cursor: IE: "4000: LD A,34"
C4BD                             ; Destroy: HL,A
C4BD                DRAWDISROW:      
C4BD   D5                     PUSH   de   ;save row table
C4BE   CD 1D E7               CALL   disStart   ;Generate disassembly from command after CEL
C4C1   21 00 09               LD   hl,DISLINE1   ;Point to first line
C4C4   3E 3A                  LD   a,COLON   ;load A with colon
C4C6   32 04 09               LD   (DISLINE1+4),a   ;place colon after address
C4C9   3E 20                  LD   a,SPACE   ;load A with space
C4CB   32 05 09               LD   (DISLINE1+5),a   ;just display address
C4CE   AF                     XOR   a   ;zero A
C4CF   32 06 09               LD   (DISLINE1+6),a   ;just display address
C4D2   CD 62 C5               CALL   stringToLCD   ;update LCD
C4D5   21 13 09               LD   hl,DISLINE2   ;Point to second line
C4D8   CD 80 C8               CALL   stringZeroSpace   ;Place 0 at actual end of stirng
C4DB   CD 62 C5               CALL   stringToLCD   ;update LCD
C4DE   D1                     POP   de   ;restore row table
C4DF   C9                     RET      
C4E0                             ; 
C4E0                             ; Set the DATA_BASE varaible with the CEL rounded down to base hex value
C4E0                             ; Input: none
C4E0                             ; Output: DATA_BASE set
C4E0                             ; Destroy: HL
C4E0                SETDATABASE:      
C4E0   2A 86 08               LD   hl,(CEL)   ;get CEL
C4E3   7D                     LD   a,l   ;get lower byte
C4E4   E6 FC                  AND   0FCH   ;mask out two lowest bits
C4E6   6F                     LD   l,a   ;store it back to get read base adderss
C4E7   22 A0 08               LD   (DATA_BASE),hl   ;store new Base
C4EA   C9                     RET      
C4EB                             ; 
C4EB                             ; Monitor routines
C4EB                             ; ----------------
C4EB                             ; 
C4EB                             ; Product a short Beep from the speaker
C4EB                             ; Input: N/A
C4EB                             ; Destroys: A
C4EB                BEEP:        
C4EB   3A 8D 08               LD   a,(KEY_BEEP)   ;check sound flag
C4EE   B7                     OR   a   ;is it zero?
C4EF   C0                     RET   nz   ;exit if not zero
C4F0                BEEPALWAYS:      
C4F0   C5                     PUSH   bc   ;save BC
C4F1   0E 40                  LD   c,40H   ;Tone count
C4F3   AF                     XOR   a   ;clear A
C4F4                BEEPLOOP:      
C4F4   D3 01                  OUT   (DIGITS),a   ;output to segment latch
C4F6   06 40                  LD   b,40H   ;set delay
C4F8   10 FE                  DJNZ   $   ;delay
C4FA   EE 80                  XOR   80H   ;toggle speaker bit
C4FC   0D                     DEC   c   ;decrease count
C4FD   20 F5                  JR   nz,beepLoop   ;repeat until c is zero
C4FF   C1                     POP   bc   ;restore BC
C500   AF                     XOR   a   ;clear A
C501   D3 01                  OUT   (DIGITS),a   ;output to segment latch
C503   C9                     RET      
C504                             ; 
C504                             ; Move Current Editing Location in Display Buffer
C504                             ; Input: DE = current editing location
C504                             ; Destroys: HL, DE, BC
C504                CELTOSEG:      
C504   EB                     EX   de,hl   ;swap DE with HL
C505   11 80 08               LD   de,DISP_BUFF   ;point DE to display buffer
C508   7C                     LD   a,h   ;get high byte
C509   CD 11 C5               CALL   convAToSeg   ;convert A to segment
C50C   7D                     LD   a,l   ;get low byte
C50D   CD 11 C5               CALL   convAToSeg   ;convert A to segment
C510   7E                     LD   a,(hl)   ;get data value to convert
C511                             ; 
C511                             ; Convert register A to Seven Segment
C511                             ; Inputs: A = byte to convert, DE = address to store segment values (2 bytes)
C511                             ; Destroys: BC
C511                CONVATOSEG:      
C511   F5                     PUSH   af   ;save AF
C512   07                     RLCA      ;move upper nibble to lower
C513   07                     RLCA      
C514   07                     RLCA      
C515   07                     RLCA      
C516   CD 1A C5               CALL   convNibToSeg   ;convert lower nibble to segment
C519   F1                     POP   af   ;restore AF
C51A                CONVNIBTOSEG:      
C51A   E6 0F                  AND   0FH   ;mask out upper nibble
C51C   01 1F D2               LD   bc,hexToSegmentTable   ;point BC to segment table
C51F   81                     ADD   a,c   ;index table with A
C520   4F                     LD   c,a   
C521   0A                     LD   a,(bc)   ;get segment data
C522   12                     LD   (de),a   ;store segment data in DE
C523   13                     INC   de   ;move to next DE address
C524   C9                     RET      
C525                             ; 
C525                             ; Sets the Segement decimal point depending on what mode the TEC is in.
C525                             ; Either Address edit or Data edit.  And nibble data entry
C525                             ; Destroys: A, B, HL
C525                SETDOTS:      
C525   21 80 08               LD   hl,DISP_BUFF   ;point HL to address location in display buffer
C528   06 04                  LD   b,04H   ;four dots for address
C52A   3A 88 08               LD   a,(MCB)   ;get monitor control byte
C52D   CB 57                  BIT   2,a   ;check address/data bit status
C52F   20 10                  JR   nz,setDot   ;Address mode, set 4 dots
C531   06 02                  LD   b,02H   ;two dots for data
C533   21 84 08               LD   hl,DISP_DATA   ;point HL to data location in display buffer
C536   E6 03                  AND   03H   ;mask out nibble bits
C538   B7                     OR   a   ;is it zero?
C539   28 06                  JR   z,setDot   ;yes, display two dots
C53B   3D                     DEC   a   ;subract 1
C53C   B7                     OR   a   ;is it zero
C53D   20 01                  JR   nz,$+3   ;no, skip buffer move
C53F   23                     INC   hl   ;move to lower nibble of display
C540   05                     DEC   b   ;set only one dot
C541                SETDOT:      
C541   CB E6                  SET   4,(hl)   ;set segment decimal place dot ON
C543   23                     INC   hl   ;move to next segment
C544   10 FB                  DJNZ   setDot   ;repeat if necessary
C546   C9                     RET      
C547                             ; 
C547                             ; Entry to multiplex the monitor display buffer
C547                SCANDISPLAYBUFF:      
C547   11 80 08               LD   de,DISP_BUFF   ;point DE to display buffer location
C54A                             ; 
C54A                             ; Multiplex the Seven Segment displays with the contents of DE
C54A                             ; Inputs: DE = 6 byte location of segment data
C54A                             ; Destorys: A, B, DE = DE + 6
C54A                SCANSEGMENTS:      
C54A   06 20                  LD   b,00100000B   ;left most digit port address
C54C                SCANLOOP:      
C54C   1A                     LD   a,(de)   ;load A with Segment data
C54D   D3 02                  OUT   (SEGS),a   ;send it to LED Segment
C54F   78                     LD   a,b   ;get digit port address
C550   D3 01                  OUT   (DIGITS),a   ;light up digit
C552   06 40                  LD   b,40H   ;set on delay
C554   10 FE                  DJNZ   $   ;delay
C556   13                     INC   de   ;move to next buffer location
C557   47                     LD   b,a   ;save current digit reference
C558   AF                     XOR   a   ;zero A
C559   D3 01                  OUT   (DIGITS),a   ;blank digits
C55B   CB 08                  RRC   b   ;rotate digit port bit to the right
C55D   30 ED                  JR   nc,scanLoop   ;if not on last digit repeat
C55F   D3 02                  OUT   (SEGS),a   ;clear LED Segment
C561   C9                     RET      
C562                             ; 
C562                             ; ASCII string to LCD.  Writes a string to the current cursor location on the LCD
C562                             ; Inputs: HL = ASCII string terminated with zero byte
C562                             ; Destroys: A, HL (moves to end of list)
C562                STRINGTOLCD:      
C562   7E                     LD   a,(hl)   ;get ASCII character
C563   23                     INC   hl   ;move to next ASCII character
C564   B7                     OR   a   ;is it zero?
C565   C8                     RET   z   ;yes, exit
C566   EF                     RST   28H   ;wait until LCD is not busy
C567   D3 84                  OUT   (LCD_DATA),a   ;send ASCII to LCD Data port
C569   18 F7                  JR   stringToLCD   ;repeat
C56B                             ; 
C56B                             ; ASCII string to Serial.  Writes a string to the FTDI serial port 
C56B                             ; Inputs: HL = ASCII string terminated with zero byte
C56B                             ; Destroys: A, HL (moves to end of list)
C56B                STRINGTOSERIAL:      
C56B   CD 7B C6               CALL   readyToTransmit   ;set up serial for transmit
C56E                STRSERIALLOOP:      
C56E   7E                     LD   a,(hl)   ;get ASCII character
C56F   23                     INC   hl   ;move to next ASCII character
C570   B7                     OR   a   ;is it zero?
C571   C8                     RET   z   ;yes, exit
C572   CD 87 C6               CALL   txByte   ;send ASCII to serial port
C575   18 F7                  JR   strSerialLoop   ;repeat
C577                             ; 
C577                             ; ASCII character to LCD.  Writes one character to the LCD as the current curso locaiton
C577                             ; Inputs: A = ASCII character
C577                             ; Destroys: none
C577                CHARTOLCD:      
C577   EF                     RST   28H   ;wait until LCD is not busy
C578   D3 84                  OUT   (LCD_DATA),a   ;send ASCII to LCD Data port
C57A   C9                     RET      
C57B                             ; 
C57B                             ; Command to LCD.  Sends an LCD instruction to the LCD
C57B                             ; Inputs: B = Instruction byte
C57B                             ; Destroys: none
C57B                COMMANDTOLCD:      
C57B   F5                     PUSH   af   ;save AF
C57C   EF                     RST   28H   ;wait until LCD is not busy
C57D   78                     LD   a,b   ;move instruction into A
C57E   D3 04                  OUT   (LCD_INST),a   ;send byte to instruction port
C580   F1                     POP   af   ;restore AF
C581   C9                     RET      
C582                             ; 
C582                             ; LCD initialise routine to set up LCD for correct use after a reset
C582                             ; Inputs: nothing
C582                             ; Destroys: all
C582                LCDINITIALISE:      
C582   01 04 04               LD   bc,400H+LCD_INST   ;4 instructions, LCD Instruction port
C585   21 17 D2               LD   hl,LCDInitTable   ;LCD instructions table
C588   11 00 10               LD   de,1000H   
C58B   1B                     DEC   de   
C58C   7B                     LD   a,e   
C58D   B2                     OR   d   
C58E   20 FB                  JR   nz,$-3   
C590   ED A3                  OUTI      ;send it to LCD
C592   20 F4                  JR   nz,$-10   ;loop again
C594   C9                     RET      
C595                             ; 
C595                             ; HL to LCD.  Dipslay the contents of HL as a string on the LCD at the current
C595                             ; cursor location
C595                             ; Inputs: HL
C595                             ; Destroy: A
C595                HLTOLCD:      
C595   E5                     PUSH   hl   ;save HL
C596   D5                     PUSH   de   ;save DE
C597   11 00 09               LD   de,DATA_ROW   ;tmp memory storage
C59A   CD A8 C8               CALL   HLToString   ;convert HL to ASCII string in (DE)
C59D   AF                     XOR   a   ;set A = 0
C59E   12                     LD   (de),a   ;terminate string with zero
C59F   21 00 09               LD   hl,DATA_ROW   ;set HL to text address
C5A2   CD 62 C5               CALL   stringToLCD   ;write text
C5A5   D1                     POP   de   ;restore DE
C5A6   E1                     POP   hl   ;restore HL to address
C5A7   C9                     RET      
C5A8                             ; 
C5A8                             ; LCD busy check.  Checks the LCD busy flag and loops until LCD isn't busy
C5A8                             ; Inputs: nothing
C5A8                             ; Destorys: none
C5A8                LCDBUSY:      
C5A8   F5                     PUSH   af   ;save af
C5A9   DB 04                  IN   a,(LCD_INST)   ;Read status bit on LCD
C5AB   07                     RLCA      ;put bit 7 (status) in carry
C5AC   38 FB                  JR   c,$-3   ;loop if LCD is busy
C5AE   F1                     POP   af   ;restore af
C5AF   C9                     RET      
C5B0                             ; 
C5B0                             ; Universal Key input detection routine.  Responds to Hex keypad or Matrix Keyboard
C5B0                             ; Return: A = key value
C5B0                             ;         zero flag set if a key is pressed
C5B0                             ;         carry flag set if press detected of a new key
C5B0                             ;         carry flag not set for key pressed and held
C5B0                             ; Destroys: DE if using Matrix Keyboard
C5B0                SCANKEYS:      
C5B0                             ;Detect keyboard input method
C5B0   DB 03                  IN   a,(SYS_INPUT)   ;read simp buffer
C5B2   0F                     RRCA      ;check bit 0
C5B3   38 20                  JR   c,keyboardScan   ;if set, matrix keyboard in use
C5B5                             ;Check keypad for press via keyboard decoder
C5B5   E6 20                  AND   20H   ;check bit 6 (now 5) for keypress on keypad
C5B7   28 04                  JR   z,keyPress   ;bit is low, a key is pressed
C5B9   32 8A 08               LD   (KEY_PRESS),a   ;set key press to non zero
C5BC   C9                     RET      ;return non zero for no key press
C5BD                KEYPRESS:      
C5BD   3A 8A 08               LD   a,(KEY_PRESS)   ;get key press flag
C5C0   B7                     OR   a   ;has it been already pressed (held down)?
C5C1   3A 89 08               LD   a,(KEY_BUFF)   ;set a to current key pressed if returning
C5C4   C8                     RET   z   ;key pressed and held, return zero and carry not set
C5C5   AF                     XOR   a   ;clear a
C5C6   32 8A 08               LD   (KEY_PRESS),a   ;set key press flag to zero
C5C9                             ;Universal key reader
C5C9   DB 00                  IN   a,(KEYB)   ;read key pressed
C5CB   E6 3F                  AND   3FH   ;mask out high bits
C5CD   EE 20                  XOR   20H   ;flip bit 5 (Fn-key)
C5CF                KEYEXIT:      
C5CF   BF                     CP   a   ;set zero flag
C5D0   37                     SCF      ;set carry flag
C5D1   32 89 08               LD   (KEY_BUFF),a   ;save key pressed into key buffer
C5D4   C9                     RET      
C5D5                             ; 
C5D5                             ; Matrix Keyboard handler.  If no key or invalid key press
C5D5                KEYBOARDSCAN:      
C5D5   CD 1F CC               CALL   matrixScan   ;detect if key has been pressed
C5D8   28 04                  JR   z,keyboardFetch   ;yes, continue with a key press flow
C5DA   32 8A 08               LD   (KEY_PRESS),a   ;set key press to non zero
C5DD   C9                     RET      ;return non zero for no key press
C5DE                KEYBOARDFETCH:      
C5DE                             ;E = key, D = second key
C5DE   7A                     LD   a,d   ;get seocnd key press if any
C5DF   32 8E 08               LD   (KEY_SECOND),a   ;store second key press
C5E2   7B                     LD   a,e   ;get first key press
C5E3                             ;Need to check if key is 0-F, +, -, GO or AD
C5E3                             ;0-9 = 13H-1CH, A-F = 24H-29H
C5E3                             ;AD = 3 or C, GO = 4 or A, - = 5, + = 6
C5E3   FE 2A                  CP   2AH   ;is it greater than 29H?
C5E5   30 4B                  JR   nc,keyBad   ;yes, return with non zero
C5E7   FE 24                  CP   24H   ;is it greater than 24H? (in range)
C5E9   38 04                  JR   c,keyNumber   ;no, could be a number
C5EB   D6 1A                  SUB   1AH   ;adjust alpha to be A-F
C5ED   18 2A                  JR   keyGood   ;clean exit
C5EF                KEYNUMBER:      
C5EF   FE 1D                  CP   1DH   ;is it greater than 1CH?
C5F1   30 3F                  JR   nc,keyBad   ;yes, return with non zero
C5F3   FE 13                  CP   13H   ;is it greater than 13H? (in range)
C5F5   38 04                  JR   c,keySpecial   ;no, could be special key
C5F7   D6 13                  SUB   13H   ;adjust for number 0-9
C5F9   18 1E                  JR   keyGood   ;clean exit
C5FB                KEYSPECIAL:      
C5FB   FE 0C                  CP   0CH   ;is it ESC?
C5FD   20 04                  JR   nz,$+6   ;no, keep checking
C5FF   3E 13                  LD   a,K_ADDR   ;set key to AD
C601   18 16                  JR   keyGood   ;clean exit
C603   FE 0A                  CP   0AH   ;is it Enter?
C605   20 04                  JR   nz,$+6   ;no, keep checking
C607   3E 12                  LD   a,K_GO   ;set key to GO
C609   18 0E                  JR   keyGood   ;clean exit
C60B   FE 07                  CP   07H   ;is it greater than 06H?
C60D   30 23                  JR   nc,keyBad   ;yes, return with non zero
C60F   FE 05                  CP   05H   ;is it less than 5?
C611   38 1F                  JR   c,keyBad   ;yes, return with non zero
C613   D6 03                  SUB   3   ;subtract 3
C615   EE 03                  XOR   03H   ;flip bits
C617   C6 10                  ADD   a,10H   ;adjust special to be 10H-13H
C619                KEYGOOD:      
C619   5F                     LD   e,a   ;store key
C61A   3A 8A 08               LD   a,(KEY_PRESS)   ;get key press flag
C61D   B7                     OR   a   ;has it been already pressed (held down)?
C61E   3A 89 08               LD   a,(KEY_BUFF)   ;set a to current key pressed if returning
C621   C8                     RET   z   ;key pressed and held, return zero and carry not set
C622   AF                     XOR   a   ;clear a
C623   32 8A 08               LD   (KEY_PRESS),a   ;set key press flag to zero
C626   7A                     LD   a,d   ;check for Fn key
C627   FE 02                  CP   K_FN   ;is it function?
C629   3E 00                  LD   a,0   ;reset A but not flags
C62B   20 02                  JR   nz,$+4   ;skip adding function
C62D   3E 20                  LD   a,00100000B   ;set bit 5
C62F   83                     ADD   a,e   ;restore key
C630   18 9D                  JR   keyExit   ;clean exit
C632                KEYBAD:      
C632   F6 01                  OR   1   ;reset zero flag
C634   C9                     RET      ;return non zero for invalid key press
C635                             ; 
C635                             ; Scan keys and wait until key released to get next key
C635                             ; Input: none
C635                             ; Return: A = key pressed
C635                             ;         Zero flag is set
C635                             ; Destroys: DE if using Matrix Keyboard
C635                SCANKEYSWAIT:      
C635   CD B0 C5               CALL   scanKeys   ;check for key pressed
C638   3A 8A 08               LD   a,(KEY_PRESS)   ;is a key currently pressed?
C63B   B7                     OR   a   ;is it zero (pressed)
C63C   28 F7                  JR   z,scanKeysWait   ;repeat until key is released
C63E   CD B0 C5               CALL   scanKeys   ;check for key pressed
C641   20 FB                  JR   nz,$-3   ;repeat scanKeys until a key is pressed
C643   C9                     RET      
C644                             ; 
C644                             ; Toggles LCD Menu or Segment Data entry mode
C644                SWITCHMODE:      
C644   3A 88 08               LD   a,(MCB)   ;get MCB
C647   EE 08                  XOR   MCB_LCD_SEG   ;toggle Bit 3
C649   CB AF                  RES   5,a   ;reset Parameter bit
C64B   32 88 08               LD   (MCB),a   ;save it back
C64E   C9                     RET      
C64F                             ; 
C64F                             ; Toggles Data Entry View or Disassembler View
C64F                SWITCHVIEW:      
C64F   3A 88 08               LD   a,(MCB)   ;get MCB
C652   EE 10                  XOR   MCB_DIS_DE   ;toggle Bit 4
C654   32 88 08               LD   (MCB),a   ;save it back
C657   C9                     RET      
C658                             ; 
C658                             ; ASCII to Segment.  Converts an ASCII character to Seven Segment character
C658                             ; Input: A = ASCII character
C658                             ; Return: A = Segment character or 0 if out of range
C658                             ; Destroys: none
C658                ASCIITOSEGMENT:      
C658   D6 20                  SUB   20H   ;adjust for table lookup
C65A   38 04                  JR   c,a2sExit   ;out of range
C65C   FE 60                  CP   60H   ;check upper range
C65E   38 02                  JR   c,a2sLookup   ;okay
C660                A2SEXIT:      
C660   AF                     XOR   a   ;set return value to zero
C661   C9                     RET      
C662                A2SLOOKUP:      
C662   E5                     PUSH   hl   ;save HL
C663   21 4F D2               LD   hl,ASCIISegTable   ;point hl to ASCII segment table
C666   85                     ADD   a,l   ;index l
C667   6F                     LD   l,a   ;save l
C668   7E                     LD   a,(hl)   ;get value in table
C669   E1                     POP   hl   ;restore HL
C66A   C9                     RET      ;exit
C66B                             ; 
C66B                             ; Software ID.  Get Software ID String
C66B                             ; Input: nothing
C66B                             ; Return: HL = Pointer to SOFTWARE ASCIIZ String
C66B                             ; Destroys: none
C66B                SOFTWAREID:      
C66B   21 F0 FF               LD   hl,SOFTWARE   ;return the ID string pointer
C66E   C9                     RET      
C66F                             ; 
C66F                             ; Version ID.  Get Version Number and Version String
C66F                             ; Input: nothing
C66F                             ; Return: HL = Pointer to Release ASCIIZ String
C66F                             ;         BC = Release major version number
C66F                             ;         DE = Release minor version number
C66F                             ; Destroys: none
C66F                VERSIONID:      
C66F   21 F8 FF               LD   hl,RELEASE   ;return the ID string pointerB
C672   ED 4B EC FF            LD   bc,(RELMAJOR)   ;return major version as a number
C676   ED 5B EE FF            LD   de,(RELMINOR)   ;return minor version as a number
C67A   C9                     RET      
C67B                             ; 
C67B                             ; Set serial for Ready To Transmit.  Must be called prior to any TEC to Serial
C67B                             ; routine
C67B                             ; Input: none
C67B                             ; Destroy: A
C67B                READYTOTRANSMIT:      
C67B   CD 02 CE               CALL   serialEnable   ;enable serial
C67E   E5                     PUSH   hl   ;save hl
C67F   21 00 20               LD   hl,2000H   ;small
C682   CD E2 C6               CALL   timeDelay   ;delay
C685   E1                     POP   hl   ;restore HL
C686   C9                     RET      
C687                             ; 
C687                             ; Bit Bang FTDI USB tranmit routine.  Transmit one byte via the FTDI USB serial
C687                             ; connection.  It assumes a uart connection of 4800-8-N-2
C687                             ; Input: A = byte to transmit
C687                             ; Output: nothing
C687                             ; Destroy: none
C687                TXBYTE:      
C687   F5                     PUSH   af   ;save AF
C688   C5                     PUSH   bc   ;save BC
C689   E5                     PUSH   hl   ;save HL
C68A   21 1B 00               LD   hl,BAUD   ;set HL to Baud delay
C68D   4F                     LD   c,a   ;save transmit byte in C
C68E                             ;transmit the start bit
C68E   AF                     XOR   a   ;clear A
C68F   D3 01                  OUT   (DIGITS),a   ;pull D6 low
C691   D3 02                  OUT   (SEGS),a   ;output to disco leds
C693   CD E2 C6               CALL   timeDelay   ;do a baud delay
C696                             ;transmit the byte
C696   06 08                  LD   b,8   ;eight bits to send
C698   CB 09                  RRC   c   ;move fist bit into carry flag
C69A                SENDBIT:      
C69A   CB 09                  RRC   c   ;shift to bit 6
C69C   79                     LD   a,c   ;load byte in A
C69D   E6 40                  AND   40H   ;mask out all bits except 6
C69F   D3 01                  OUT   (DIGITS),a   ;output the bit
C6A1   D3 02                  OUT   (SEGS),a   ;output to disco leds
C6A3   CD E2 C6               CALL   timeDelay   ;do a baud delay
C6A6   10 F2                  DJNZ   sendBit   ;send next bit
C6A8                             ;transmit stop bits
C6A8   3E 40                  LD   a,40H   ;set bit
C6AA   D3 01                  OUT   (DIGITS),a   ;output the bit
C6AC   D3 02                  OUT   (SEGS),a   ;output to disco leds
C6AE   CD E2 C6               CALL   timeDelay   ;do a baud delay
C6B1   CD E2 C6               CALL   timeDelay   ;do a baud delay x2 (two stop bits)
C6B4   E1                     POP   hl   ;restore HL
C6B5   C1                     POP   bc   ;restore BC
C6B6   F1                     POP   af   ;restore AF
C6B7   C9                     RET      
C6B8                             ; 
C6B8                             ; Bit Bang FTDI USB receive routine.  Receive one byte via the FTDI USB serial
C6B8                             ; connection.  It assumes a uart connection of 4800-8-N-2
C6B8                             ; Input: nothing
C6B8                             ; Return: A = byte received
C6B8                             ; Destroy: none
C6B8                RXBYTE:      
C6B8   C5                     PUSH   bc   ;save BC
C6B9   E5                     PUSH   hl   ;save HL
C6BA                STARTBIT:      
C6BA   DB 03                  IN   a,(SYS_INPUT)   ;read system input for High to Low on Bit 7
C6BC   07                     RLCA      ;put bit 7 (TX line) in carry
C6BD   38 FB                  JR   c,startBit   ;loop if TX line is high
C6BF                             ;start bit detected
C6BF   21 1B 00               LD   hl,BAUD   ;set HL to Baud delay
C6C2   CB 3C                  SRL   h   ;half the delay
C6C4   CB 1D                  RR   l   
C6C6   CD E2 C6               CALL   timeDelay   ;do a baud delay
C6C9   DB 03                  IN   a,(SYS_INPUT)   ;get start bit
C6CB   07                     RLCA      ;move bit 7 into carry
C6CC   38 EC                  JR   c,startBit   ;start bit too short, try again
C6CE                             ;valid start bit detected
C6CE   06 08                  LD   b,8   ;eight bits to receive
C6D0                GETBIT:      
C6D0   21 1B 00               LD   hl,BAUD   ;set HL to Baud delay
C6D3   CD E2 C6               CALL   timeDelay   ;do a baud delay
C6D6   DB 03                  IN   a,(SYS_INPUT)   ;get data bit
C6D8   07                     RLCA      ;move bit 7 into carry
C6D9   CB 19                  RR   c   ;rotate register C and put carry in bit 7
C6DB   10 F3                  DJNZ   getBit   ;get next bit
C6DD   79                     LD   a,c   ;load byte C to A
C6DE   B7                     OR   a   ;clear carry flag
C6DF   E1                     POP   hl   ;restore HL
C6E0   C1                     POP   bc   ;restore BC
C6E1   C9                     RET      
C6E2                             ; 
C6E2                             ; Time delay.  16-bit Delay routine
C6E2                             ; Input: HL = delay amount
C6E2                             ; Destroy: none
C6E2                TIMEDELAY:      
C6E2   E5                     PUSH   hl   ;save HL
C6E3   D5                     PUSH   de   ;save DE
C6E4   11 01 00               LD   de,1   ;load DE with 1
C6E7   ED 52                  SBC   hl,de   ;subtract 1 from HL
C6E9   D2 E7 C6               JP   nc,$-2   ;repeat subtraction until HL=0
C6EC   D1                     POP   de   ;restore DE
C6ED   E1                     POP   hl   ;restore HL
C6EE   C9                     RET      
C6EF                             ; 
C6EF                             ; INTEL Hex Load Routine.
C6EF                             ; Intel Hex file format is a string of ASCII with the following parts:
C6EF                             ; MARK | LENGTH | ADDRESS | RECORD TYPE | DATA | CHECKSUM
C6EF                             ; :10200000210621CD7D20CD98203A00213C320021AF <- EXAMPLE LINE
C6EF                             ; MARK is a colon character, LENGTH is the number of bytes per line, ADDRESS  is
C6EF                             ; the 2 byte address of where the data is to be stored.  RECORD TYPE is 00 for
C6EF                             ; Data and 01 for EOF.  DATA is the bytes to be stored.  CHECKSUM is the addition of
C6EF                             ; all bytes in the one line.
C6EF                             ; Input: nothing
C6EF                             ; Output: nothing
C6EF                             ; Destroy: HL,DE,BC,A
C6EF                INTELHEXLOAD:      
C6EF   3A 9D 08               LD   a,(SYS_MODE)   ;reset hardware to MONitor mode
C6F2   47                     LD   b,a   
C6F3   3E 02                  LD   a,PROTECT   ;Disable PROTECT during load
C6F5   2F                     CPL      
C6F6   A0                     AND   b   
C6F7   D3 FF                  OUT   (SYS_CTRL),a   
C6F9   CD 07 C7               CALL   intelLoader   ;call the load routine, set zero if passed
C6FC   3A 9D 08               LD   a,(SYS_MODE)   ;reset hardware to MONitor mode
C6FF   D3 FF                  OUT   (SYS_CTRL),a   
C701   CA 13 CC               JP   z,displayPass   ;if checksum good then display pass
C704   C3 0D CC               JP   displayError   ;else display error
C707                             ; 
C707                             ; Intel Hex Load Routine.
C707                             ; Returns: Zero Flag set = Pass, Zero Flag not set = Fail
C707                INTELLOADER:      
C707   AF                     XOR   a   ;zero A
C708   4F                     LD   c,a   ;clear checksum
C709                             ;Get header information
C709                INTELMARK:      
C709   CD B8 C6               CALL   rxByte   ;Get Byte from FTDI USB driver
C70C   FE 3A                  CP   ":"   ;Is byte received a colon?
C70E   20 F9                  JR   nz,intelMark   ;No, loop until a colon is found
C710   CD 3E C7               CALL   getHexByte   ;Convert ASCII to Byte (Length)
C713   47                     LD   b,a   ;Store Record Length in B
C714   CD 3E C7               CALL   getHexByte   ;Convert ASCII to Byte (Destination address)
C717   67                     LD   h,a   ;Store High Address byte in H
C718   CD 3E C7               CALL   getHexByte   ;Convert ASCII to Byte (Destination address)
C71B   6F                     LD   l,a   ;Store Low Address byte in L
C71C                             ; 
C71C                             ;Display indication that file is loading
C71C   D3 02                  OUT   (SEGS),a   ;load low address byte to segments
C71E   3E 01                  LD   a,1   ;set first segment
C720   D3 01                  OUT   (DIGITS),a   ;light up first segment
C722                             ; 
C722   CD 3E C7               CALL   getHexByte   ;Convert ASCII to Byte (Record Type)
C725   20 11                  JR   nz,intelCheckSum   ;Anything non zero treat as EOF
C727                             ; 
C727                             ;C=checksum, B=number of bytes, HL=destination address
C727                             ;Load bytes to (HL), B times
C727                INTELLOAD:      
C727   CD 3E C7               CALL   getHexByte   ;Convert ASCII to Byte (Data)
C72A   77                     LD   (hl),a   ;store data in RAM
C72B   57                     LD   d,a   ;copy A to D for later checking
C72C   7E                     LD   a,(hl)   ;read back value stored
C72D   BA                     CP   d   ;check if we stored the value successfully
C72E   C0                     RET   nz   ;exit with ZF not set if the store value check failed
C72F   23                     INC   hl   ;move to next RAM location
C730   10 F5                  DJNZ   intelLoad   ;repeat until B=0
C732   CD 38 C7               CALL   intelCheckSum   ;Get checksum value
C735   28 D0                  JR   z,intelLoader   ;Line is processed and okay, get next line
C737   C9                     RET      ;Exit with zero flag not set (load error)
C738                             ; 
C738                INTELCHECKSUM:      
C738   CD 3E C7               CALL   getHexByte   ;Convert ASCII to Byte (Checksum)
C73B   79                     LD   a,c   ;Final Checksum is zero if okay
C73C   B7                     OR   a   ;set zero flag
C73D   C9                     RET      ;get next line or exit
C73E                             ; 
C73E                             ;Get ASCII character from FTDI AND convert it to a byte
C73E                             ;IE: "D3" -> 0D3H
C73E                GETHEXBYTE:      
C73E   CD 4F C7               CALL   getHexChar   ;Get first Hex character from FTDI
C741   07                     RLCA      ;Move lower nibble
C742   07                     RLCA      ;(first character)
C743   07                     RLCA      ;to upper
C744   07                     RLCA      ;nibble in A
C745   57                     LD   d,a   ;store it in D
C746   CD 4F C7               CALL   getHexChar   ;Get second Hex character from FTDI
C749   B2                     OR   d   ;make a byte
C74A                             ;add byte to checksum
C74A   F5                     PUSH   af   ;save AF
C74B   81                     ADD   a,c   ;add existing checksum C to current byte
C74C   4F                     LD   c,a   ;load total back to C
C74D   F1                     POP   af   ;restore AF
C74E   C9                     RET      
C74F                GETHEXCHAR:      
C74F   CD B8 C6               CALL   rxByte   ;Get Byte from FTDI USB driver
C752   CB 77                  BIT   6,a   ;is the chracter 0-9 or A-F?
C754   28 02                  JR   z,$+4   ;Its 0-9 skip A-F adjustment
C756   C6 09                  ADD   a,9   ;add 9 to fix A-F
C758   E6 0F                  AND   0FH   ;mask out high nibble and convert to binary
C75A   C9                     RET      
C75B                             ; 
C75B                             ; SIO Hex Dump.  Transfer data on the TEC to a serial terminal
C75B                             ; Destroys: A,HL,DE,BC
C75B                DATATOSERIAL:      
C75B   CD 82 C7               CALL   getToFrom   ;collect parameters
C75E                             ; transmits data from HL for BC bytes
C75E                SENDTOSERIAL:      
C75E   CD 7B C6               CALL   readyToTransmit   ;set up serial for transmit
C761                SENDLOOP:      
C761   7E                     LD   a,(hl)   ;load A with data
C762   CD 87 C6               CALL   txByte   ;transmit it to FTDI
C765   ED A1                  CPI      ;inc HL, dec BC
C767   EA 61 C7               JP   pe,sendLoop   ;repeat until BC=0
C76A   C9                     RET      ;all done
C76B                             ; send to serial Entry for API
C76B                             ; Input: HL = start address
C76B                             ;        DE = length in bytes
C76B                SENDTOSERIALAPI:      
C76B   D5                     PUSH   de   ;make BC = DE
C76C   C1                     POP   bc   
C76D   C3 5E C7               JP   sendToSerial   
C770                             ; 
C770                             ; SIO receive data.  Receive binary data from FTDI
C770                DATAFROMSERIAL:      
C770   CD 82 C7               CALL   getToFrom   ;collect parameters
C773                RECEIVEFROMSERIAL:      
C773   CD B8 C6               CALL   rxByte   ;get byte from serial
C776   77                     LD   (hl),a   ;load byte into HL
C777   ED A1                  CPI      ;inc HL, dec BC
C779   EA 73 C7               JP   pe,receiveFromSerial   ;repeat until BC=0
C77C   C9                     RET      ;all done
C77D                             ; receive from serial Entry for API
C77D                             ; Input: HL = start address
C77D                             ;        DE = length in bytes
C77D                RECEIVEFROMSERIALAPI:      
C77D   D5                     PUSH   de   ;make BC = DE
C77E   C1                     POP   bc   
C77F   C3 73 C7               JP   receiveFromSerial   
C782                             ; 
C782                             ; Collect Address To and From information from user via the LCD interface
C782                             ; Stores From at DATA_FROM (08C0H) and To at DATA_TO (08C2H)
C782                             ; Output: HL = start address
C782                             ;         BC = length of end - start+1
C782                             ; Note: if end < start (error) then call error handler
C782                             ; Destroys: DE
C782                GETTOFROM:      
C782   21 93 C7               LD   hl,dataRangeParams   
C785   CD 7E CF               CALL   paramDriver   ;collect parameters
C788   21 C0 08               LD   hl,DATA_FROM   ;check parameters
C78B   CD EC C8               CALL   checkStartEnd   ; 
C78E   D0                     RET   nc   ;All good, continue
C78F   E1                     POP   hl   ;remove call return from stack
C790   C3 0D CC               JP   displayError   ;display error if end < start
C793                             ; 
C793                DATARANGEPARAMS:      
C793   02                     DB   2   ;Three parameters
C794   45 6E 74 65 72 20      DB   "Enter "   ;7seg Text
C79A   3D 20 45 6E 74 65 72 20 50 61 72 61 6D 65 74 65 72 73 20 3D 00 DB   "= Enter Parameters =",0   ;Parameter title
C7AF   46 72 6F 6D 20 41 64 64 72 65 73 73 3A 00 DB   "From Address:",0   ;Text and Address
C7BD   C0 08                  DW   DATA_FROM   
C7BF   54 6F 20 41 64 64 72 65 73 73 3A 00 DB   "To Address:",0   ;Text and Address
C7CB   C2 08                  DW   DATA_TO   
C7CD                             ; 
C7CD                             ; Send Disassembly to serial terminal
C7CD                             ; Destroys: All
C7CD                ASSEMBLYTOSERIAL:      
C7CD   CD 82 C7               CALL   getToFrom   ;collect parameters
C7D0                             ; prints assemblybetween DATA_FROM / DATA_TO to the serial terminal.  Can
C7D0                             ; be called externally provided DATA_FROM/TO (08C0-08C3) are populated.
C7D0                SENDASSEMBLY:      
C7D0   CD 7B C6               CALL   readyToTransmit   ;set up serial for transmit
C7D3   2A C0 08               LD   hl,(DATA_FROM)   ;get start address
C7D6   22 29 09               LD   (DISFROM),hl   ;save start in DIS_FROM
C7D9                ASSEMBLYLOOP:      
C7D9   CD 1D E7               CALL   disStart   ;generate Disassembly
C7DC   21 00 09               LD   hl,DISLINE1   ;get string
C7DF   06 26                  LD   b,38   ;38 characters
C7E1   7E                     LD   a,(hl)   ;load A with data
C7E2   CD 87 C6               CALL   txByte   ;transmit it to FTDI
C7E5   23                     INC   hl   ;move to next location
C7E6   10 F9                  DJNZ   $-5   ;repeat 38 times
C7E8   3E 0D                  LD   a,CR   ;carriage return
C7EA   CD 87 C6               CALL   txByte   ;send CR
C7ED   3E 0A                  LD   a,LF   ;line feed
C7EF   CD 87 C6               CALL   txByte   ;send LF
C7F2   2A 29 09               LD   hl,(DISFROM)   ;get current start
C7F5   ED 5B C2 08            LD   de,(DATA_TO)   ;get end address
C7F9   B7                     OR   a   ;clear carry
C7FA   ED 52                  SBC   hl,de   ;check difference between
C7FC   19                     ADD   hl,de   ;start and end address
C7FD   38 DA                  JR   c,assemblyLoop   ;if not zero then loop
C7FF   C9                     RET      ;all done
C800                             ; send assembly to serial Entry for API
C800                             ; Input: HL = start address
C800                             ;        DE = length in bytes
C800                SENDASSEMBLYAPI:      
C800   22 29 09               LD   (DISFROM),hl   ;save start in DIS_FROM
C803   19                     ADD   hl,de   ;get end address
C804   22 C2 08               LD   (DATA_TO),hl   ;get end address
C807   CD 7B C6               CALL   readyToTransmit   ;set up serial for transmit
C80A   C3 D9 C7               JP   assemblyLoop   
C80D                             ; Send a traditional HEX dump to the serial terminal.
C80D                             ; Input: none
C80D                             ; Output: text to  serial
C80D                             ; Destroy: All
C80D                HEXDUMPTOSERIAL:      
C80D   CD 82 C7               CALL   getToFrom   ;collect parameters
C810   CD 7B C6               CALL   readyToTransmit   ;set up serial for transmit
C813                SENDHEX:      
C813   E5                     PUSH   hl   ;store current address
C814   C5                     PUSH   bc   ;store byte count
C815   E1                     POP   hl   ;HL = BC
C816   11 F0 FF               LD   de,-16   ;load DE with minus 16
C819   19                     ADD   hl,de   ;reduce hl by 16
C81A   1E 10                  LD   e,16   
C81C   38 03                  JR   c,hexMore   
C81E   C5                     PUSH   bc   
C81F   E1                     POP   hl   
C820   59                     LD   e,c   
C821                HEXMORE:      
C821   E3                     EX   (sp),hl   ;get current address, store bytes remaining
C822   43                     LD   b,e   ;byte count
C823   11 00 09               LD   de,DATA_ROW   ;point to Data Entry RAM
C826   CD D5 C8               CALL   genDataDump   ;fill DE with data dump line
C829   E5                     PUSH   hl   ;store next address
C82A   21 00 09               LD   hl,DATA_ROW   ;make HL = start or data row
C82D                HEXTEXTLOOP:      
C82D   7E                     LD   a,(hl)   ;get ASCII
C82E   23                     INC   hl   ;move to next address
C82F   B7                     OR   a   ;is it zero
C830   28 05                  JR   z,skipHex   ;yes, skip sending to serial
C832   CD 87 C6               CALL   txByte   ;send byte to serial
C835   18 F6                  JR   hexTextloop   ;repeat
C837                SKIPHEX:      
C837   3E 0D                  LD   a,CR   ;carriage return
C839   CD 87 C6               CALL   txByte   ;send CR
C83C   3E 0A                  LD   a,LF   ;line feed
C83E   CD 87 C6               CALL   txByte   ;send LF
C841   D1                     POP   de   ;restore next start address
C842   C1                     POP   bc   ;restore bytes remaining
C843   2A C2 08               LD   hl,(DATA_TO)   ;get end address
C846   B7                     OR   a   
C847   ED 52                  SBC   hl,de   ;check difference
C849   C8                     RET   z   ;return if all done
C84A   D8                     RET   c   ;return if all done
C84B   EB                     EX   de,hl   ;set hl to new start address
C84C   18 C5                  JR   sendHex   ;repeat until all bytes are printed
C84E                             ; send hex dump to serial Entry for API
C84E                             ; Input: HL = start address
C84E                             ;        DE = length in bytes
C84E                SENDHEXAPI:      
C84E   D5                     PUSH   de   ;make BC = DE
C84F   C1                     POP   bc   
C850   EB                     EX   de,hl   ;set HL for add
C851   19                     ADD   hl,de   ;get end address
C852   22 C2 08               LD   (DATA_TO),hl   ;put end address in RAM
C855   EB                     EX   de,hl   ;restore HL  
C856   CD 7B C6               CALL   readyToTransmit   ;set up serial for transmit
C859   C3 13 C8               JP   sendHex   
C85C                             ; 
C85C                             ; Display 7Seg Message.  Display data on the Seven Segment Display and 
C85C                             ; maintain display until a key is pressed
C85C                             ; Input: HL = 6 byte Segment Data pointer
C85C                             ; Destroy: ALL
C85C                DISPLAY7SEGS:      
C85C   11 80 08               LD   de,DISP_BUFF   ;set destination to display buffer
C85F   01 06 00               LD   bc,6   ;size bytes
C862   ED B0                  LDIR      ;fill display buffer with text
C864   CD B0 C5               CALL   scanKeys   ;check for key pressed
C867   3A 8A 08               LD   a,(KEY_PRESS)   ;is a key currently pressed?
C86A   B7                     OR   a   ;is it zero (pressed)
C86B   28 F7                  JR   z,$-7   ;repeat until key is released
C86D                DISPLAYLOOP:      
C86D   CD 47 C5               CALL   scanDisplayBuff   ;Multiplex the seven segments
C870   CD B0 C5               CALL   scanKeys   ;Scan for key press
C873   20 F8                  JR   nz,displayLoop   ;Repeat scan until key pressed
C875   C9                     RET      
C876                             ; 
C876                             ; Compare strings utility
C876                             ; HL = source
C876                             ; DE = target
C876                             ; B = #bytes to compare (up to 256)
C876                             ; 
C876                             ; Z = compare match
C876                             ; NZ = compare fail
C876                             ; 
C876                             ; destroys HL, DE, A, BC
C876                STRINGCOMPARE:      
C876   7E                     LD   a,(hl)   ;Load Source into A
C877   4F                     LD   c,a   ;Store in C
C878   1A                     LD   a,(de)   ;Load compare into A
C879   B9                     CP   c   ;A==C ?
C87A   C0                     RET   nz   ;No - so edxt with Z flag reset
C87B   23                     INC   hl   ;Yes - move on to next byte
C87C   13                     INC   de   ;Next byte
C87D   10 F7                  DJNZ   stringCompare   ;Loop around till B=0 (check whole string)
C87F   C9                     RET      ;Matched, so return with Z flag set
C880                             ; 
C880                             ; Defaults to check for double ASCII space
C880                STRINGZEROSPACE:      
C880   3E 20                  LD   a,SPACE   ;Space and fall through.         
C882                             ; Place a zero at then end of a string.  Routine checks for two bytes
C882                             ; in a row that are the same and when found, will place a zero in the first 
C882                             ; byte found.  If no byte found within 20 characters then exit with no update
C882                             ; Input: A = byte value to check, usually 0 or " "
C882                             ;        HL = pointer to ASCII string
C882                             ; Output: Zero Set = Updated HL
C882                             ;         Zero not set = No match found
C882                             ; Destroys: A
C882                STRINGZERO:      
C882   C5                     PUSH   bc   ;save BC
C883   E5                     PUSH   hl   ;save HL
C884   01 14 00               LD   bc,20   ;twenty goes (LCD width)
C887                SZ1:         
C887   ED B1                  CPIR      ;find a matching byte
C889   20 06                  JR   nz,sZ2   ;if non zero here, no byte match and BC=0, just exit
C88B   BE                     CP   (hl)   ;compare with next value
C88C   20 F9                  JR   nz,sZ1   ;Nope, try again
C88E   2B                     DEC   hl   ;go back to first match
C88F   AF                     XOR   a   ;set A=0
C890   77                     LD   (hl),a   ;make it zero
C891                SZ2:         
C891   E1                     POP   hl   ;restore HL
C892   C1                     POP   bc   ;restore BC
C893   C9                     RET      
C894                             ; 
C894                             ; Count the number of ASCII spaces in a zero terminated string
C894                             ; Input: HL = pointer to string
C894                             ; Output: A = number of spaces
C894                STRINGSPACES:      
C894   C5                     PUSH   bc   ;save BC
C895   E5                     PUSH   hl   ;save HL
C896   0E 00                  LD   c,0   ;counter
C898                STRSPLOOP:      
C898   7E                     LD   a,(hl)   ;get value
C899   B7                     OR   a   ;is it zero?
C89A   20 04                  JR   nz,strSpCheck   ;no
C89C   79                     LD   a,c   ;set return value
C89D   E1                     POP   hl   ;restore HL
C89E   C1                     POP   bc   ;restore BC
C89F   C9                     RET      ;exit
C8A0                STRSPCHECK:      
C8A0   FE 20                  CP   SPACE   ;is it a space
C8A2   23                     INC   hl   ;move to next address
C8A3   20 F3                  JR   nz,strSpLoop   ;loop again if not space
C8A5   0C                     INC   c   ;increase space counter
C8A6   18 FB                  JR   $-3   ;loop again, c = non zero
C8A8                             ; 
C8A8                             ; Convert HL to ASCII string. IE: 2CH -> "2C"
C8A8                             ; Input: HL = value to convert
C8A8                             ;        DE = address of string destination
C8A8                             ; Output: DE = address one after last ASCII entry
C8A8                             ; Destroys: A
C8A8                HLTOSTRING:      
C8A8   7C                     LD   a,h   ;get H
C8A9   CD AD C8               CALL   AToString   ;convert to String
C8AC   7D                     LD   a,l   ;get L
C8AD                             ; 
C8AD                             ; Convert A to ASCII string
C8AD                             ; Input: A = byte to convert
C8AD                             ;        DE = address of string destination
C8AD                             ; Output: DE = address one after last ASCII entry
C8AD                             ; Destroys: A
C8AD                ATOSTRING:      
C8AD   F5                     PUSH   af   ;save AF
C8AE   1F                     RRA      ;move high
C8AF   1F                     RRA      ;nibble to low nibble
C8B0   1F                     RRA      
C8B1   1F                     RRA      
C8B2   CD B6 C8               CALL   lowNibToString   ;get lower nibble and save in DE
C8B5   F1                     POP   af   ;restore AF
C8B6                LOWNIBTOSTRING:      
C8B6   E6 0F                  AND   0FH   ;mask out high nibble
C8B8   C6 90                  ADD   a,90H   ;convert to
C8BA   27                     DAA      ;ASCII
C8BB   CE 40                  ADC   a,40H   ;using this
C8BD   27                     DAA      ;amazing routine
C8BE   12                     LD   (de),a   ;save in DE
C8BF   13                     INC   de   ;move to next DE
C8C0   C9                     RET      ;exit back
C8C1                             ; 
C8C1                             ; convert register A to ASCII. IE: 2CH -> "2C"
C8C1                             ; Input: A = byte to convert
C8C1                             ; Output: HL = two byte ASCII string
C8C1                             ; Destroys: A
C8C1                REGATOASCII:      
C8C1   F5                     PUSH   af   ;save AF
C8C2   0F                     RRCA      ;move high 
C8C3   0F                     RRCA      ;nibble to
C8C4   0F                     RRCA      ;low
C8C5   0F                     RRCA      ;nibble
C8C6   CD CB C8               CALL   nibble2ASCII   ;call nib to ASCII routine
C8C9   65                     LD   h,l   ;move upper nibble to H
C8CA   F1                     POP   af   
C8CB                NIBBLE2ASCII:      
C8CB   E6 0F                  AND   0FH   ;mask out high nibble
C8CD   C6 90                  ADD   a,90H   ;convert to
C8CF   27                     DAA      ;ASCII
C8D0   CE 40                  ADC   a,40H   ;using this
C8D2   27                     DAA      ;amazing routine
C8D3   6F                     LD   l,a   ;store in L
C8D4   C9                     RET      ;exit
C8D5                             ; 
C8D5                             ; Generate data dump in ASCII.  Print Address and then C number of bytes
C8D5                             ; Input: B = number of bytes to display
C8D5                             ;        HL = start address of data dump
C8D5                             ;        DE = address of string destination
C8D5                             ; Output: DE = zero terminated address one after last ASCII entry
C8D5                             ;           IE: "4000: 23 34 45 56 78 9A BC DE",0
C8D5                             ; Destroys: A, HL (moves to next address after last byte)
C8D5                GENDATADUMP:      
C8D5   C5                     PUSH   bc   ;save BC
C8D6   CD A8 C8               CALL   HLToString   ;convert HL to address in ASCII
C8D9   3E 3A                  LD   a,COLON   ;set A = colon
C8DB   12                     LD   (de),a   ;write a colon after address
C8DC   13                     INC   de   
C8DD                DATADUMPLOOP:      
C8DD   3E 20                  LD   a,SPACE   ;set A = space
C8DF   12                     LD   (de),a   ;write a space
C8E0   13                     INC   de   
C8E1   7E                     LD   a,(hl)   ;get byte at HL
C8E2   CD AD C8               CALL   AToString   ;convert A to string
C8E5   23                     INC   hl   ;move HL to next address
C8E6   10 F5                  DJNZ   dataDumpLoop   ;if not zero get next byte
C8E8   AF                     XOR   a   ;set A = 0
C8E9   12                     LD   (de),a   ;terminate string with zero
C8EA   C1                     POP   bc   ;restore BC
C8EB   C9                     RET      
C8EC                             ; 
C8EC                             ; Check start and end address difference.
C8EC                             ; Input: HL = address location of START value
C8EC                             ;        HL+2 = address location of END value
C8EC                             ; Output: HL = start address
C8EC                             ;         BC = length of end-start
C8EC                             ;         Carry = set if end is less than start
C8EC                             ; Destroys: DE
C8EC                CHECKSTARTEND:      
C8EC   5E                     LD   e,(HL)   ;move start
C8ED   23                     INC   hl   ;address into DE
C8EE   56                     LD   d,(HL)   ;move end
C8EF   23                     INC   hl   ;address into HL
C8F0   4E                     LD   c,(HL)   
C8F1   23                     INC   hl   
C8F2   66                     LD   h,(HL)   
C8F3   69                     LD   l,c   
C8F4   B7                     OR   a   ;clear carry
C8F5   ED 52                  SBC   hl,de   ;is END > START (it should be)
C8F7   4D                     LD   c,l   ;move byte count
C8F8   44                     LD   b,h   ;into BC
C8F9   03                     INC   bc   ;if END < START then carry is set
C8FA   EB                     EX   de,hl   ;HL is start address
C8FB   C9                     RET      
C8FC                             ; 
C8FC                             ; Block Move generic routine.  Move a block of code between start and end
C8FC                             ; to destination.
C8FC                             ; NOTE: Must have COPY_START,COPY_END and COPY_DEST filled
C8FC                             ; Destroys HL, DE, A, BC
C8FC                BLOCKMOVE:      
C8FC   21 C0 08               LD   hl,COPY_START   ;get start location
C8FF   CD EC C8               CALL   checkStartEnd   ;check start < end
C902   DA 0D CC               JP   c,displayError   ;if carry is set exit and error
C905   ED 5B C4 08            LD   de,(COPY_DEST)   ;load DE with destination address
C909   ED 52                  SBC   hl,de   ;see if destination is < or > than start
C90B   30 0B                  JR   nc,mvup   ;jump if start > destination
C90D   EB                     EX   de,hl   ;add byte count to destination
C90E   09                     ADD   hl,bc   
C90F   2B                     DEC   hl   
C910   EB                     EX   de,hl   
C911   2A C2 08               LD   hl,(COPY_END)   ;get end address
C914   ED B8                  LDDR      ;copy End to Start going backwards
C916   13                     INC   de   
C917   C9                     RET      ;move done
C918                MVUP:        
C918   19                     ADD   hl,de   ;make HL the difference between start and dest
C919   ED B0                  LDIR      ;copy Start to End going forwards
C91B   1B                     DEC   de   
C91C   C9                     RET      ;move done
C91D                BLOCKMOVEPARAMS:      
C91D   03                     DB   3   ;Three parameters
C91E   42 41 43 4B 55 50      DB   "BACKUP"   ;7seg Text
C924   3D 20 20 20 42 6C 6F 63 6B 20 42 61 63 6B 75 70 20 20 20 3D 00 DB   "=   Block Backup   =",0   ;Parameter title
C939   53 74 61 72 74 20 41 64 64 72 65 73 73 3A 00 DB   "Start Address:",0   ;Text and Address
C948   C0 08                  DW   COPY_START   
C94A   45 6E 64 20 41 64 64 72 65 73 73 3A 00 DB   "End Address:",0   ;Text and Address
C957   C2 08                  DW   COPY_END   
C959   44 65 73 74 2E 20 41 64 64 72 65 73 73 3A 00 DB   "Dest. Address:",0   ;Text and Address
C968   C4 08                  DW   COPY_DEST   
C96A                BLOCKCOPYPARAMS:      
C96A   03                     DB   3   ;Three parameters
C96B   53 2D 43 4F 50 59      DB   "S-COPY"   ;7seg Text
C971   3D 20 53 6D 61 72 74 20 42 6C 6F 63 6B 20 43 6F 70 79 20 3D 00 DB   "= Smart Block Copy =",0   ;Parameter title
C986   53 74 61 72 74 20 41 64 64 72 65 73 73 3A 00 DB   "Start Address:",0   ;Text and Address
C995   C0 08                  DW   COPY_START   
C997   45 6E 64 20 41 64 64 72 65 73 73 3A 00 DB   "End Address:",0   ;Text and Address
C9A4   C2 08                  DW   COPY_END   
C9A6   44 65 73 74 2E 20 41 64 64 72 65 73 73 3A 00 DB   "Dest. Address:",0   ;Text and Address
C9B5   C4 08                  DW   COPY_DEST   
C9B7                BLOCKRESTOREPARAMS:      
C9B7   03                     DB   3   ;Three parameters
C9B8   52 45 53 54 4F 52      DB   "RESTOR"   ;7seg Text
C9BE   3D 20 20 52 65 73 74 6F 72 65 20 42 61 63 6B 75 70 20 20 3D 00 DB   "=  Restore Backup  =",0   ;Parameter title
C9D3   53 74 61 72 74 20 41 64 64 72 65 73 73 3A 00 DB   "Start Address:",0   ;Text and Address
C9E2   CC 08                  DW   REST_START   
C9E4   45 6E 64 20 41 64 64 72 65 73 73 3A 00 DB   "End Address:",0   ;Text and Address
C9F1   CE 08                  DW   REST_END   
C9F3   44 65 73 74 2E 20 41 64 64 72 65 73 73 3A 00 DB   "Dest. Address:",0   ;Text and Address
CA02   D0 08                  DW   REST_DEST   
CA04                             ; 
CA04                             ; Move a block of code AND update all absolute jumps and calls.
CA04                             ; Destroys HL, DE, A, BC
CA04                SMARTCOPY:      
CA04   21 6A C9               LD   hl,blockCopyParams   
CA07   CD 7E CF               CALL   paramDriver   ;collect parameters
CA0A                SMARTCOPYDIRECT:      
CA0A   CD FC C8               CALL   blockMove   ;move block
CA0D   2A C4 08               LD   hl,(COPY_DEST)   ;put destination in HL
CA10   ED 5B C0 08            LD   de,(COPY_START)   ;put start in DE
CA14   B7                     OR   a   ;clear carry
CA15   ED 52                  SBC   hl,de   ;get offset from start and destination
CA17   22 CA 08               LD   (COPY_CORR),HL   ;save offset in correction
CA1A   2A C2 08               LD   hl,(COPY_END)   ;put end in HL
CA1D   ED 5B C0 08            LD   de,(COPY_START)   ;put start in DE
CA21   B7                     OR   a   ;clear carry
CA22   ED 52                  SBC   hl,de   ;get byte count between start and end
CA24   23                     INC   hl   ;correct HL to real count
CA25   ED 5B C4 08            LD   de,(COPY_DEST)   ;put destination in DE
CA29   19                     ADD   hl,de   ;find end of destination block
CA2A   22 C8 08               LD   (COPY_EBLK),hl   ;save it
CA2D   ED 53 C6 08            LD   (COPY_PTR),de   ;save destination to pointer
CA31                CHECKINST:      
CA31   2A C6 08               LD   hl,(COPY_PTR)   ;get pointer
CA34   7E                     LD   a,(hl)   ;get instruction
CA35   CD A4 CA               CALL   getInstLen   ;get instruction length in C
CA38   79                     LD   a,c   ;get instruction count
CA39   FE 04                  CP   4   ;is it 4 bytes long?
CA3B   20 22                  JR   nz,check3   ;no, check 3
CA3D   7E                     LD   a,(hl)   ;get instruction
CA3E   FE ED                  CP   0EDH   ;is it extended instruciton?
CA40   28 17                  JR   z,fourByteAddr   ;yes, modify address
CA42   E6 DF                  AND   0DFH   ;check fo IX
CA44   FE DD                  CP   0DDH   ;and IY
CA46   20 56                  JR   nz,nextInst   ;skip, as its something else
CA48   23                     INC   hl   ;move to second byte
CA49   46                     LD   b,(hl)   ;get instruction
CA4A   2B                     DEC   hl   ;move back one byte
CA4B   78                     LD   a,b   ;check A
CA4C   E6 CF                  AND   0CFH   ;is it 21H?
CA4E   FE 01                  CP   01H   ; 
CA50   28 07                  JR   z,fourByteAddr   ;yes, modify address
CA52   78                     LD   a,b   ;check A
CA53   E6 E7                  AND   0E7H   ;is it 22H
CA55   FE 22                  CP   22H   ;or 2AH?
CA57   20 45                  JR   nz,nextInst   ;no, skip instruction
CA59                FOURBYTEADDR:      
CA59   23                     INC   hl   ;move to make 3 bytes
CA5A   22 C6 08               LD   (COPY_PTR),hl   ;save destination to pointer
CA5D   18 02                  JR   $+4   ;continue
CA5F                CHECK3:      
CA5F   FE 03                  CP   3   ;is it 3 bytes long?
CA61   20 3B                  JR   nz,nextInst   ;no, just get next instruction
CA63   7E                     LD   a,(hl)   ;get instruction
CA64   E6 DF                  AND   0DFH   ;check fo IX
CA66   FE DD                  CP   0DDH   ;and IY
CA68   28 34                  JR   z,nextInst   ;skip, as its something else
CA6A   7E                     LD   a,(hl)   ;get instruction
CA6B   E5                     PUSH   hl   ;store instruction
CA6C   D1                     POP   de   ;put in DE
CA6D   23                     INC   hl   ;put address
CA6E   4E                     LD   c,(hl)   ;in
CA6F   23                     INC   hl   ;BC
CA70   46                     LD   b,(hl)   
CA71   2A C0 08               LD   hl,(COPY_START)   ;load HL with start address
CA74   2B                     DEC   hl   
CA75   B7                     OR   a   ;clear carry
CA76   ED 42                  SBC   hl,bc   ;get target difference
CA78   30 11                  JR   nc,targetSkip   ;jump if target is less than start
CA7A   2A C2 08               LD   hl,(COPY_END)   ;load HL with end address
CA7D   B7                     OR   a   ;clear carry
CA7E   ED 42                  SBC   hl,bc   ;get target difference
CA80   38 09                  JR   c,targetSkip   ;jump if target is higher than end
CA82   2A CA 08               LD   hl,(COPY_CORR)   ;get correction factor
CA85   09                     ADD   hl,bc   ;adjust target with correction
CA86   EB                     EX   de,hl   ;put new address in DE
CA87   23                     INC   hl   ;and store
CA88   73                     LD   (hl),e   ;it
CA89   23                     INC   hl   ;back
CA8A   72                     LD   (hl),d   ;to jump/call instruction
CA8B                TARGETSKIP:      
CA8B   2A C6 08               LD   hl,(COPY_PTR)   ;get pointer
CA8E   23                     INC   hl   ;increase to next instruction
CA8F   23                     INC   hl   
CA90   23                     INC   hl   
CA91                ENDTEST:      
CA91   22 C6 08               LD   (COPY_PTR),hl   ;save new pointer
CA94   ED 5B C8 08            LD   de,(COPY_EBLK)   ;get end block
CA98   B7                     OR   a   ;clear carry
CA99   ED 52                  SBC   hl,de   ;test for finish
CA9B   38 94                  JR   c,checkInst   ;not at end, check next instruction
CA9D   C9                     RET      ;end, just return
CA9E                NEXTINST:      
CA9E   23                     INC   hl   ;move to next byte
CA9F   0D                     DEC   c   ;until new instruction
CAA0   20 FC                  JR   nz,nextInst   
CAA2   18 ED                  JR   endTest   ;jump to end test
CAA4                             ; 
CAA4                             ; Instruction byte count routine
CAA4                             ; Input: HL = address of first op code
CAA4                             ; Return: C = instruction length
CAA4                             ;         Carry Set = instruction is a RET,JP,CALL,RST
CAA4                             ; Destroys A, B
CAA4                GETINSTLEN:      
CAA4   0E 04                  LD   c,4   ;set length to longest instruction
CAA6   7E                     LD   a,(hl)   ;put first op code in A
CAA7   23                     INC   hl   
CAA8   46                     LD   b,(hl)   ;put second op code in B
CAA9   2B                     DEC   hl   ;restore HL
CAAA   E6 DF                  AND   0DFH   
CAAC   FE DD                  CP   0DDH   ;is it an IX/IY instruction
CAAE   20 12                  JR   nz,getIns2   
CAB0   78                     LD   a,b   
CAB1   FE CB                  CP   0CBH   ;is it a IX/IY Bit instruction
CAB3   30 05                  JR   nc,getIns1   
CAB5   FE 36                  CP   36H   
CAB7   C8                     RET   z   
CAB8   FE 21                  CP   21H   
CABA                GETINS1:      
CABA   C8                     RET   z   
CABB   E6 F7                  AND   0F7H   
CABD   FE 22                  CP   22H   
CABF   C8                     RET   z   
CAC0   18 0F                  JR   getIns3   
CAC2                GETINS2:      
CAC2   7E                     LD   a,(hl)   
CAC3   FE ED                  CP   0EDH   ;is it an Misc Instruction
CAC5   20 1F                  JR   nz,getIns4   
CAC7   78                     LD   a,b   
CAC8   E6 C7                  AND   0C7H   
CACA   FE 43                  CP   43H   ;does it have a 2 byte address?
CACC   C8                     RET   z   
CACD   B7                     OR   a   
CACE   0D                     DEC   c   
CACF   0D                     DEC   c   
CAD0   C9                     RET      
CAD1                GETINS3:      
CAD1   0D                     DEC   c   
CAD2   78                     LD   a,b   
CAD3   E6 B8                  AND   0B8H   
CAD5   FE 30                  CP   30H   
CAD7   C8                     RET   z   
CAD8   78                     LD   a,b   
CAD9   E6 06                  AND   06H   
CADB   FE 06                  CP   06H   
CADD   C8                     RET   z   
CADE   0D                     DEC   c   
CADF   78                     LD   a,b   
CAE0   FE E9                  CP   0E9H   
CAE2   37                     SCF      
CAE3   C8                     RET   z   
CAE4   3F                     CCF      
CAE5   C9                     RET      
CAE6                GETINS4:      
CAE6   0D                     DEC   c   
CAE7   7E                     LD   a,(hl)   
CAE8   E6 CF                  AND   0CFH   
CAEA   FE 01                  CP   01H   
CAEC   C8                     RET   z   
CAED   7E                     LD   a,(hl)   
CAEE   E6 E7                  AND   0E7H   
CAF0   FE 22                  CP   22H   
CAF2   C8                     RET   z   
CAF3   7E                     LD   a,(hl)   
CAF4   FE C3                  CP   0C3H   
CAF6   37                     SCF      
CAF7   C8                     RET   z   
CAF8   FE CD                  CP   0CDH   
CAFA   37                     SCF      
CAFB   C8                     RET   z   
CAFC   E6 C7                  AND   0C7H   
CAFE   FE C2                  CP   0C2H   
CB00   37                     SCF      
CB01   C8                     RET   z   
CB02   FE C4                  CP   0C4H   
CB04   37                     SCF      
CB05   C8                     RET   z   
CB06   0D                     DEC   c   
CB07   FE 06                  CP   06H   
CB09   C8                     RET   z   
CB0A   FE C6                  CP   0C6H   
CB0C   C8                     RET   z   
CB0D   0D                     DEC   c   
CB0E   37                     SCF      
CB0F   C8                     RET   z   
CB10   7E                     LD   a,(hl)   
CB11   E6 F7                  AND   0F7H   
CB13   C8                     RET   z   
CB14   0C                     INC   c   
CB15   7E                     LD   a,(hl)   
CB16   E6 E7                  AND   0E7H   
CB18   FE C3                  CP   0C3H   
CB1A   C8                     RET   z   
CB1B   E6 C7                  AND   0C7H   
CB1D   37                     SCF      
CB1E   C8                     RET   z   
CB1F   0D                     DEC   c   
CB20   7E                     LD   a,(hl)   
CB21   FE E9                  CP   0E9H   
CB23   37                     SCF      
CB24   C8                     RET   z   
CB25   FE C9                  CP   0C9H   
CB27   37                     SCF      
CB28   C8                     RET   z   
CB29   E6 C1                  AND   0C1H   
CB2B   FE C0                  CP   0C0H   
CB2D   37                     SCF      
CB2E   C8                     RET   z   
CB2F   3F                     CCF      
CB30   C9                     RET      
CB31                             ; 
CB31                             ; Calculate actual disassembly address from CEL
CB31                             ; Output: HL = Disassembly start address
CB31                             ; Destroy: A,DE
CB31                             ; Updates DIS_ADDR
CB31                CALCDISADDRESS:      
CB31   2A 86 08               LD   hl,(CEL)   ;get CEL
CB34   01 F9 FF               LD   bc,0FFF9H   ;set BC = -7
CB37   09                     ADD   hl,bc   ;modify HL with offset
CB38   38 03                  JR   c,disTestLoop   ;if HL <=3 then fix HL
CB3A   21 00 00               LD   hl,0   
CB3D                DISTESTLOOP:      
CB3D   22 90 08               LD   (DIS_ADDR),hl   ;update DIS_ADDR with current HL
CB40   22 29 09               LD   (DISFROM),hl   ;Store it in the disassembler start address
CB43   CD 1D E7               CALL   disStart   ;Work out next valid from address
CB46   ED 5B 86 08            LD   de,(CEL)   ;get CEL
CB4A   EB                     EX   de,hl   ;swap HL,DE
CB4B   B7                     OR   a   
CB4C   ED 52                  SBC   hl,de   ;Calculate CEL-DISFROM
CB4E   EB                     EX   de,hl   
CB4F   F2 3D CB               JP   p,disTestLoop   ;If DISFROM < CEL then
CB52   2A 90 08               LD   hl,(DIS_ADDR)   ;Store HL with previous valid disassembly address
CB55   C9                     RET      
CB56                             ; 
CB56                             ; Just move a block from A to B with no 2 byte address updates
CB56                             ; Destroys HL, DE, A, BC
CB56                DUMBCOPY:      
CB56   21 1D C9               LD   hl,blockMoveParams   
CB59   CD 7E CF               CALL   paramDriver   ;collect parameters
CB5C   C3 FC C8               JP   blockMove   ;move block
CB5F                             ; 
CB5F                             ; Restore from backup.  This is the reverse of the Backup or Smart Copy
CB5F                             ; Start = COPY_DEST
CB5F                             ; End = COPY_DEST + (COPY_END - COPY_START + 1)
CB5F                             ; Dest = COPY_START
CB5F                RESTOREBACKUP:      
CB5F   21 C0 08               LD   hl,COPY_START   
CB62   11 D0 08               LD   de,REST_DEST   
CB65   CD AA CB               CALL   HLtoDE   
CB68   21 C4 08               LD   hl,COPY_DEST   
CB6B   11 CC 08               LD   de,REST_START   
CB6E   CD AA CB               CALL   HLtoDE   
CB71   21 C0 08               LD   hl,COPY_START   
CB74   CD EC C8               CALL   checkStartEnd   
CB77   0B                     DEC   bc   
CB78   2A CC 08               LD   hl,(REST_START)   
CB7B   09                     ADD   hl,bc   
CB7C   22 CE 08               LD   (REST_END),hl   
CB7F   21 B7 C9               LD   hl,blockRestoreParams   
CB82   CD 7E CF               CALL   paramDriver   ;collect parameters
CB85   21 C0 08               LD   hl,COPY_START   
CB88   11 D2 08               LD   de,TEMP_START   
CB8B   01 06 00               LD   bc,6   
CB8E   ED B0                  LDIR      
CB90   21 CC 08               LD   hl,REST_START   
CB93   11 C0 08               LD   de,COPY_START   
CB96   01 06 00               LD   bc,6   
CB99   ED B0                  LDIR      
CB9B   CD FC C8               CALL   blockMove   ;move block
CB9E   21 D2 08               LD   hl,TEMP_START   
CBA1   11 C0 08               LD   de,COPY_START   
CBA4   01 06 00               LD   bc,6   
CBA7   ED B0                  LDIR      
CBA9   C9                     RET      
CBAA                             ; 
CBAA                HLTODE:      
CBAA   7E                     LD   a,(hl)   
CBAB   12                     LD   (de),a   
CBAC   23                     INC   hl   
CBAD   13                     INC   de   
CBAE   7E                     LD   a,(hl)   
CBAF   12                     LD   (de),a   
CBB0   C9                     RET      
CBB1                             ; 
CBB1                             ; Fill with NOP.  Fill data range with 00h or NOP instruction
CBB1                NOPFILL:      
CBB1   21 D0 CB               LD   hl,fillRangeParams   
CBB4   CD 7E CF               CALL   paramDriver   ;collect parameters
CBB7   CD 11 CE               CALL   LCDConfirm   ;this is serious mum!
CBBA   C0                     RET   nz   ;no, just exit
CBBB   21 D2 08               LD   hl,TEMP_START   ;check parameters
CBBE   CD EC C8               CALL   checkStartEnd   ; 
CBC1   30 04                  JR   nc,doFill   ;All good, continue
CBC3   E1                     POP   hl   ;remove call return from stack
CBC4   C3 0D CC               JP   displayError   ;display error if end < start
CBC7                DOFILL:      
CBC7   54                     LD   d,h   
CBC8   5D                     LD   e,l   
CBC9   13                     INC   de   
CBCA   AF                     XOR   a   
CBCB   77                     LD   (hl),a   
CBCC   0B                     DEC   bc   
CBCD   ED B0                  LDIR      
CBCF   C9                     RET      
CBD0                             ; 
CBD0                FILLRANGEPARAMS:      
CBD0   02                     DB   2   ;Three parameters
CBD1   46 49 4C 4C 20 20      DB   "FILL  "   ;7seg Text
CBD7   3D 20 20 46 69 6C 6C 20 77 69 74 68 20 4E 4F 50 73 20 20 3D 00 DB   "=  Fill with NOPs  =",0   ;Parameter title
CBEC   46 72 6F 6D 20 41 64 64 72 65 73 73 3A 00 DB   "From Address:",0   ;Text and Address
CBFA   D2 08                  DW   TEMP_START   
CBFC   54 6F 20 41 64 64 72 65 73 73 3A 00 DB   "To Address:",0   ;Text and Address
CC08   D4 08                  DW   TEMP_END   
CC0A                             ; 
CC0A                             ; 
CC0A   CD 82 C7               CALL   getToFrom   ;collect parameters
CC0D                             ; 
CC0D                             ; 
CC0D                             ; Display ERROR/PASS on the 7Segs and wait for key press
CC0D                DISPLAYERROR:      
CC0D   21 B4 D2               LD   hl,errorText   ;error text
CC10   C3 5C C8               JP   display7Segs   ;display on 7Segs and exit when key is pressed
CC13                DISPLAYPASS:      
CC13   21 AE D2               LD   hl,passText   ;pass text
CC16   C3 5C C8               JP   display7Segs   ;display on 7Segs and exit when key is pressed
CC19                DISPLAYNOFN:      
CC19   21 BA D2               LD   hl,noFnText   ;no function text
CC1C   C3 5C C8               JP   display7Segs   ;display on 7Segs and exit when key is pressed
CC1F                             ; 
CC1F                             ; Key scan routine for the Matrix Keyboard.  This routine detects up to
CC1F                             ; two key presses at the same time.  Key values stored in DE
CC1F                             ; Note: Must be called repetatively
CC1F                             ; Input: None
CC1F                             ; Output: E = Key pressed between 00H-3FH (0-64)
CC1F                             ;         D = Second key, FF=no key, 00=shift, 01=Ctrl, 02=Fn
CC1F                             ;         zero flag set if a key is pressed or combination valid
CC1F                MATRIXSCAN:      
CC1F   2E FF                  LD   l,0FFH   ;Row value accumulator. Add 8 for each ROW
CC21   11 FF FF               LD   de,0FFFFH   ;Return Values if no key is pressed
CC24   01 FE FE               LD   bc,0FEFEH   ;Port = C, A8-A15 = B. B loaded with only A8 = 0 to start.
CC27                KLINE:       
CC27   ED 78                  IN   a,(c)   ;Check data bus for Port C and high address B
CC29   2F                     CPL      ;Invert to check for zero
CC2A   E6 FF                  AND   0FFH   ;Masking of bits would happen here, but we use all 8
CC2C   28 0B                  JR   z,kDone   ;If Zero, no key press for Address line
CC2E   67                     LD   h,a   ;Save key(s) pressed data in H
CC2F   7D                     LD   a,l   ;Load A with the current ROW count*8
CC30                KBITS:       
CC30   3C                     INC   a   ;Add one until data bit found
CC31   CB 3C                  SRL   h   ;Shift H right until bit is detected
CC33   30 FB                  JR   nc,kBits   ;If Carry is not set, shift again
CC35   53                     LD   d,e   ;Load first key detected into D
CC36   5F                     LD   e,a   ;Store key detected
CC37   20 F7                  JR   nz,kBits   ;Keep going until all bits are checked.
CC39                KDONE:       
CC39   3E 08                  LD   a,8   ; 
CC3B   85                     ADD   a,l   ;Increase L by 8 for each ROW checked
CC3C   6F                     LD   l,a   
CC3D   CB 00                  RLC   b   ;Move to next address line
CC3F   38 E6                  JR   c,kLine   ;if more address lines needed repeat key check
CC41                             ; 
CC41   7B                     LD   a,e   ;Check for any key press
CC42   FE 40                  CP   40H   ;Is it a valid key?
CC44   D0                     RET   nc   ;No, exit with Zero flag false
CC45                             ; 
CC45   7A                     LD   a,d   ;Check if 1 or two key pressed
CC46   3C                     INC   a   
CC47   C8                     RET   z   ;If one key exit, D=FF, E=key
CC48                             ;Check for Shift/Ctrl/Fn keys pressed
CC48   3D                     DEC   a   
CC49   C8                     RET   z   ;Exit zero if Shift pressed
CC4A   3D                     DEC   a   
CC4B   C8                     RET   z   ;Exit zero if Control pressed
CC4C   3D                     DEC   a   
CC4D   C9                     RET      ;Exit zero if Function pressed or non zero for anything else
CC4E                             ; 
CC4E                             ; Joystick port scan routines.  This routine will return a value based on the
CC4E                             ; movement / button of the joystick or any combination: IE: UP+DOWN = 03H
CC4E                             ; Note: Must be called repetatively
CC4E                             ; Input: None
CC4E                             ; Output: A = Joystick return value between 00H-5FH (0-95)
CC4E                             ;       01H = Up        10H = Fire 2
CC4E                             ;       02H = Down      20H = Comm2 (Pin 9)
CC4E                             ;       04H = Left      40H = Fire 1
CC4E                             ;       08H = Right     80H = Fire 3
CC4E                             ;         zero flag set if no joystick value returned
CC4E                             ; Destroy: none
CC4E                JOYSTICKSCAN:      
CC4E   C5                     PUSH   bc   ;save BC
CC4F   01 FE F7               LD   bc,0F7FEH   ;Port = FE, B is only loaded with A11 = 0 (Joystick Line)
CC52   ED 78                  IN   a,(c)   ;read joystick port
CC54   2F                     CPL      ;Invert to check for zero
CC55   E6 FF                  AND   0FFH   ;Mask and set zero flag if A=0
CC57   C1                     POP   bc   ;restore BC
CC58   C9                     RET      ;Exit with A set and Zero flag
CC59                             ; 
CC59                             ; Breakpoint Entry.  Display flags and most registers on the LCD Screen.
CC59                             ; Press GO to continue executing, AD to do a soft reset.  Entry to this
CC59                             ; routine can be done by RST 30H or 0F7H
CC59                BREAKPOINT:      
CC59   CD FC CC               CALL   saveRegisters   ;save all current registers to BP stack
CC5C   CD 44 CD               CALL   saveLCD   ;save contents of DDRAM into RAM
CC5F   06 01                  LD   b,01H   ;clear LCD
CC61   CD 7B C5               CALL   commandToLCD   ;update LCD
CC64                             ; display register text on LCD
CC64   11 E6 D2               LD   de,breakPointRows   ;LCD row table
CC67   21 C6 D2               LD   hl,breakPointRegs   ;LCD resgister text
CC6A   0E 08                  LD   c,8   ;eight registers
CC6C                BPTEXT:      
CC6C   1A                     LD   a,(de)   ;get row position
CC6D   47                     LD   b,a   ;move to B
CC6E   CD 7B C5               CALL   commandToLCD   ;update LCD
CC71   13                     INC   de   
CC72   CD 62 C5               CALL   stringToLCD   ;output text (HL) to LCD
CC75   0D                     DEC   c   ;next register
CC76   20 F4                  JR   nz,bpText   ;repeat for all 8 registers
CC78                             ; 
CC78                             ;display register values next to text
CC78                BPDATA:      
CC78   11 E6 D2               LD   de,breakPointRows   ;LCD row table
CC7B   21 00 09               LD   hl,BP_BASE_SP   ;register memory location
CC7E   0E 06                  LD   c,6   ;six registers
CC80   CD D7 CC               CALL   bpPrintData   
CC83   21 14 09               LD   hl,BP_PC   ;start at PC
CC86   0E 02                  LD   c,2   ;two registers
CC88   CD D7 CC               CALL   bpPrintData   
CC8B                             ; 
CC8B                             ;display flags
CC8B   3A 00 09               LD   a,(BP_BASE_SP)   ;register AF
CC8E   4F                     LD   c,a   
CC8F   11 F6 D2               LD   de,breakPointFlagRows   
CC92   21 EE D2               LD   hl,breakPointFlags   
CC95                BPFLAGROW:      
CC95   1A                     LD   a,(de)   
CC96   B7                     OR   a   
CC97   28 16                  JR   z,bpQuery   ;No more, go to key query
CC99   47                     LD   b,a   ;move to B
CC9A   CD 7B C5               CALL   commandToLCD   ;update LCD
CC9D   13                     INC   de   
CC9E   06 02                  LD   b,2   ;two flags
CCA0                BPFLAGCOL:      
CCA0   7E                     LD   a,(hl)   
CCA1   23                     INC   HL   
CCA2   CB 01                  RLC   c   
CCA4   38 02                  JR   c,$+4   ;Skip lower case
CCA6   C6 20                  ADD   a,20H   ;Make lowercase
CCA8   CD 77 C5               CALL   charToLCD   ;send character to LCD
CCAB   10 F3                  DJNZ   bpFlagCol   
CCAD   18 E6                  JR   bpFlagRow   
CCAF                             ; 
CCAF                             ;handle keypress and exit. GO = continue, AD = Exit
CCAF                BPQUERY:      
CCAF   11 C0 D2               LD   de,breakText   ;set display buffer to Breakpoint display
CCB2   CD 4A C5               CALL   scanSegments   ;Multiplex the seven segments
CCB5   DB 03                  IN   a,(SYS_INPUT)   ;Get System input
CCB7   E6 20                  AND   20H   ;check if GIMP is set
CCB9   20 0B                  JR   nz,bpNoStop   ;simulate GO pressed
CCBB   CD B0 C5               CALL   scanKeys   ;Scan for key press
CCBE   20 EF                  JR   nz,bpQuery   ;Repeat scan until key pressed
CCC0   30 ED                  JR   nc,bpQuery   ;Skip if not new key
CCC2   FE 12                  CP   K_GO   ;is key GO
CCC4   20 07                  JR   nz,$+9   ;No, check if AD key pressed
CCC6                BPNOSTOP:      
CCC6   CD 61 CD               CALL   restoreLCD   ;restore content of LCD from RAM
CCC9   CD 28 CD               CALL   restoreRegisters   ;clean up stack and exit back to code execution
CCCC   C9                     RET      ;return back to last execution location
CCCD   FE 13                  CP   K_ADDR   ;is it the AD key (Exit back to monitor)
CCCF   20 DE                  JR   nz,bpQuery   ;no, keep scanning
CCD1   31 80 08               LD   sp,STACK_TOP   ;reset the Hardware Stack to top of stack in RAM
CCD4   C3 E8 C1               JP   softBoot   ;just do a softboot and exit
CCD7                             ; 
CCD7                BPPRINTDATA:      
CCD7   1A                     LD   a,(de)   ;get row position
CCD8   C6 03                  ADD   a,3   ;move three to the right
CCDA   47                     LD   b,a   ;move to B
CCDB   CD 7B C5               CALL   commandToLCD   ;update LCD
CCDE   13                     INC   de   ;move to next postion
CCDF   D5                     PUSH   de   ;save DE
CCE0   EB                     EX   de,hl   
CCE1   06 02                  LD   b,2   
CCE3   13                     INC   de   
CCE4                BPDATAOUT:      
CCE4   1A                     LD   a,(de)   
CCE5   CD C1 C8               CALL   regAToASCII   
CCE8   7C                     LD   a,h   
CCE9   CD 77 C5               CALL   charToLCD   ;send character to LCD
CCEC   7D                     LD   a,l   
CCED   CD 77 C5               CALL   charToLCD   ;send character to LCD
CCF0   1B                     DEC   de   
CCF1   10 F1                  DJNZ   bpDataOut   
CCF3   13                     INC   de   
CCF4   13                     INC   de   
CCF5   13                     INC   de   
CCF6   EB                     EX   de,hl   
CCF7   D1                     POP   de   
CCF8   0D                     DEC   c   
CCF9   20 DC                  JR   nz,bpPrintData   
CCFB   C9                     RET      
CCFC                             ; 
CCFC                             ; Save registers to Break Point stack.  Registers are saved in memory in
CCFC                             ; this order: AF,HL,BC,DE,IX,IY,AF",HL",BC",DE",PC,SP
CCFC                             ; Input: none
CCFC                             ; Destroys: nothing
CCFC                             ; Note: need to set BP_PC prior to calling this routine to set actual program counter
CCFC                             ; Routine is to be called from previous CALL to get Actual SP. SP=SP-4.
CCFC                             ; IE: Actual Code > RST 30H > saveRegisters. 
CCFC                SAVEREGISTERS:      
CCFC   22 02 09               LD   (BP_HL),hl   ;save HL first so to use HL in routine
CCFF   F5                     PUSH   af   ;store AF
CD00   E1                     POP   hl   ;HL = AF
CD01   22 00 09               LD   (BP_BASE_SP),hl   ;save AF as flags get corrupt below
CD04   21 04 00               LD   hl,4   ;set HL to calling SP
CD07   39                     ADD   hl,sp   ;HL = SP+4
CD08   22 16 09               LD   (BP_ORIG_SP),hl   ;save actual SP
CD0B   31 14 09               LD   sp,BP_REGS   ;set SP to use Break Point stack
CD0E   08                     EX   af,af'   ;start saving registers
CD0F   D9                     EXX      
CD10   D5                     PUSH   de   
CD11   C5                     PUSH   bc   
CD12   E5                     PUSH   hl   
CD13   F5                     PUSH   af   
CD14   08                     EX   af,af'   
CD15   D9                     EXX      
CD16   FD E5                  PUSH   iy   
CD18   DD E5                  PUSH   ix   
CD1A   D5                     PUSH   de   
CD1B   C5                     PUSH   bc   
CD1C   2A 02 09               LD   hl,(BP_HL)   ;restore original hl
CD1F   ED 7B 16 09            LD   sp,(BP_ORIG_SP)   ;restore hardware stack
CD23   3B                     DEC   sp   ;to 
CD24   3B                     DEC   sp   ;acutal 
CD25   3B                     DEC   sp   ;position prior
CD26   3B                     DEC   sp   ;to calling this routine
CD27   C9                     RET      
CD28                             ; 
CD28                             ; Restore registers.  Replace CPU registers with values stored in the BreakPoint buffer
CD28                             ; A call to saveRegisters is to be called prior
CD28                             ; Input: none
CD28                             ; Output: Updates registers AF,HL,BC,DE,IX,IY,AF",HL",BC" and DE"
CD28                RESTOREREGISTERS:      
CD28   ED 73 16 09            LD   (BP_ORIG_SP),sp   
CD2C   31 00 09               LD   sp,BP_BASE_SP   
CD2F   F1                     POP   af   
CD30   E1                     POP   hl   
CD31   C1                     POP   bc   
CD32   D1                     POP   de   
CD33   DD E1                  POP   ix   
CD35   FD E1                  POP   iy   
CD37   08                     EX   af,af'   
CD38   D9                     EXX      
CD39   F1                     POP   af   
CD3A   E1                     POP   hl   
CD3B   C1                     POP   bc   
CD3C   D1                     POP   de   
CD3D   08                     EX   af,af'   
CD3E   D9                     EXX      
CD3F   ED 7B 16 09            LD   sp,(BP_ORIG_SP)   
CD43   C9                     RET      
CD44                             ; 
CD44                             ; Save LCD screen contents.  Copy LCD DDRAM contents to RAM location BP_LCD.  
CD44                             ; Input: none
CD44                             ; Output: Writes 80 bytes (20x4) of LCD DDRAM to BP_LCD address (08B8H-0908H)
CD44                             ; Destroys: A, BC, HL
CD44                SAVELCD:      
CD44   06 80                  LD   b,LCD_ROW1   ;Set DDRAM address counter to Row 1
CD46   CD 7B C5               CALL   commandToLCD   ;Send instruction to LCD
CD49   21 18 09               LD   hl,BP_LCD   ;set HL to LCD RAM location
CD4C   01 84 28               LD   bc,40*100H+LCD_DATA   ;40 bytes to read, Port LCD_DATA
CD4F   EF                     RST   28H   ;ensure LCD isn't busy
CD50   ED A2                  INI      ;read port C, into (HL), inc HL, dec B
CD52   20 FB                  JR   nz,$-3   ;Do unitl B=0
CD54                             ; 
CD54   06 C0                  LD   b,LCD_ROW2   ;Set DDRAM address counter to Row 2
CD56   CD 7B C5               CALL   commandToLCD   ;Send instruction to LCD
CD59   06 28                  LD   b,40   ;40 bytes to read
CD5B   EF                     RST   28H   ;ensure LCD isn't busy
CD5C   ED A2                  INI      ;read port C, into (HL), inc HL, dec B
CD5E   20 FB                  JR   nz,$-3   ;Do unitl B=0
CD60   C9                     RET      
CD61                             ; 
CD61                             ; Restore LCD screen contents.  Copy RAM location BP_LCD to LCD DDRAM
CD61                             ; A call to saveLCD is to be called prior
CD61                             ; Input: none
CD61                             ; Output: Updates LCD with values at BP_LCD (08B8H-0908H)
CD61                             ; Destroys: A, BC, HL
CD61                RESTORELCD:      
CD61   06 80                  LD   b,LCD_ROW1   ;Set DDRAM address counter to Row 1
CD63   CD 7B C5               CALL   commandToLCD   ;Send instruction to LCD
CD66   21 18 09               LD   hl,BP_LCD   ;set HL to LCD RAM location
CD69   01 84 28               LD   bc,40*100H+LCD_DATA   ;40 bytes to read, Port LCD_DATA
CD6C   EF                     RST   28H   ;ensure LCD isn't busy
CD6D   ED A3                  OUTI      ;write to port C, from (HL), inc HL, dec B
CD6F   20 FB                  JR   nz,$-3   ;Do unitl B=0
CD71                             ; 
CD71   06 C0                  LD   b,LCD_ROW2   ;Set DDRAM address counter to Row 2
CD73   CD 7B C5               CALL   commandToLCD   ;Send instruction to LCD
CD76   06 28                  LD   b,40   ;40 bytes to read
CD78   EF                     RST   28H   ;ensure LCD isn't busy
CD79   ED A3                  OUTI      ;write to port C, from (HL), inc HL, dec B
CD7B   20 FB                  JR   nz,$-3   ;Do unitl B=0
CD7D   C9                     RET      
CD7E                             ; 
CD7E                             ; Set the address of a Quick Jump CEL
CD7E                             ; Input: none
CD7E                             ; Destroys: All
CD7E                SETCELQUICKJUMP:      
CD7E   CD EB C4               CALL   beep   ;beep the speaker bit
CD81   06 01                  LD   b,01H   ;clear LCD
CD83   CD 7B C5               CALL   commandToLCD   ;update LCD
CD86   21 FB D2               LD   hl,CELJumpText   ;point to CEL Jump text
CD89   CD 62 C5               CALL   stringToLCD   ;write text
CD8C   06 C9                  LD   b,0C9H   ;set cursor to Row 2,Col 9
CD8E   CD 7B C5               CALL   commandToLCD   ;update LCD
CD91   21 10 D3               LD   hl,CELHelpText   ;point to CEL Help text
CD94   CD 62 C5               CALL   stringToLCD   ;write text
CD97   0E 03                  LD   c,3   ;three values
CD99   11 1E D2               LD   de,LCDBaseRows+3   ;set de to last row
CD9C   21 A7 08               LD   hl,CEL_QJMP+5   ;move to last entry
CD9F                PRINTCELROW:      
CD9F   1A                     LD   a,(de)   ;get column
CDA0   47                     LD   b,a   ;set B as LCD row
CDA1   CD 7B C5               CALL   commandToLCD   ;update LCD
CDA4   79                     LD   a,c   ;get location value
CDA5   C6 30                  ADD   a,30H   ;adjust for ascii
CDA7   CD 77 C5               CALL   charToLCD   ;send character to LCD
CDAA   3E 3A                  LD   a,COLON   
CDAC   CD 77 C5               CALL   charToLCD   ;send character to LCD
CDAF   06 02                  LD   b,2   ;two nibbles
CDB1                PRINTHL:      
CDB1   E5                     PUSH   hl   ;save CEL jump table
CDB2   7E                     LD   a,(hl)   ;get nibble
CDB3   CD C1 C8               CALL   regAToASCII   
CDB6   7C                     LD   a,h   
CDB7   CD 77 C5               CALL   charToLCD   ;send character to LCD
CDBA   7D                     LD   a,l   
CDBB   CD 77 C5               CALL   charToLCD   ;send character to LCD
CDBE   E1                     POP   hl   ;restore CEL jump table
CDBF   2B                     DEC   hl   ;move to next nibble
CDC0   10 EF                  DJNZ   printHL   
CDC2   1B                     DEC   de   ;move to next column
CDC3   0D                     DEC   c   ;move to next location
CDC4   20 D9                  JR   nz,printCELRow   ;do next row
CDC6                             ; LCD displayed, now get key
CDC6                CELKEYPRESS:      
CDC6   CF                     RST   08H   ;get key and wait
CDC7   FE 13                  CP   K_ADDR   ;is it address?
CDC9   C8                     RET   z   ;yes, just exit
CDCA   3D                     DEC   a   ;adjust key for index
CDCB   FE 03                  CP   3   ;check for range 0-2
CDCD   30 F7                  JR   nc,CELKeyPress   ;loop again until 1-3,AD is pressed
CDCF   21 86 08               LD   hl,CEL   ;get CEL
CDD2   11 A2 08               LD   de,CEL_QJMP   ;point to table
CDD5                QJMPTOCEL:      
CDD5   87                     ADD   a,a   ;double for index
CDD6   83                     ADD   a,e   ;index it
CDD7   5F                     LD   e,a   
CDD8   01 02 00               LD   bc,2   ;two bytes
CDDB   ED B0                  LDIR      
CDDD                             ; Check for RTC installed
CDDD   3A 88 08               LD   a,(MCB)   ;get MCB
CDE0   E6 40                  AND   MCB_RTC   ;is bit 6 set?
CDE2   C8                     RET   z   ;no just exit
CDE3   1B                     DEC   de   
CDE4   1B                     DEC   de   
CDE5   EB                     EX   de,hl   ;reset QJMP address and make it HL
CDE6   7D                     LD   a,l   
CDE7   D6 A2                  SUB   0A2H   ;take base off to get RTC slot
CDE9   CD 5C CE               CALL   RTCSetPRAM   ;save it to RTC
CDEC   C9                     RET      
CDED                             ; 
CDED                GETCELQUICKJUMP:      
CDED   11 86 08               LD   de,CEL   ;get CEL
CDF0   21 A2 08               LD   hl,CEL_QJMP   ;point to table
CDF3                             ;reg c=key
CDF3   79                     LD   a,c   ;get key pressed
CDF4   3D                     DEC   a   ;adjust for index
CDF5   87                     ADD   a,a   ;double for index
CDF6   85                     ADD   a,l   ;index it
CDF7   6F                     LD   l,a   
CDF8   7E                     LD   a,(hl)   ;hl = (hl)
CDF9   23                     INC   hl   
CDFA   66                     LD   h,(hl)   
CDFB   6F                     LD   l,a   
CDFC   22 86 08               LD   (CEL),hl   
CDFF   C3 E0 C4               JP   setDataBase   ;set the DATA_BASE variable
CE02                             ; 
CE02                             ; Serial Enable.  Sets the TX line to high ready for serial transfer
CE02                             ; Input: none
CE02                             ; Destroys: A
CE02                SERIALENABLE:      
CE02   3E 40                  LD   a,40H   ;Serial TX bit
CE04   D3 01                  OUT   (DIGITS),a   ;Set it high
CE06   3E 44                  LD   a,44H   ;Set Tri colour LEDs to Disco Blue
CE08   D3 02                  OUT   (SEGS),a   ;output it
CE0A   C9                     RET      
CE0B                             ; 
CE0B                             ; Serial Disable.  Sets the TX line to low disabling serial transfer
CE0B                             ; Input: none
CE0B                             ; Destroys: A
CE0B                SERIALDISABLE:      
CE0B   AF                     XOR   a   ;clear A
CE0C   D3 01                  OUT   (DIGITS),a   ;Set it segment display off
CE0E   D3 02                  OUT   (SEGS),a   ;Clear segment leds
CE10   C9                     RET      
CE11                             ; 
CE11                             ; Confirmation LCD Question.  Press "C" to confirm or any other key to not confirm
CE11                             ; Input: none
CE11                             ; Return: Zero Flag Set === Confirmed
CE11                LCDCONFIRM:      
CE11   21 3C D3               LD   hl,confirmText   
CE14   06 01                  LD   b,01H   ;clear LCD instruction
CE16   CD 7B C5               CALL   commandToLCD   ;update LCD
CE19   CD 62 C5               CALL   stringToLCD   ;Display Message on LCD
CE1C   CF                     RST   08H   ;get key and wait
CE1D   FE 0C                  CP   0CH   ;is it C? Set Zero Flag
CE1F   C9                     RET      
CE20                             ; 
CE20                             ; Real Time Clock (RTC) Routines
CE20                             ; ------------------------------
CE20                             ; 
CE20                             ; Nicely reset RTC PRAM by asking the question first!
CE20                RTCRESET:      
CE20   CD 11 CE               CALL   LCDConfirm   ;check before proceding TISM
CE23   C0                     RET   nz   ;no, just exit
CE24                             ;fall through to next routine
CE24                             ; 
CE24                             ; Reset Mon3 RTC PRAM data to default values.
CE24                             ; Input: none
CE24                             ; Destroys: none
CE24                RESETRTCPRAM:      
CE24   CD E5 F8               CALL   resetDS1302   ;Reset RTC Time/Date to start it off
CE27   01 00 08               LD   bc,0800H   ;B=eight 2 byte addresses, C=slot 0
CE2A   21 00 40               LD   hl,USER_ADDR   ;default to 4000H
CE2D                RTCRESETLOOP1:      
CE2D   51                     LD   d,c   ;load slot
CE2E   5D                     LD   e,l   ;load LSB
CE2F   CD 73 FA               CALL   writeRTCByte   ; 
CE32   0C                     INC   c   ;next slot
CE33   51                     LD   d,c   ;load slot
CE34   5C                     LD   e,h   ;load MSB
CE35   CD 73 FA               CALL   writeRTCByte   ; 
CE38   0C                     INC   c   ;next slot
CE39   3E 0C                  LD   a,0CH   ;are we on the last 4 slots?
CE3B   91                     SUB   c   
CE3C   20 02                  JR   nz,$+4   ;no, ignore
CE3E   26 00                  LD   h,00H   ;yes, set H=0
CE40   10 EB                  DJNZ   RTCResetLoop1   
CE42   CD 6D CE               CALL   RTCfillRAM   ;fill RTC PRAM to Mon3 Ram
CE45                             ; 
CE45                             ;get checksum
CE45                RTCSAVECHECKSUM:      
CE45   CD 5D FD               CALL   getRTCChecksum   ;get new checksum
CE48   16 1E                  LD   d,30   ;load slot 30
CE4A   5F                     LD   e,a   ;load with new checksum
CE4B   C3 73 FA               JP   writeRTCByte   ;save checksum
CE4E                             ; 
CE4E                             ; Get two byte value from PRAM
CE4E                             ; Input: A = first slot value
CE4E                             ; Output: HL = two byte value where L=slot, H=slot+1
CE4E                RTCGETPRAM:      
CE4E   F5                     PUSH   af   
CE4F   57                     LD   d,a   
CE50   CD 64 FA               CALL   readRTCByte   
CE53   6F                     LD   l,a   
CE54   F1                     POP   af   
CE55   3C                     INC   a   
CE56   57                     LD   d,a   
CE57   CD 64 FA               CALL   readRTCByte   
CE5A   67                     LD   h,a   
CE5B   C9                     RET      
CE5C                             ; 
CE5C                             ; Set two byte value to PRAM
CE5C                             ; Input: A = first slot value
CE5C                             ;        HL = address of value to write to
CE5C                RTCSETPRAM:      
CE5C   F5                     PUSH   af   
CE5D   57                     LD   d,a   
CE5E   5E                     LD   e,(hl)   
CE5F   CD 73 FA               CALL   writeRTCByte   
CE62   F1                     POP   af   
CE63   23                     INC   hl   
CE64   3C                     INC   a   
CE65   57                     LD   d,a   
CE66   5E                     LD   e,(hl)   
CE67   CD 73 FA               CALL   writeRTCByte   
CE6A   C3 45 CE               JP   RTCSaveChecksum   
CE6D                             ; 
CE6D                             ; Copy the RTC PRAM to Mon3 RAM locations
CE6D                RTCFILLRAM:      
CE6D                             ;Set CEL Jump Table from PRAM (Ugly code here!!)
CE6D   3E 00                  LD   a,0   ;get 1st slot
CE6F   CD 4E CE               CALL   RTCGetPRAM   
CE72   22 A2 08               LD   (CEL_QJMP),hl   
CE75   3E 02                  LD   a,2   ;get 3rd slot
CE77   CD 4E CE               CALL   RTCGetPRAM   
CE7A   22 A4 08               LD   (CEL_QJMP+2),hl   
CE7D   3E 04                  LD   a,4   ;get 5th slot
CE7F   CD 4E CE               CALL   RTCGetPRAM   
CE82   22 A6 08               LD   (CEL_QJMP+4),hl   
CE85                             ;Set Copy/To/Dest from PRAM
CE85   3E 06                  LD   a,6   ;get 7th slot
CE87   CD 4E CE               CALL   RTCGetPRAM   
CE8A   22 C0 08               LD   (COPY_START),hl   
CE8D   3E 08                  LD   a,8   ;get 9th slot
CE8F   CD 4E CE               CALL   RTCGetPRAM   
CE92   22 C2 08               LD   (COPY_END),hl   
CE95   3E 0A                  LD   a,10   ;get 11th slot
CE97   CD 4E CE               CALL   RTCGetPRAM   
CE9A   22 C4 08               LD   (COPY_DEST),hl   
CE9D   C9                     RET      
CE9E                             ; 
CE9E                             ; Menu Initialise.  Set a custom user menu on the LCD. 
CE9E                             ; Input: HL = Pointer to Menu configuration.
CE9E                             ; Destroys: A, HL
CE9E                MENUINIT:      
CE9E   CD B8 CE               CALL   menuReset   ;reset menu variables
CEA1   D5                     PUSH   de   ;store DE
CEA2   3A 9B 08               LD   a,(MENU_IDX)   ;get menu index
CEA5   3C                     INC   a   ;move to next index
CEA6   E6 03                  AND   03H   ;reset to 0 if 4
CEA8   32 9B 08               LD   (MENU_IDX),a   ;save it
CEAB   87                     ADD   a,a   ;double it
CEAC   11 A8 08               LD   de,MENU_CFG_D   ;get config depth table
CEAF   83                     ADD   a,e   ;index table
CEB0   5F                     LD   e,a   ;to index postion
CEB1   7D                     LD   a,l   ;(DE) = HL
CEB2   12                     LD   (de),a   
CEB3   13                     INC   de   
CEB4   7C                     LD   a,h   
CEB5   12                     LD   (de),a   
CEB6   D1                     POP   de   ;restore DE
CEB7   C9                     RET      
CEB8                             ; 
CEB8                             ; Reset the menu variables for setting up a new menu
CEB8                             ; Input: HL = Pointer to Menu configuration.
CEB8                             ; Destroys: A
CEB8                MENURESET:      
CEB8   AF                     XOR   a   ;clear A
CEB9   32 96 08               LD   (MENU_POS),a   ;set menu position to first
CEBC   32 97 08               LD   (MENU_SEL),a   ;set first item to be selected
CEBF   7E                     LD   a,(hl)   ;get menu count
CEC0   32 98 08               LD   (MENU_CNT),a   ;save menu count
CEC3   22 99 08               LD   (MENU_CFG),hl   ;store new menu configuration
CEC6   C9                     RET      
CEC7                             ; 
CEC7                             ; Revert the menu to the previous one if any.
CEC7                             ; Input: none
CEC7                             ; Destroy: A
CEC7                MENUPOP:      
CEC7   3A 9B 08               LD   a,(MENU_IDX)   ;get current menu index
CECA   3D                     DEC   a   ;reduce by one
CECB   32 9B 08               LD   (MENU_IDX),a   ;save it back
CECE   FA 44 C6               JP   m,switchMode   ;if a < 0, switch to Data mode and return
CED1   87                     ADD   a,a   ;double it
CED2   E5                     PUSH   hl   ;save HL
CED3   21 A8 08               LD   hl,MENU_CFG_D   ;get config depth table
CED6   85                     ADD   a,l   ;index table
CED7   6F                     LD   l,a   ;to index postion
CED8   7E                     LD   a,(hl)   ;get low byte
CED9   23                     INC   hl   
CEDA   66                     LD   h,(hl)   ;get high byte
CEDB   6F                     LD   l,a   ;make HL = (HL)
CEDC   CD B8 CE               CALL   menuReset   ;reset menu to new menu
CEDF   E1                     POP   hl   ;restore HL
CEE0   C9                     RET      
CEE1                             ; 
CEE1                             ; Menu Draw routine.  Title, then menu items from MENU_POS
CEE1                MENUDRAW:      
CEE1   06 01                  LD   b,01H   ;clear LCD instruction
CEE3   CD 7B C5               CALL   commandToLCD   ;update LCD
CEE6   2A 99 08               LD   hl,(MENU_CFG)   ;load menu config
CEE9   23                     INC   hl   ;move to seven segment text
CEEA                             ;set segment text
CEEA   11 80 08               LD   de,DISP_BUFF   ;store in Monitor 7seg Buffer
CEED   06 06                  LD   b,6   
CEEF                LCDSEGLOOP:      
CEEF   7E                     LD   a,(hl)   
CEF0   CD 58 C6               CALL   ASCIItoSegment   ;convert A to segment code
CEF3   12                     LD   (de),a   
CEF4   23                     INC   hl   
CEF5   13                     INC   de   
CEF6   10 F7                  DJNZ   LCDSegLoop   
CEF8                             ;HL is now at menu title
CEF8   CD 62 C5               CALL   stringToLCD   ;send Title to LCD
CEFB   3A 96 08               LD   a,(MENU_POS)   ;get current menu selection
CEFE   CD 5B CF               CALL   menuIndex   ;set HL to menu config at index A
CF01   0E 03                  LD   c,3   ;three rows
CF03   3A 98 08               LD   a,(MENU_CNT)   ;get menu count
CF06   B9                     CP   c   ;is it 3 or less?
CF07   30 01                  JR   nc,$+3   ;yes, skip setting b=count
CF09   4F                     LD   c,a   ;set rows to max count
CF0A   11 1C D2               LD   de,LCDBaseRows+1   ;LCD rows 2,3,4
CF0D                DRAWLOOP:      
CF0D   1A                     LD   a,(de)   ;get row value
CF0E   47                     LD   b,a   ;set B as LCD row
CF0F   04                     INC   b   ;move one to the right
CF10   CD 7B C5               CALL   commandToLCD   ;update LCD
CF13   CD 62 C5               CALL   stringToLCD   ;write menu item
CF16   3A 88 08               LD   a,(MCB)   ;get MCB
CF19   E6 20                  AND   MCB_MEN_PAR   ;check to see if menu or parameter structure
CF1B   28 21                  JR   z,drawHLSkip   ;menu so skip HL draw
CF1D   1A                     LD   a,(de)   ;get row value
CF1E   C6 10                  ADD   a,16   ;right justify
CF20   47                     LD   b,a   ;set B as LCD row/column
CF21   CD 7B C5               CALL   commandToLCD   ;update LCD                
CF24   E5                     PUSH   hl   ;save HL
CF25   7E                     LD   a,(hl)   ;store ram
CF26   23                     INC   hl   ;address
CF27   66                     LD   h,(hl)   ;back into
CF28   6F                     LD   l,a   ;HL
CF29   23                     INC   hl   ;move to high byte
CF2A   06 02                  LD   b,2   ;type bytes
CF2C                DRAWHL:      
CF2C   7E                     LD   a,(hl)   ;get byte
CF2D   E5                     PUSH   hl   ;save HL
CF2E   CD C1 C8               CALL   regAToASCII   
CF31   7C                     LD   a,h   
CF32   CD 77 C5               CALL   charToLCD   ;send character to LCD
CF35   7D                     LD   a,l   
CF36   CD 77 C5               CALL   charToLCD   ;send character to LCD
CF39   E1                     POP   hl   ;restore HL
CF3A   2B                     DEC   hl   ;move to low byte
CF3B   10 EF                  DJNZ   drawHL   ;do next byte
CF3D   E1                     POP   hl   ;restore HL
CF3E                DRAWHLSKIP:      
CF3E   23                     INC   hl   ;skip jump
CF3F   23                     INC   hl   
CF40   13                     INC   de   ;move to next row
CF41   0D                     DEC   c   ;get next row
CF42   20 C9                  JR   nz,drawLoop   ;if any
CF44                             ;draw pointer
CF44   3A 96 08               LD   a,(MENU_POS)   ;get menu text pos
CF47   47                     LD   b,a   
CF48   3A 97 08               LD   a,(MENU_SEL)   ;get selection
CF4B   90                     SUB   b   ;A = 0,1 or 2
CF4C   11 1C D2               LD   de,LCDBaseRows+1   ;LCD rows 2,3,4
CF4F   83                     ADD   a,e   ;index DE (same page!)
CF50   5F                     LD   e,a   
CF51   1A                     LD   a,(de)   ;get row index
CF52   47                     LD   b,a   
CF53   CD 7B C5               CALL   commandToLCD   ;update LCD
CF56   3E 7E                  LD   a,MENU_PTR   ;display ->
CF58   C3 77 C5               JP   charToLCD   ;display it and exit
CF5B                             ; 
CF5B                             ; Index menu configuration with A
CF5B                             ; Input: A = index
CF5B                             ; Output: HL = position of menu entry text.
CF5B                MENUINDEX:      
CF5B   47                     LD   b,a   ;save index
CF5C   2A 99 08               LD   hl,(MENU_CFG)   ;get configuration
CF5F   7E                     LD   a,(hl)   ;skip menu title and 7seg/count data (can't be zero)
CF60   23                     INC   hl   
CF61   B7                     OR   a   ;is it zero
CF62   20 FB                  JR   nz,$-3   ;repeat until zero found
CF64   78                     LD   a,b   ;is index zero?
CF65   B7                     OR   a   ;yes
CF66   C8                     RET   z   ;HL in correct spot
CF67                INDEXLOOP:      
CF67   7E                     LD   a,(hl)   ;skip menu entry
CF68   23                     INC   hl   
CF69   B7                     OR   a   ;is it zero
CF6A   20 FB                  JR   nz,$-3   ;repeat until zero found
CF6C   23                     INC   hl   ;move to next menu entry
CF6D   23                     INC   hl   
CF6E   10 F7                  DJNZ   indexLoop   ;keep going until done
CF70   C9                     RET      
CF71                             ; 
CF71                             ; Menu driver for external applications.  Creates a selectable custom menu
CF71                             ; Keys: Go = Select menu item, AD = Exit Menu, +/- = Navigate menu
CF71                             ; Input: HL = Pointer to Menu configuration. (See Note)
CF71                             ; Destroys: A, HL
CF71                             ; Note: Menu configuration is as follows.  All strings are ZERO terminated!
CF71                             ; <Menu Entries>, <7Seg Text>, <Menu Text Title>,
CF71                             ;        [<Menu Text Label>, <Menu Routine Address>]+
CF71                             ; EG: .db 2             ;Two menu items
CF71                             ;     .db "Games "      ;7Seg Text
CF71                             ;     .db "Games",0     ;Menu title
CF71                             ;     .db "TEC Invaders",0  ;Text and Routine
CF71                             ;     .dw invaders
CF71                             ;     .db "TEC Maze",0  ;Text and routine
CF71                             ;     .dw maze
CF71                MENUDRIVER:      
CF71   CD 9E CE               CALL   menuInit   ;Initialise the internal memory with menu config
CF74   21 88 08               LD   hl,MCB   ;set MCB
CF77   CB DE                  SET   3,(hl)   ;into LCD mode
CF79   E1                     POP   hl   ;pop return address of rst 10
CF7A   E1                     POP   hl   ;pop return address of GO call
CF7B   C3 05 C2               JP   setLCD   ;hook into monitor menu controller
CF7E                             ; 
CF7E                             ; Parameter data entry driver.  Creates a list of editable two byte parameters
CF7E                             ; utilising the menu handler.
CF7E                             ; Keys: Go = Continue, AD = Exit, +/- = Navigate, 0-F = enter values
CF7E                             ; Input: HL = Pointer to Parameter configuration. (See Note)
CF7E                             ; Note: Parameter configuration is as follows.  All strings are ZERO terminated!
CF7E                             ; Parameter text can be no longer than 14 characters
CF7E                             ; <No. of Entries>, <7Seg Text>, <Parameter Title Text>,
CF7E                             ;      [<Param Text Label>, <Param RAM Address>]+
CF7E                             ; EG: .db 3             ;Three parameters
CF7E                             ;     .db "Params"      ;7seg text
CF7E                             ;     .db "= Enter Parameters =",0     ;Parameter title
CF7E                             ;     .db "Start Address:",0  ;Text and Address
CF7E                             ;     .dw COPY_START
CF7E                             ;     .db "End Address:",0  ;Text and Address
CF7E                             ;     .dw COPY_END
CF7E                             ;     .db "Dest. Address:",0  ;Text and Address
CF7E                             ;     .dw COPY_DEST
CF7E                PARAMDRIVER:      
CF7E   CD 9E CE               CALL   menuInit   ;Initialise the internal memory with param config
CF81   21 88 08               LD   hl,MCB   ;set MCB
CF84   CB DE                  SET   3,(hl)   ;into LCD mode
CF86   CB EE                  SET   5,(hl)   ;and Parameter Entry mode
CF88   C3 05 C2               JP   setLCD   ;hook into monitor menu controller    
CF8B                             ; 
CF8B                             ; Get Caps lock state
CF8B                             ; Input: none
CF8B                             ; Output: A = caps lock state; 0 = off, CAPSLOCK = on
CF8B                GETCAPS:      
CF8B   3A 9C 08               LD   a,(CAPS_LOCK)   ; fetch current value
CF8E   C9                     RET      
CF8F                             ; 
CF8F                             ; Get GLCD Terminal state
CF8F                             ; Input: none
CF8F                             ; Output: A = GLCD Terminal state; 0 = off, FF = on
CF8F                GETGLCDTERM:      
CF8F   3A 8F 08               LD   a,(GLCD_TERM)   ; fetch current value
CF92   C9                     RET      
CF93                             ; 
CF93                             ; Get SHADOW state
CF93                             ; Input: none
CF93                             ; Output: A = shadow state; 0 = off, SHADOW = on
CF93                GETSHADOW:      
CF93   3A 9D 08               LD   a,(SYS_MODE)   ; fetch current value
CF96   E6 01                  AND   SHADOW   ; return SHADOW bit only
CF98   EE 01                  XOR   SHADOW   ; flip bit becuase active low
CF9A   C9                     RET      
CF9B                             ; 
CF9B                             ; Get PROTECT state
CF9B                             ; Input: none
CF9B                             ; Output: A = protect state; 0 = off
CF9B                GETPROTECT:      
CF9B   3A 9E 08               LD   a,(PROT_MODE)   ; fetch current value
CF9E   C9                     RET      
CF9F                             ; 
CF9F                             ; Get EXPAND state
CF9F                             ; Input: none
CF9F                             ; Output: A = expand state; 0 = off
CF9F                GETEXPAND:      
CF9F   3A 9D 08               LD   a,(SYS_MODE)   ; fetch current value
CFA2   E6 04                  AND   EXPAND   ; return EXPAND bit only
CFA4   C9                     RET      
CFA5                             ; 
CFA5                             ; Set Caps lock state
CFA5                             ; Input: A = Desired caps lock state; 0 = off, CAPSLOCK = on
CFA5                             ; Destroy: A
CFA5                SETCAPS:      
CFA5   C5                     PUSH   bc   
CFA6   E6 80                  AND   CAPSLOCK   ; ensure only correct bit is accepted
CFA8   32 9C 08               LD   (CAPS_LOCK),a   ; save caps lock
CFAB   47                     LD   b,a   ; save A in B
CFAC   3A 9D 08               LD   a,(SYS_MODE)   ; get current state
CFAF   E6 7F                  AND   CAPSLOCK-1   ; clear bit
CFB1                UPDATEMODE:      
CFB1   B0                     OR   b   ; set new bit state from B
CFB2   D3 FF                  OUT   (SYS_CTRL),a   
CFB4   32 9D 08               LD   (SYS_MODE),a   
CFB7   C1                     POP   bc   
CFB8   C9                     RET      
CFB9                             ; 
CFB9                             ; Set GLCD Terminal state
CFB9                             ; Input: A = Desired GLCD Terminal state; 0 = off, FF = on
CFB9                             ; Destroy: A
CFB9                SETGLCDTERM:      
CFB9   B7                     OR   a   ; check for zero
CFBA   28 02                  JR   z,$+4   ; yes, skip force FF
CFBC   3E FF                  LD   a,0FFH   ; set to FF
CFBE   32 8F 08               LD   (GLCD_TERM),a   ; save glcd termnial flag
CFC1   C3 15 D0               JP   initGLCDTerminal   ; set GLCD based on flag
CFC4                             ; 
CFC4                             ; Set SHADOW state
CFC4                             ; Input: A = Desired SHADOW state; 0 = off, SHADOW = on
CFC4                             ; Destroy: A
CFC4                SETSHADOW:      
CFC4   C5                     PUSH   bc   
CFC5   E6 01                  AND   SHADOW   ; ensure only correct is accepted
CFC7   AF                     XOR   a   ; flip bit because active low
CFC8   47                     LD   b,a   ; save A in B
CFC9   3A 9D 08               LD   a,(SYS_MODE)   ; get current state
CFCC   E6 FE                  AND   -SHADOW-1   ; clear bit
CFCE   18 E1                  JR   updateMode   ; set mode and exit
CFD0                             ; 
CFD0                             ; Set PROTECT state
CFD0                             ; Input: A = Desired Protect state; 0 = off, PROTECT = on
CFD0                             ; Destroy: A
CFD0                SETPROTECT:      
CFD0   C5                     PUSH   bc   
CFD1   E6 02                  AND   PROTECT   ; ensure only correct bit is accepted
CFD3   32 9E 08               LD   (PROT_MODE),a   ; save prot mode
CFD6   47                     LD   b,a   ; save A in B
CFD7   3A 9D 08               LD   a,(SYS_MODE)   ; get current state
CFDA   E6 FD                  AND   -PROTECT-1   ; clear bit
CFDC   18 D3                  JR   updateMode   ; set mode and exit
CFDE                             ; 
CFDE                             ; Set EXPAND state
CFDE                             ; Input: A = Desired Expand state; 0 = off, EXPAND = on
CFDE                             ; Destroy: A
CFDE                SETEXPAND:      
CFDE   C5                     PUSH   bc   
CFDF   E6 04                  AND   EXPAND   ; ensure only correct bit is accepted
CFE1   32 9F 08               LD   (XPND_MODE),a   ; Save expand
CFE4   47                     LD   b,a   ; save A in B
CFE5   3A 9D 08               LD   a,(SYS_MODE)   ; get current state
CFE8   E6 FB                  AND   -EXPAND-1   ; clear bit
CFEA   18 C5                  JR   updateMode   ; set mode and exit
CFEC                             ; 
CFEC                             ; Toggle Caps Lock
CFEC                             ; Input: none
CFEC                             ; Destroy: A
CFEC                TOGGLECAPS:      
CFEC   3A 9C 08               LD   a,(CAPS_LOCK)   ; get caps lock mode status
CFEF   EE 80                  XOR   CAPSLOCK   ; toggle bit
CFF1   32 9C 08               LD   (CAPS_LOCK),a   ; return it back
CFF4   3A 9D 08               LD   a,(SYS_MODE)   ; get current state
CFF7   EE 80                  XOR   CAPSLOCK   ; toggle bit
CFF9                UPDATECTL:      
CFF9   D3 FF                  OUT   (SYS_CTRL),a   ; update latch
CFFB   32 9D 08               LD   (SYS_MODE),a   ; save state
CFFE   C9                     RET      
CFFF                             ; 
CFFF                             ; Toggle EXPAND
CFFF                             ; Input: none
CFFF                             ; Destroy: A
CFFF                TOGGLEEXPAND:      
CFFF   3A 9F 08               LD   a,(XPND_MODE)   ; get expand mode status
D002   EE 04                  XOR   EXPAND   ; toggle bit
D004   32 9F 08               LD   (XPND_MODE),a   ; return it back
D007   3A 9D 08               LD   a,(SYS_MODE)   ; get current state
D00A   EE 04                  XOR   EXPAND   ; toggle bit
D00C   18 EB                  JR   updateCTL   
D00E                             ; 
D00E                             ; Toggle GLCD Terminal Flag
D00E                             ; Input: none
D00E                             ; Destroy: A
D00E                TOGGLEGLCDTERMINAL:      
D00E   3A 8F 08               LD   a,(GLCD_TERM)   ; get glcd terminal status
D011   2F                     CPL      ; twos complement
D012   32 8F 08               LD   (GLCD_TERM),a   ; save it back
D015                INITGLCDTERMINAL:      
D015   C5                     PUSH   bc   
D016   D5                     PUSH   de   
D017   E5                     PUSH   hl   
D018   F5                     PUSH   af   
D019   B7                     OR   a   
D01A   28 05                  JR   z,$+7   
D01C   CD 18 DB               CALL   initTerminal   ; set GLCD as terminal
D01F   18 03                  JR   $+5   
D021   CD 00 D8               CALL   initLCD   ; set GLCD as normal
D024   F1                     POP   af   
D025   E1                     POP   hl   
D026   D1                     POP   de   
D027   C1                     POP   bc   
D028   C9                     RET      
D029                             ; 
D029                             ; Toggle Key Press Beep
D029                             ; Input: none
D029                             ; Destroy: A
D029                TOGGLEBEEP:      
D029   3A 8D 08               LD   a,(KEY_BEEP)   ; get current state
D02C   2F                     CPL      ; twos complement
D02D   32 8D 08               LD   (KEY_BEEP),a   ; save it back
D030   C9                     RET      
D031                             ; 
D031                             ; Toggle Auto increment address after second nibble keyed
D031                             ; Input: none
D031                             ; Destroy: A
D031                TOGGLEAUTOADDRESS:      
D031   3A 8B 08               LD   a,(KEY_AUTO)   ; get current state
D034   2F                     CPL      ; twos complement
D035   32 8B 08               LD   (KEY_AUTO),a   ; save it back
D038   C9                     RET      
D039                             ; 
D039                             ; Display credits via menu
D039                DISPLAYCREDITS:      
D039   21 1F D5               LD   hl,creditsCFG   
D03C   CD 71 CF               CALL   menuDriver   
D03F                             ; 
D03F                             ; Display setting menu
D03F                DISPLAYSETTINGS:      
D03F   21 96 D4               LD   hl,settingsCFG   
D042   CD 71 CF               CALL   menuDriver   
D045                             ; 
D045                             ; Random Number generator.
D045                             ; Input: note
D045                             ; Output: A = pseudo random number
D045                             ; Destroy: B
D045                RANDOM:      
D045   3A B0 08               LD   a,(RNG_SEED)   ;Random RAM seed
D048   47                     LD   b,a   
D049   CB 20                  SLA   b   
D04B   9F                     SBC   a,a   
D04C   E6 5F                  AND   5FH   
D04E   A8                     XOR   b   
D04F   32 B0 08               LD   (RNG_SEED),a   
D052   47                     LD   b,a   
D053   ED 5F                  LD   a,r   
D055   80                     ADD   a,b   
D056   C9                     RET      
D057                             ; 
D057                             ; Set Disassembly Start Address.  Set the first address for disassembler output
D057                             ; Input: HL = start address
D057                             ; Output: none
D057                             ; Destroy: none
D057                SETDISSTART:      
D057   22 29 09               LD   (DISFROM),hl   ;save start in DIS_FROM
D05A   C9                     RET      
D05B                             ; 
D05B                             ; Get Disassembly Next Address.  Get the next disassembly address
D05B                             ; Input: none
D05B                             ; Output: HL = next disassembly address
D05B                             ; Destroy: none
D05B                GETDISNEXT:      
D05B   2A 29 09               LD   hl,(DISFROM)   ;get next address from DIS_FROM
D05E   C9                     RET      
D05F                             ; 
D05F                             ; Generate Disassembly line
D05F                             ; Input: None (but must call setDisStart first)
D05F                             ; Output: HL = pointer to disassembly ASCII output, zero terminated
D05F                             ; Destroy: All
D05F                GETDISASSEMBLY:      
D05F   CD 1D E7               CALL   disStart   ;generate Disassembly
D062   21 26 09               LD   hl,DISPTR   ;get end of output string
D065   36 00                  LD   (hl),0   ;place zero at end of string
D067   21 00 09               LD   hl,DISLINE1   ;reset HL to point to start of string
D06A   C9                     RET      
D06B                             ; 
D06B                             ; Convert the output of the matrixScan routine to ASCII.  matrixScan returns values between 0 and 64
D06B                             ; these represent key presses on the keyboard.  This routine will convert the output of matrixScan, DE
D06B                             ; to the actual key pressed in ASCII.  If key doesn't map to an ASCII character then the
D06B                             ; matrix key value is returned.
D06B                             ; Input: DE = value return from matrixScan. E = key, D = secondary key
D06B                             ; Output: A = key pressed in ASCII
D06B                             ; Destroy: BC, HL
D06B                MATRIXSCANASCII:      
D06B   7B                     LD   a,e   ;get key pressed
D06C                             ;handle ESC, CR, Space, Single Quote and Backslash
D06C   21 8F D0               LD   hl,KMOD_TABLE   ;point to mod table
D06F   01 05 00               LD   bc,0005H   ;five keys to check
D072   ED A1        KCPI:     CPI      ;compare A to value in Table
D074   28 06                  JR   z,kModA   ;yes, mod it
D076   23                     INC   hl   ;skip the next table entry
D077   EA 72 D0               JP   pe,kCPI   ;does BC=0, no check again
D07A   18 1D                  JR   kNumChar   ;key doesn't need modding, move to next check
D07C                KMODA:       
D07C   7E                     LD   a,(hl)   ;save A with new modded value
D07D   FE 26                  CP   26H   ;is it either a quote or back slash?
D07F   D8                     RET   c   ;no, then just cleanly exit as shift doesn't apply
D080   47                     LD   b,a   ;save A in B
D081   7A                     LD   a,d   ;check second key
D082   B7                     OR   a   ;is A a SHIFT? Shift = 0
D083   20 5B                  JR   nz,kAlpEnd   ;No, exit cleanly with modded value
D085   21 B0 D0               LD   hl,KSHIFT_TABLE   ;point to shift table
D088   3E 12                  LD   a,12H   ;set base index
D08A   81                     ADD   a,c   ;add key index
D08B                KSHIFTINDEX:      
D08B   85                     ADD   a,l   ;index table
D08C   6F                     LD   l,a   ;set L
D08D   7E                     LD   a,(hl)   ;get shifted value for quote or backslash
D08E   C9                     RET      ;cleanly exit
D08F                KMOD_TABLE:      
D08F                             ;First value is key, second value is modded ASCII, 5 keys in total
D08F   0A 0D 0C 1B 0D 20 0E 27 3F 5C DB   0AH,0DH,0CH,1BH,0DH,20H,0EH,27H,3FH,5CH   
D099                KNUMCHAR:      
D099                             ;Handle number and Characters
D099   FE 21                  CP   21H   ;check key range below A-Z
D09B   30 27                  JR   nc,kAlpha   ;its higher, check for Chracter
D09D   FE 0F                  CP   0FH   ;is it greater than Comma?
D09F   38 23                  JR   c,kAlpha   ;yes, check for Character
D0A1   C6 1D                  ADD   a,1DH   ;index to get correct ASCII
D0A3   47                     LD   b,a   ;save key
D0A4   7A                     LD   a,d   ;check second key
D0A5   B7                     OR   a   ;is it a SHIFT? Shift = 0
D0A6   20 38                  JR   nz,kAlpEnd   ;No, exit cleanly with new value
D0A8   21 B0 D0               LD   hl,KSHIFT_TABLE   ;point to shift table
D0AB   78                     LD   a,b   ;get key value
D0AC   D6 2C                  SUB   2CH   ;set base index
D0AE   18 DB                  JR   kShiftIndex   ;do index and cleanly exit
D0B0                KSHIFT_TABLE:      
D0B0                             ;Characters when shift is pressed.  22H is double quote
D0B0   3C 5F 3E 3F 29 21 40 23 24 25 5E 26 2A 28 20 3A 20 2B 7C 22 DB   "<_>?)!@#$%^&*( : +|",22H   
D0C4                KALPHA:      
D0C4                             ;Handle Alphabet characters A-Z
D0C4   FE 24                  CP   24H   ;is key is A or over
D0C6   D8                     RET   c   ;no, no mod just exit cleanly
D0C7   C6 3D                  ADD   a,3DH   ;index key to get correct ASCII
D0C9   47                     LD   b,a   ;save key
D0CA   7A                     LD   a,d   ;check second key
D0CB   3D                     DEC   a   ;is it CTRL?
D0CC   20 04                  JR   nz,kCaps   ;no, check for caps lock
D0CE   78                     LD   a,b   ;get correct key
D0CF   D6 60                  SUB   60H   ;adjust for CTRL-? keys
D0D1   C9                     RET      ;exit
D0D2                KCAPS:       
D0D2   CD 8B CF               CALL   getCaps   ;get CAPS lock state
D0D5   B7                     OR   a   ;is it set or not?
D0D6   20 04                  JR   nz,kUpper   ;yes, make upper case
D0D8   7A                     LD   a,d   ;check second key
D0D9   B7                     OR   a   ;is it SHIFT?
D0DA   20 04                  JR   nz,kAlpEnd   ;no, cleanly exit
D0DC                KUPPER:      
D0DC   78                     LD   a,b   ;get key
D0DD   D6 20                  SUB   "a"-"A"   ;subtract 20H to adjust for upper case
D0DF   C9                     RET      ;exit cleanly
D0E0                KALPEND:      
D0E0   78                     LD   a,b   ;save correct key
D0E1   C9                     RET      ;exit
D0E2                             ; 
D0E2                             ; Parse matrix keyboard input.  This routine checks the key(s) pressed on
D0E2                             ; the Matrix Keyboard and either returns the key pressed in ASCII or handle
D0E2                             ; special cases.  The special cases are Key Bounce/Repeat and Caps lock.  This routine
D0E2                             ; is designed to come directly after matrixScan and included in the Scan loop.
D0E2                             ; Input: DE = value return from matrixScan. E = key, D = secondary key
D0E2                             ;        Zero Flag = Set if key pressed. (From matrixScan output)
D0E2                             ; Output: A = key pressed in ASCII
D0E2                             ;         Carry Flag = Set if ASCII returned.
D0E2                             ;         Carry Flag = Not Set if special case and no ASCII returned
D0E2                             ; Destroy: BC, HL
D0E2                PARSEMATRIXSCAN:      
D0E2   21 8C 08               LD   hl,KEY_REPEAT   ;get the key repeat timer
D0E5   28 0E                  JR   z,parseKey   ;Key has been pressed, check it
D0E7   36 00                  LD   (hl),00H   ;reset delay counter
D0E9   AF                     XOR   a   ;no key pressed, clear the key buffer
D0EA   32 89 08               LD   (KEY_BUFF),a   
D0ED                PARSESPECIAL:      
D0ED   06 00                  LD   b,00H   ;delay to slow this
D0EF   10 FE                  DJNZ   $   ;shit down.
D0F1   10 FE                  DJNZ   $   ;shit down.
D0F3   B7                     OR   a   ;Clear carry flag
D0F4   C9                     RET      
D0F5                PARSEKEY:      
D0F5                             ;check for previous key
D0F5   3A 89 08               LD   a,(KEY_BUFF)   ;Check previous key
D0F8   BB                     CP   e   ;is the key pressed
D0F9   20 05                  JR   nz,parseNewKey   ;New key, parse it
D0FB   35                     DEC   (hl)   ;key held, decrease timer
D0FC   20 EF                  JR   nz,parseSpecial   ;loop back to exit as if no key pressed
D0FE   36 20                  LD   (hl),KEY_SPEED   ;short timer set for subsequent presses
D100                PARSENEWKEY:      
D100                             ;different key, save it
D100   7B                     LD   a,e   
D101   32 89 08               LD   (KEY_BUFF),a   ;save key to key buffer
D104   FE 03                  CP   03H   ;ignore Shift/Ctrl/Fn if first key pressed
D106   38 E5                  JR   c,parseSpecial   ;exit cleanly
D108   35                     DEC   (hl)   ;set timer off
D109                             ;check for Caps lock pressed (need to fix auto repeat issue)
D109   3E 07                  LD   a,07H   ;caps lock key value
D10B   BB                     CP   e   
D10C   20 05                  JR   nz,parseMatrix   ;no, then convert key pressed
D10E   CD EC CF               CALL   toggleCaps   
D111   18 DA                  JR   parseSpecial   ;exit cleanly
D113                PARSEMATRIX:      
D113   CD 6B D0               CALL   matrixScanASCII   
D116                             ;All good, A=ASCII key pressed,
D116   37                     SCF      ;set carry for good exit
D117   C9                     RET      
D118                             ; 
D118                             ; -----------------------------------------------------------------------------
D118                             ; Strings, Constants, JP tables etc.
D118                             ; -----------------------------------------------------------------------------
D200                          .ORG   BASE_ADDR+1200H   
D200                             ;Initial defaults on Hard Boot (Copied to RAM)
D200                             ;MCB = Bits 0,1 = Data Nibbles Entered
D200                             ;      Bit 2 = Address=H/Data=L mode
D200                             ;      Bit 3 = LCD=H/Segment=L mode
D200                             ;      Bit 4 = Disassembler View=H/Data Entry View=L mode (for segment mode only)
D200                             ;      Bit 5 = Menu=L/Parameter=H Format for Menu handler (for LCD mode only)
D200                             ;      Bit 6 = RTC Add-On Present=H
D200                             ;      Bit 7 = SD Card Add-On Present=H (not implemented yet)
D200                DEFAULTS:      
D200   00 40                  DW   USER_ADDR   ;Initial Editing Location
D202   08                     DB   08H   ;Monitor Control Byte (Default LCD Menu Mode)
D203   00                     DB   00H   ;Key Buffer
D204   20                     DB   20H   ;Key Press Flag (non zero = no press)
D205   00                     DB   00H   ;Auto Increment
D206   00                     DB   00H   ;Key repeat timer
D207   00                     DB   00H   ;Key Beep On/Off
D208   00                     DB   00H   ;Matrix Second Key Buffer
D209   00                     DB   00H   ;GLCD Terminal flag (zero = use FTDI)
D20A   00 40                  DW   USER_ADDR   ;Disassembler/Editor Starting Location
D20C   91 C0                  DW   INTHandler   ;INT User jump routine (default RETI)
D20E   93 C0                  DW   NMIHandler   ;NMI User jump routine (default RETI)
D210   00                     DB   00H   ;Menu postion
D211   00                     DB   00H   ;Menu selection
D212   00                     DB   00H   ;Menu count
D213   B2 D3                  DW   mainMenuCFG   ;Menu configuration
D215   FF                     DB   0FFH   ;Menu configuration depth index
D216   00                     DB   00H   ;Capslock OFF
D217                DEFAULTSSIZE:   EQU   $-defaults   
D217                             ; 
D217                             ;LCD Initiliastion codes
D217                LCDINITTABLE:      
D217   38                     DB   38H   ;8-Bit, 2 Lines
D218   01                     DB   01H   ;Clear Display
D219   06                     DB   06H   ;No Shift, Cursor move right
D21A   0C                     DB   0CH   ;Display On, Cursor Off
D21B                             ; 
D21B                             ;LCD Row Column 1 Values
D21B                LCDBASEROWS:      
D21B   80 C0 94 D4            DB   LCD_ROW1,LCD_ROW2,LCD_ROW3,LCD_ROW4   
D21F                             ; 
D21F                             ;Hexidecimal to Seven Segment display
D21F                HEXTOSEGMENTTABLE:      
D21F   EB 28 CD AD 2E A7 E7 29 DB   0EBH,28H,0CDH,0ADH,2EH,0A7H,0E7H,29H   ;0-7
D227   EF 2F 6F E6 C3 EC C7 47 DB   0EFH,2FH,6FH,0E6H,0C3H,0ECH,0C7H,47H   ;8-F
D22F                             ; 
D22F                             ; Jump table to various routines and function when a Fn+key is pressed
D22F                FUNCTIONJUMPTABLE:      
D22F   7E CD                  DW   setCELQuickJump   ;0 = Set CEL Quick Jump Address
D231   ED CD                  DW   getCELQuickJump   ;1 = Get CEL Quick Jump 1
D233   ED CD                  DW   getCELQuickJump   ;2 = Get CEL Quick Jump 2
D235   ED CD                  DW   getCELQuickJump   ;3 = Get CEL Quick Jump 3
D237   EF C6                  DW   intelHexLoad   ;4 = Intel Hex File Loader
D239   0E D0                  DW   toggleGLCDTerminal   ;5 = Toggle GLCD Terminal output
D23B   19 CC                  DW   displayNoFn   ;6 = Unused
D23D   19 CC                  DW   displayNoFn   ;7 = Unused
D23F   B1 CB                  DW   NOPFill   ;8 = NOP Fill
D241   19 CC                  DW   displayNoFn   ;9 = Unused
D243   5F CB                  DW   restoreBackup   ;A = Restore Backup
D245   56 CB                  DW   dumbCopy   ;B = Block Backup
D247   04 CA                  DW   smartCopy   ;C = Smart Copy
D249   4F C6                  DW   switchView   ;D = Switch between Hex and Disassembly view
D24B   FF CF                  DW   toggleExpand   ;E = Toggle Expand
D24D   19 CC                  DW   displayNoFn   ;F = Unused
D24F                             ; 
D24F                ASCIISEGTABLE:      
D24F   00 18 0A EE A7 5C 2C 02 DB   00H,18H,0AH,0EEH,0A7H,5CH,2CH,02H   ;  ! " # $ % & '
D257   83 89 A3 46 40 04 10 4C DB   83H,89H,0A3H,46H,40H,04H,10H,4CH   ;( ) * + , - . /
D25F   EB 28 CD AD 2E A7 E7 29 DB   0EBH,28H,0CDH,0ADH,2EH,0A7H,0E7H,29H   ;0 1 2 3 4 5 6 7
D267   EF AF 81 A1 07 84 0D 5D DB   0EFH,0AFH,81H,0A1H,07H,84H,0DH,5DH   ;8 9 : ; < = > ?
D26F   ED 6F E6 C3 EC C7 47 E3 DB   0EDH,6FH,0E6H,0C3H,0ECH,0C7H,47H,0E3H   ;@ A B C D E F G
D277   6E 42 E8 67 C2 61 6B EB DB   6EH,42H,0E8H,67H,0C2H,61H,6BH,0EBH   ;H I J K L M N O
D27F   4F 8F 4B A7 C6 EA EA 8A DB   4FH,8FH,4BH,0A7H,0C6H,0EAH,0EAH,8AH   ;P Q R S T U V W
D287   6E AE CD C3 26 A9 0B 80 DB   6EH,0AEH,0CDH,0C3H,26H,0A9H,0BH,80H   ;X Y Z [ \ ] ^ _
D28F   08 ED E6 C4 EC CF 47 AF DB   08H,0EDH,0E6H,0C4H,0ECH,0CFH,47H,0AFH   ;` a b c d e f g
D297   66 40 A0 67 42 60 64 E4 DB   66H,40H,0A0H,67H,42H,60H,64H,0E4H   ;h i j k l m n o
D29F   4F 2F 44 A7 C6 E0 E0 60 DB   4FH,2FH,44H,0A7H,0C6H,0E0H,0E0H,60H   ;p q r s t u v w
D2A7   6E AE CD 2C 42 46 01   DB   6EH,0AEH,0CDH,2CH,42H,46H,01H   ;x y z 00bbIHwg ~
D2AE                             ; 
D2AE                PASSTEXT:      
D2AE   4F 6F A7 A7 00 00      DB   4FH,6FH,0A7H,0A7H,00H,00H   ;PASS
D2B4                ERRORTEXT:      
D2B4   C7 4B 4B EB 4B 00      DB   0C7H,4BH,4BH,0EBH,4BH,00H   ;ERROR
D2BA                NOFNTEXT:      
D2BA   6B E4 47 64 00 00      DB   6BH,0E4H,47H,64H,00H,00H   ;NoFn
D2C0                BREAKTEXT:      
D2C0   C3 4F EA 00 E6 4F      DB   0C3H,4FH,0EAH,00H,0E6H,4FH   ;CPU bP
D2C6                             ; 
D2C6                BREAKPOINTREGS:      
D2C6   41 46 3D 00 48 4C 3D 00 42 43 3D 00 44 45 3D 00 DB   "AF=",0,"HL=",0,"BC=",0,"DE=",0   
D2D6   49 58 3D 00 49 59 3D 00 50 43 3D 00 53 50 3D 00 DB   "IX=",0,"IY=",0,"PC=",0,"SP=",0   
D2E6                BREAKPOINTROWS:      
D2E6   80 88 C0 C8 94 9C D4 DC DB   80H,88H,0C0H,0C8H,94H,9CH,0D4H,0DCH   
D2EE                BREAKPOINTFLAGS:      
D2EE   53 5A 59 48 58 50 4E 43 DB   "SZYHXPNC"   
D2F6                BREAKPOINTFLAGROWS:      
D2F6   91 D1 A5 E5 00         DB   91H,0D1H,0A5H,0E5H,00H   
D2FB                             ; 
D2FB                             ;Address Jump text
D2FB                CELJUMPTEXT:      
D2FB   53 61 76 65 20 43 75 72 72 65 6E 74 20 41 64 64 72 65 73 73 00 DB   "Save Current Address",0   
D310                CELHELPTEXT:      
D310   50 72 65 73 73 20 31 2C 32 2C 33 00 DB   "Press 1,2,3",0   
D31C                             ; 
D31C                             ;Menu Go text
D31C                MENUGOTEXT:      
D31C   52 75 6E 6E 69 6E 67 20 61 74 3A 20 00 DB   "Running at: ",0   
D329                             ; 
D329                             ;Serial startup text if connected on Hard boot
D329                SERIALSTARTUP:      
D329   54 45 43 2D 31 47 20 43 6F 6E 6E 65 63 74 65 64 0D 0A 00 DB   "TEC-1G Connected",CR,LF,0   
D33C                             ; 
D33C                             ;Confirmation Text
D33C                CONFIRMTEXT:      
D33C   50 72 65 73 73 20 27 43 27 20 74 6F 20 43 6F 6E 66 69 72 6D 00 DB   "Press 'C' to Confirm",0   
D351                             ; 
D351                             ;Hard Reset Tune
D351                HARDRESETTUNE:      
D351   01 01 00 00 12 12 17 17 DB   01H,01H,00H,00H,12H,12H,17H,17H   ;Funky Town!
D359   16 16 12 12 00 00 00 1F DB   16H,16H,12H,12H,00H,00H,00H,1FH   
D361                             ;Hard Reset Message
D361                HARDRESETMESSAGE:      
D361   A5 2D 2D 2D 2D 2D 2D 3D 3D F4 F4 3D 3D 2D 2D 2D 2D 2D 2D A5 DB   0A5H,"------==",0F4H,0F4H,"==------",0A5H   
D375   7C 20 54 45 43 2D 31 47 20 43 6F 6D 70 75 74 65 72 20 20 7C DB   "| TEC-1G Computer  |"   
D389   7C 20 20 20 4F 70 65 6E 20 53 6F 75 72 63 65 21 20 20 20 7C DB   "|   Open Source!   |"   
D39D   A5 2D 2D 2D 2D 2D 2D 3D 3D F4 F4 3D 3D 2D 2D 2D 2D 2D 2D A5 00 DB   0A5H,"------==",0F4H,0F4H,"==------",0A5H,0   
D3B2                             ; 
D3B2                             ;Main Menu Configuration
D3B2                MAINMENUCFG:      
D3B2   0C                     DB   12   ;thirteen entries
D3B3   54 45 43 2D 31 47      DB   "TEC-1G"   ;7segment Text
D3B9                             ;"                   " <- Max LCD entry width
D3B9   3D 20 54 45 43 2D 31 47 20 4D 61 69 6E 20 4D 65 6E 75 20 3D 00 DB   "= TEC-1G Main Menu =",0   
D3CE                INTELLABEL:      
D3CE   49 6E 74 65 6C 20 48 45 58 20 4C 6F 61 64 00 DB   "Intel HEX Load",0   
D3DD   EF C6                  DW   intelHexLoad   
D3DF   53 6D 61 72 74 20 42 6C 6F 63 6B 20 43 6F 70 79 00 DB   "Smart Block Copy",0   
D3F0   04 CA                  DW   smartCopy   
D3F2   42 6C 6F 63 6B 20 42 61 63 6B 75 70 00 DB   "Block Backup",0   
D3FF   56 CB                  DW   dumbCopy   
D401   45 78 70 6F 72 74 20 5A 38 30 20 41 73 73 65 6D 62 6C 79 00 DB   "Export Z80 Assembly",0   
D415   CD C7                  DW   assemblyToSerial   
D417   45 78 70 6F 72 74 20 52 61 77 20 44 61 74 61 00 DB   "Export Raw Data",0   
D427   5B C7                  DW   dataToSerial   
D429   45 78 70 6F 72 74 20 48 65 78 20 44 75 6D 70 00 DB   "Export Hex Dump",0   
D439   0D C8                  DW   hexDumpToSerial   
D43B   49 6D 70 6F 72 74 20 42 69 6E 61 72 79 20 46 69 6C 65 00 DB   "Import Binary File",0   
D44E   70 C7                  DW   dataFromSerial   
D450   54 69 6E 79 20 42 61 73 69 63 00 DB   "Tiny Basic",0   
D45B   A1 EF                  DW   tinyBasic   
D45D   4D 75 73 69 63 20 52 6F 75 74 69 6E 65 00 DB   "Music Routine",0   
D46B   ED EE                  DW   playTuneMenu   
D46D   53 65 74 74 69 6E 67 73 00 DB   "Settings",0   
D476   3F D0                  DW   displaySettings   
D478   43 72 65 64 69 74 73 00 DB   "Credits",0   
D480   39 D0                  DW   displayCredits   
D482   20 56 65 72 73 69 6F 6E 3A 20 32 30 32 34 2E 31 35 00 DB   " Version: ",REL_TXT,0   
D494   E8 C1                  DW   softBoot   
D496                             ; 
D496                             ;Settings Menu
D496                SETTINGSCFG:      
D496   06                     DB   6   
D497   43 6F 6E 66 69 67      DB   "Config"   ;7segment Text
D49D                             ;"                   " <- Max LCD entry width
D49D   3D 20 20 54 45 43 2D 31 47 20 53 65 74 74 69 6E 67 73 20 3D 00 DB   "=  TEC-1G Settings =",0   
D4B2   54 6F 67 67 6C 65 20 4B 65 79 20 42 65 65 70 00 DB   "Toggle Key Beep",0   
D4C2   29 D0                  DW   toggleBeep   
D4C4   54 6F 67 67 6C 65 20 41 64 64 72 65 73 73 20 49 6E 63 00 DB   "Toggle Address Inc",0   
D4D7   31 D0                  DW   toggleAutoAddress   
D4D9   54 6F 67 67 6C 65 20 47 4C 43 44 20 54 65 72 6D 00 DB   "Toggle GLCD Term",0   
D4EA   0E D0                  DW   toggleGLCDTerminal   
D4EC   43 6F 6E 66 69 67 75 72 65 20 52 54 43 00 DB   "Configure RTC",0   
D4FA   15 FB                  DW   RTCSetup   
D4FC   52 65 73 65 74 20 52 54 43 20 26 20 50 52 41 4D 00 DB   "Reset RTC & PRAM",0   
D50D   20 CE                  DW   RTCReset   
D50F   54 6F 67 67 6C 65 20 45 58 50 41 4E 44 00 DB   "Toggle EXPAND",0   
D51D   FF CF                  DW   toggleExpand   
D51F                             ; 
D51F                             ;Credits Menu
D51F                CREDITSCFG:      
D51F   08                     DB   8   ;eight entries
D520   43 72 65 64 69 74      DB   "Credit"   ;7segment Text
D526                             ;"                   " <- Max LCD entry width
D526   3D 20 20 54 45 43 2D 31 47 20 43 72 65 64 69 74 73 20 20 3D 00 DB   "=  TEC-1G Credits  =",0   
D53B   4D 61 72 6B 20 4A 65 6C 69 63 20 2D 20 44 65 73 69 67 6E 00 DB   "Mark Jelic - Design",0   
D54F   E8 C1                  DW   softBoot   
D551   42 72 69 61 6E 20 43 68 69 68 61 20 2D 20 43 6F 64 65 72 00 DB   "Brian Chiha - Coder",0   
D565   E8 C1                  DW   softBoot   
D567   43 72 61 69 67 20 48 61 72 74 20 2D 20 54 45 43 47 75 79 00 DB   "Craig Hart - TECGuy",0   
D57B   E8 C1                  DW   softBoot   
D57D   49 61 6E 20 4D 63 4C 65 61 6E 20 2D 20 54 65 73 74 65 72 00 DB   "Ian McLean - Tester",0   
D591   E8 C1                  DW   softBoot   
D593   4A 61 6D 65 73 20 45 6C 70 68 69 63 6B 20 2D 20 5E 5E 5E 00 DB   "James Elphick - ^^^",0   
D5A7   E8 C1                  DW   softBoot   
D5A9   2D 20 4F 72 69 67 69 6E 61 6C 20 44 65 73 69 67 6E 20 2D 00 DB   "- Original Design -",0   
D5BD   E8 C1                  DW   softBoot   
D5BF   20 20 20 62 79 20 4A 6F 68 6E 20 48 61 72 64 79 20 20 20 00 DB   "   by John Hardy   ",0   
D5D3   E8 C1                  DW   softBoot   
D5D5   20 20 20 61 6E 64 20 4B 65 6E 20 53 74 6F 6E 65 20 20 20 00 DB   "   and Ken Stone   ",0   
D5E9   E8 C1                  DW   softBoot   
D5EB                             ; 
D600                          .ORG   BASE_ADDR+1600H   
D600                APITABLE:      
D600   6B C6                  DW   softwareID   
D602   6F C6                  DW   versionID   
D604   00 C1                  DW   preInit   
D606   F0 C4                  DW   beepAlways   
D608   11 C5                  DW   convAToSeg   
D60A   C1 C8                  DW   regAToASCII   
D60C   58 C6                  DW   ASCIItoSegment   
D60E   76 C8                  DW   stringCompare   
D610   A8 C8                  DW   HLToString   
D612   AD C8                  DW   AToString   
D614   4A C5                  DW   scanSegments   
D616   0D CC                  DW   displayError   
D618   A8 C5                  DW   LCDBusy   
D61A   62 C5                  DW   stringToLCD   
D61C   77 C5                  DW   charToLCD   
D61E   7B C5                  DW   commandToLCD   
D620   B0 C5                  DW   scanKeys   
D622   35 C6                  DW   scanKeysWait   
D624   1F CC                  DW   matrixScan   
D626   4E CC                  DW   joystickScan   
D628   02 CE                  DW   serialEnable   
D62A   0B CE                  DW   serialDisable   
D62C   87 C6                  DW   txByte   
D62E   B8 C6                  DW   rxByte   
D630   EF C6                  DW   intelHexLoad   
D632   6B C7                  DW   sendToSerialAPI   
D634   7D C7                  DW   receiveFromSerialAPI   
D636   00 C8                  DW   sendAssemblyAPI   
D638   4E C8                  DW   sendHexAPI   
D63A   D5 C8                  DW   genDataDump   
D63C   EC C8                  DW   checkStartEnd   
D63E   71 CF                  DW   menuDriver   
D640   7E CF                  DW   paramDriver   
D642   E2 C6                  DW   timeDelay   
D644   29 EF                  DW   playNote   
D646   F7 EE                  DW   playTune   
D648   ED EE                  DW   playTuneMenu   
D64A   8B CF                  DW   getCaps   
D64C   93 CF                  DW   getShadow   
D64E   9B CF                  DW   getProtect   
D650   9F CF                  DW   getExpand   
D652   A5 CF                  DW   setCaps   
D654   C4 CF                  DW   setShadow   
D656   D0 CF                  DW   setProtect   
D658   DE CF                  DW   setExpand   
D65A   6B C5                  DW   stringToSerial   
D65C   A5 F8                  DW   RTCAPI   
D65E   C7 CE                  DW   menuPop   
D660   EC CF                  DW   toggleCaps   
D662   45 D0                  DW   random   
D664   57 D0                  DW   setDisStart   
D666   5B D0                  DW   getDisNext   
D668   5F D0                  DW   getDisassembly   
D66A   6B D0                  DW   matrixScanASCII   
D66C   E2 D0                  DW   parseMatrixScan   
D66E   11 CE                  DW   LCDConfirm   
D670   8F CF                  DW   getGLCDTerm   
D672   B9 CF                  DW   setGLCDTerm   
D674                             ; 
D674                             ; 
D674                API_COUNT:   EQU   $-APITable   ;Total number of API functions
D674                             ; 
D700                          .ORG   BASE_ADDR+1700H   
D700                APITABLE2:      
D700   00 D8                  DW   initLCD   ;Initalise the LCD
D702   1D D8                  DW   clearGBUF   ;Clear the Graphics Buffer
D704   2D D8                  DW   clearGrLCD   ;Clear the Graphics LCD Screen
D706   57 D8                  DW   clearTxtLCD   ;Clear the Text LCD Screen
D708   6D D8                  DW   setGrMode   ;Set Graphics Mode
D70A   7B D8                  DW   setTxtMode   ;Set Text Mode
D70C   82 D8                  DW   drawBox   ;Draw a rectangle between two points
D70E   BD D8                  DW   drawLine   ;Draw a line between two points
D710   68 D9                  DW   drawCircle   ;Draw a circle from Mid X,Y to Radius
D712   3D DA                  DW   drawPixel   ;Draw one pixel at X,Y
D714   AD D8                  DW   fillBox   ;Draw a filled rectangle between two points
D716   2F DA                  DW   fillCircle   ;Draw a filled circle from Mid X,Y to Radius
D718   90 DA                  DW   plotToLCD   ;Display the Graphics Buffer to the LCD Screen
D71A   C3 DA                  DW   printString   ;Print Text on the screen in a given row
D71C   E4 DA                  DW   printChars   ;Print Characters on the screen in a given row and column
D71E   02 DB                  DW   delayUS   ;Microsecond delay for LCD updates
D720   05 DB                  DW   delayMS   ;Millisecond delay for LCD updates
D722   0B DB                  DW   setBufClear   ;Clear the Graphics buffer on after Plotting to the screen
D724   13 DB                  DW   setBufNoClear   ;Retain the Graphics buffer on after Plotting to the screen
D726   4E DA                  DW   clearPixel   ;Remove a Pixel at X,Y
D728   60 DA                  DW   flipPixel   ;Flip a Pixel On/Off at X,Y
D72A   B7 DC                  DW   drawGraphic   ;Draw an ASCII charcter or Sprite to the LCD
D72C   AF DC                  DW   invGraphic   ;Inverse graphics printing
D72E   18 DB                  DW   initTerminal   ;Initialize the LCD for terminal emulation
D730   3C DB                  DW   sendCharToLCD   ;Send an ASCII Character to the LCD
D732   AD DB                  DW   sendStringToLCD   ;Send an ASCII String to the LCD
D734   C7 DB                  DW   sendRegToLCD   ;Send register A to the LCD
D736   E6 DB                  DW   sendHLToLCD   ;Send register HL to the LCD
D738   F2 DB                  DW   setCursor   ;Set the graphics cursor
D73A   A3 DC                  DW   getCursor   ;Get the current cursor
D73C   A8 DC                  DW   displayCursor   ;Turn Cursor on or off
D73E                             ; 
D73E                API_COUNT2:   EQU   $-APITable2   ;Total number of GLCD API functions
D73E                             ; 
D73E                             ; END OF CORE MONITOR
D73E                             ; 
D73E                             ; Monitor Packages
D800                          .ORG   BASE_ADDR+1800H   
D800                             ; MON3 Additional Packages
D800                             ; Include packages are to be placed in memory from 0D000H to 0FFECH
D800                             ; Disassembler code
D800                             ; Graphical LCD 128 x 64 Library
D800                             ; ------------------------------
D800                             ; By B. Chiha May-2023
D800                             ; 
D800                             ; This is a native Z80 Graphics library to be used with 128x64 Graphical LCD Screens
D800                             ; 
D800                             ; There are a few variants of these LCD screens, but they must all must use the ST7920
D800                             ; LCD Controller.  The LCD Screen that I used is the QC12864B.  This screen has two
D800                             ; ST7921 Panels (128 x 32) stacked one above the other.
D800                             ; 
D800                             ; These screens have DDRAM (Graphics) and CGRAM (Text) areas.  Both RAM areas can
D800                             ; be displayed at the same time.
D800                             ; 
D800                             ; The Pinout for the QC12864B board is as follows:
D800                             ; 
D800                             ; Pin	Name	Desc                    Serial  Parallel
D800                             ; ---   ----    -------------           ------  -------------
D800                             ; 1     VSS     Ground                  GND     GND
D800                             ; 2     VDD     Power                   5v      5v
D800                             ; 3     V0      Contrast                N/A     N/A
D800                             ; 4     D/I     IR/DR (CS)              5v      A7
D800                             ; 5     R/W     R/W (SID)               D0      RD (inverted)
D800                             ; 6     E       Enable (SCLK)           D1      Port 7 (inverted)
D800                             ; 7     DB0     Data                    N/A     D0
D800                             ; 8     DB1     Data                    N/A     D1
D800                             ; 9     DB2     Data                    N/A     D2
D800                             ; 10    DB3     Data                    N/A     D3
D800                             ; 11    DB4     Data                    N/A     D4
D800                             ; 12    DB5     Data                    N/A     D5
D800                             ; 13    DB6     Data                    N/A     D6
D800                             ; 14    DB7     Data                    N/A     D7
D800                             ; 15    PSB     Serial/Para             GND     5v
D800                             ; 16    NC
D800                             ; 17    RST     Reset                   RST     RST
D800                             ; 18    VEE     LCD Drive               N/A     N/A
D800                             ; 19    A       Backlight               5v/NC   5v/NC
D800                             ; 20    K       Backlight               GND/NC  GND/NC
D800                             ; 
D800                             ; 
D800                             ; Modifiable values.  Thse three values can be modified to suit your own set up
D800                             ; GLCD_INST and GLCD_DATA are the output ports to send an Instruction or Data value.
D800                             ; V_DELAY_US is the minimum delay needed for a command to be processed by the
D800                             ; LCD board.  If only some of the data is being sent, make this value larger
D800                             ;Port 7 on TEC is connected to LCD Enable (Pin 6)
D800                             ;A7 is connected to Register select (Pin 4).  (A7=0 for Instruction, A7=1 for Data)
D800                V_DELAY_US:   EQU   000AH   ;Delay for 76us on your system
D800                             ; Dont need to modify anything else below.
D800                UP:       EQU   05H   ; Up Arrow
D800                DN:       EQU   06H   ; Down Arrow
D800                FF:       EQU   0CH   ; Form Feed
D800                CURSOR:   EQU   8FH   ; Cursor
D800                             ; Initialise LCD
D800                INITLCD:      
D800   21 19 DD               LD   HL,INIT_BASIC   ;POINT HL TO LCD INITIALIZE TABLE
D803   06 04                  LD   B,04H   ;B=4 BYTES
D805                NEXT_CMD:      
D805   7E                     LD   A,(HL)   
D806   D3 07                  OUT   (GLCD_INST),A   
D808   CD 02 DB               CALL   delayUS   
D80B   23                     INC   HL   
D80C   10 F7                  DJNZ   NEXT_CMD   
D80E   11 40 01               LD   DE,0140H   ;1.6 ms
D811   CD 05 DB               CALL   delayMS   
D814   21 00 0A               LD   HL,GBUF   ;Set viewport
D817   22 13 0E               LD   (VPORT),HL   ;to GBUF
D81A   CD 2D D8               CALL   clearGrLCD   
D81D                             ; Clears the Graphics Memory Buffer
D81D                CLEARGBUF:      
D81D   2A 13 0E               LD   HL,(VPORT)   
D820   ED 5B 13 0E            LD   DE,(VPORT)   
D824   13                     INC   DE   
D825   AF                     XOR   A   
D826   77                     LD   (HL),A   
D827   01 FF 03               LD   BC,03FFH   
D82A   ED B0                  LDIR      
D82C   C9                     RET      
D82D                             ; Clears the Graphics LCD Buffer
D82D                CLEARGRLCD:      
D82D   CD 6D D8               CALL   setGrMode   
D830   0E 00                  LD   C,00H   
D832                CLR_X:       
D832   3E 80                  LD   A,80H   
D834   B1                     OR   C   
D835   D3 07                  OUT   (GLCD_INST),A   
D837   CD 02 DB               CALL   delayUS   
D83A   3E 80                  LD   A,80H   
D83C   D3 07                  OUT   (GLCD_INST),A   
D83E   CD 02 DB               CALL   delayUS   
D841   AF                     XOR   A   ;Clear Byte
D842   06 10                  LD   B,10H   
D844                CLR_Y:       
D844   D3 87                  OUT   (GLCD_DATA),A   
D846   CD 02 DB               CALL   delayUS   
D849   D3 87                  OUT   (GLCD_DATA),A   
D84B   CD 02 DB               CALL   delayUS   
D84E   10 F4                  DJNZ   CLR_Y   
D850   0C                     INC   C   
D851   79                     LD   A,C   
D852   FE 20                  CP   20H   
D854   20 DC                  JR   NZ,CLR_X   
D856   C9                     RET      
D857                             ; Clears the ASCII Text LCD
D857                CLEARTXTLCD:      
D857   CD 7B D8               CALL   setTxtMode   
D85A   3E 80                  LD   A,80H   
D85C   D3 07                  OUT   (GLCD_INST),A   
D85E   CD 02 DB               CALL   delayUS   
D861   06 40                  LD   B,40H   
D863                CLR_ROWS:      
D863   3E 20                  LD   A," "   
D865   D3 87                  OUT   (GLCD_DATA),A   
D867   CD 02 DB               CALL   delayUS   
D86A   10 F7                  DJNZ   CLR_ROWS   
D86C   C9                     RET      
D86D                             ; Set Graphics Mode
D86D                SETGRMODE:      
D86D   3E 34                  LD   A,34H   
D86F   D3 07                  OUT   (GLCD_INST),A   
D871   CD 02 DB               CALL   delayUS   
D874   3E 36                  LD   A,36H   
D876   D3 07                  OUT   (GLCD_INST),A   
D878   C3 02 DB               JP   delayUS   
D87B                             ; Set Text Mode
D87B                SETTXTMODE:      
D87B   3E 30                  LD   A,30H   
D87D   D3 07                  OUT   (GLCD_INST),A   
D87F   C3 02 DB               JP   delayUS   
D882                             ;Draw Box
D882                             ;Inputs: BC = X0,Y0
D882                             ;        DE = X1,Y1
D882                             ;Destroys: HL
D882                DRAWBOX:      
D882   C5                     PUSH   BC   
D883                TOP:         
D883   CD 3D DA               CALL   drawPixel   
D886   7A                     LD   A,D   
D887   04                     INC   B   
D888   B8                     CP   B   
D889   30 F8                  JR   NC,TOP   
D88B   C1                     POP   BC   
D88C   C5                     PUSH   BC   
D88D   4B                     LD   C,E   
D88E                BOTTOM:      
D88E   CD 3D DA               CALL   drawPixel   
D891   7A                     LD   A,D   
D892   04                     INC   B   
D893   B8                     CP   B   
D894   30 F8                  JR   NC,BOTTOM   
D896   C1                     POP   BC   
D897   C5                     PUSH   BC   
D898                LEFT:        
D898   CD 3D DA               CALL   drawPixel   
D89B   7B                     LD   A,E   
D89C   0C                     INC   C   
D89D   B9                     CP   C   
D89E   30 F8                  JR   NC,LEFT   
D8A0   C1                     POP   BC   
D8A1   C5                     PUSH   BC   
D8A2   42                     LD   B,D   
D8A3                RIGHT:       
D8A3   CD 3D DA               CALL   drawPixel   
D8A6   7B                     LD   A,E   
D8A7   0C                     INC   C   
D8A8   B9                     CP   C   
D8A9   30 F8                  JR   NC,RIGHT   
D8AB   C1                     POP   BC   
D8AC   C9                     RET      
D8AD                             ;Fill Box
D8AD                             ;Draws vertical lines from X0,Y0 to X0,Y1 and increase X0 to X1 until X0=X1
D8AD                             ;Inputs: BC = X0,Y0
D8AD                             ;        DE = X1,Y1
D8AD                             ;Destroys: HL
D8AD                FILLBOX:      
D8AD   C5                     PUSH   BC   
D8AE                NEXT_PIXEL:      
D8AE   CD 3D DA               CALL   drawPixel   
D8B1   7B                     LD   A,E   
D8B2   0C                     INC   C   
D8B3   B9                     CP   C   
D8B4   30 F8                  JR   NC,NEXT_PIXEL   
D8B6   C1                     POP   BC   
D8B7   7A                     LD   A,D   
D8B8   04                     INC   B   
D8B9   B8                     CP   B   
D8BA   30 F1                  JR   NC,fillBox   
D8BC   C9                     RET      
D8BD                             ;Draw a line between two points using Bresenham Line Algorithm
D8BD                             ; void plotLine(int x0, int y0, int x1, int y1)
D8BD                             ; {
D8BD                             ;    int dx =  abs(x1-x0), sx = x0<x1 ? 1 : -1;
D8BD                             ;    int dy = -abs(y1-y0), sy = y0<y1 ? 1 : -1;
D8BD                             ;    int err = dx+dy, e2; /* error value e_xy */
D8BD                             ;    for(;;){  /* loop */
D8BD                             ;       setPixel(x0,y0);
D8BD                             ;       if (x0==x1 && y0==y1) break;
D8BD                             ;       e2 = 2*err;
D8BD                             ;       if (e2 >= dy) 00bbIGVyciArPSBkeTsgeDAgKz0gc3g7IA== /* e_xy+e_x > 0 */
D8BD                             ;       if (e2 <= dx) 00bbIGVyciArPSBkeDsgeTAgKz0gc3k7IA== /* e_xy+e_y < 0 */
D8BD                             ;    }
D8BD                             ; }
D8BD                             ;Inputs: BC = X0,Y0
D8BD                             ;        DE = X1,Y1
D8BD                DRAWLINE:      
D8BD                             ;check that points are in range
D8BD   79                     LD   A,C   
D8BE   FE 40                  CP   40H   
D8C0   D0                     RET   NC   
D8C1   78                     LD   A,B   
D8C2   FE 80                  CP   80H   
D8C4   D0                     RET   NC   
D8C5   7B                     LD   A,E   
D8C6   FE 40                  CP   40H   
D8C8   D0                     RET   NC   
D8C9   7A                     LD   A,D   
D8CA   FE 80                  CP   80H   
D8CC   D0                     RET   NC   
D8CD                             ;sx = x0<x1 ? 1 : -1
D8CD   26 01                  LD   H,01H   
D8CF   78                     LD   A,B   
D8D0   BA                     CP   D   
D8D1   38 02                  JR   C,$ + 4   
D8D3   26 FF                  LD   H,0FFH   
D8D5   7C                     LD   A,H   
D8D6   32 02 0E               LD   (SX),A   
D8D9                             ;sy = y0<y1 ? 1 : -1
D8D9   26 01                  LD   H,01H   
D8DB   79                     LD   A,C   
D8DC   BB                     CP   E   
D8DD   38 02                  JR   C,$ + 4   
D8DF   26 FF                  LD   H,0FFH   
D8E1   7C                     LD   A,H   
D8E2   32 03 0E               LD   (SY),A   
D8E5   ED 53 00 0E            LD   (ENDPT),DE   
D8E9                             ;dx =  abs(x1-x0)
D8E9   C5                     PUSH   BC   
D8EA   6A                     LD   L,D   
D8EB   26 00                  LD   H,0   
D8ED   48                     LD   C,B   
D8EE   06 00                  LD   B,0   
D8F0   B7                     OR   A   
D8F1   ED 42                  SBC   HL,BC   
D8F3   CD 5E D9               CALL   ABSHL   
D8F6   22 04 0E               LD   (DX),HL   
D8F9   C1                     POP   BC   
D8FA                             ;dy = -abs(y1-y0)
D8FA   C5                     PUSH   BC   
D8FB   6B                     LD   L,E   
D8FC   26 00                  LD   H,0   
D8FE   06 00                  LD   B,0   
D900   B7                     OR   A   
D901   ED 42                  SBC   HL,BC   
D903   CD 5E D9               CALL   ABSHL   
D906   AF                     XOR   A   
D907   95                     SUB   L   
D908   6F                     LD   L,A   
D909   9F                     SBC   A,A   
D90A   94                     SUB   H   
D90B   67                     LD   H,A   
D90C   22 06 0E               LD   (DY),HL   
D90F   C1                     POP   BC   
D910                             ;err = dx+dy,
D910   ED 5B 04 0E            LD   DE,(DX)   
D914   19                     ADD   HL,DE   
D915   22 08 0E               LD   (ERR),HL   
D918                LINE_LOOP:      
D918                             ;setPixel(x0,y0)
D918   CD 3D DA               CALL   drawPixel   
D91B                             ;if (x0==x1 && y0==y1) break;
D91B   3A 01 0E               LD   A,(ENDPT + 1)   
D91E   B8                     CP   B   
D91F   20 05                  JR   NZ,$ + 7   
D921   3A 00 0E               LD   A,(ENDPT)   
D924   B9                     CP   C   
D925   C8                     RET   Z   
D926                             ;e2 = 2*err;
D926   2A 08 0E               LD   HL,(ERR)   
D929   29                     ADD   HL,HL   ;E2
D92A                             ;if (e2 >= dy)  err += dy; x0 += sx;
D92A   ED 5B 06 0E            LD   DE,(DY)   
D92E   B7                     OR   A   
D92F   ED 52                  SBC   HL,DE   
D931   19                     ADD   HL,DE   
D932   FA 43 D9               JP   M,LL2   
D935   E5                     PUSH   HL   
D936   2A 08 0E               LD   HL,(ERR)   
D939   19                     ADD   HL,DE   
D93A   22 08 0E               LD   (ERR),HL   
D93D   3A 02 0E               LD   A,(SX)   
D940   80                     ADD   A,B   
D941   47                     LD   B,A   
D942   E1                     POP   HL   
D943                LL2:         
D943                             ;if (e2 <= dx)  err += dx; y0 += sy;
D943   ED 5B 04 0E            LD   DE,(DX)   
D947   B7                     OR   A   
D948   ED 52                  SBC   HL,DE   
D94A   19                     ADD   HL,DE   
D94B   28 03                  JR   Z,LL3   
D94D   F2 18 D9               JP   P,LINE_LOOP   
D950                LL3:         
D950   2A 08 0E               LD   HL,(ERR)   
D953   19                     ADD   HL,DE   
D954   22 08 0E               LD   (ERR),HL   
D957   3A 03 0E               LD   A,(SY)   
D95A   81                     ADD   A,C   
D95B   4F                     LD   C,A   
D95C   18 BA                  JR   LINE_LOOP   
D95E                ABSHL:       
D95E   CB 7C                  BIT   7,H   
D960   C8                     RET   Z   
D961   AF                     XOR   A   
D962   95                     SUB   L   
D963   6F                     LD   L,A   
D964   9F                     SBC   A,A   
D965   94                     SUB   H   
D966   67                     LD   H,A   
D967   C9                     RET      
D968                             ;Draw a circle from a midpoint to a radius using Bresenham Line Algorithm
D968                             ; void plotCircle(int xm, int ym, int r)
D968                             ; {
D968                             ;    int x = -r, y = 0, err = 2-2*r, i = 0; /* II. Quadrant */
D968                             ;    printf("Midpoint = (%X,%X), Radius = %X\n", xm, ym, r);
D968                             ;    do {
D968                             ;       printf("(%X,%X) ", xm-x, ym+y); /*   I. Quadrant */
D968                             ;       printf("(%X,%X) ", xm-y, ym-x); /*  II. Quadrant */
D968                             ;       printf("(%X,%X) ", xm+x, ym-y); /* III. Quadrant */
D968                             ;       printf("(%X,%X) ", xm+y, ym+x); /*  IV. Quadrant */
D968                             ;       r = err;
D968                             ;       if (r <= y) err += ++y*2+1;           /* e_xy+e_y < 0 */
D968                             ;       if (r > x || err > y) err += ++x*2+1; /* e_xy+e_x > 0 or no 2nd y-step */
D968                             ;       printf("x = %d, r = %d, y = %d, err =%d\n", x, r, y, err);
D968                             ;    } while (x < 0);
D968                             ; }
D968                             ;Inputs BC = xm,ym (Midpoint)
D968                             ;       E = radius
D968                DRAWCIRCLE:      
D968                             ;   int x = -r, err = 2-2*r; /* II. Quadrant */
D968   AF                     XOR   A   
D969   93                     SUB   E   
D96A   32 02 0E               LD   (SX),A   ;x
D96D                             ;   y = 0
D96D   AF                     XOR   A   
D96E   32 03 0E               LD   (SY),A   ;y
D971                             ;   RAD = r
D971   16 00                  LD   D,00H   
D973   7B                     LD   A,E   
D974   ED 53 0A 0E            LD   (RAD),DE   ;r
D978                             ;   err = 2-2*r
D978   EB                     EX   DE,HL   
D979   29                     ADD   HL,HL   
D97A   EB                     EX   DE,HL   
D97B   21 02 00               LD   HL,0002H   
D97E   B7                     OR   A   
D97F   ED 52                  SBC   HL,DE   ;err
D981   22 08 0E               LD   (ERR),HL   
D984                CIRCLE_LOOP:      
D984                             ;       setPixel(xm-x, ym+y); /*   I. Quadrant */
D984   C5                     PUSH   BC   
D985   3A 02 0E               LD   A,(SX)   
D988   ED 44                  NEG      
D98A   80                     ADD   A,B   
D98B   47                     LD   B,A   
D98C   3A 03 0E               LD   A,(SY)   
D98F   81                     ADD   A,C   
D990   4F                     LD   C,A   
D991   CD 3D DA               CALL   drawPixel   
D994   C1                     POP   BC   
D995                             ;       setPixel(xm+x, ym-y); /* III. Quadrant */
D995   C5                     PUSH   BC   
D996   3A 02 0E               LD   A,(SX)   
D999   80                     ADD   A,B   
D99A   47                     LD   B,A   
D99B   3A 03 0E               LD   A,(SY)   
D99E   ED 44                  NEG      
D9A0   81                     ADD   A,C   
D9A1   4F                     LD   C,A   
D9A2   CD 3D DA               CALL   drawPixel   
D9A5   C1                     POP   BC   
D9A6                             ;       setPixel(xm-y, ym-x); /*  II. Quadrant */
D9A6   C5                     PUSH   BC   
D9A7   3A 03 0E               LD   A,(SY)   
D9AA   ED 44                  NEG      
D9AC   80                     ADD   A,B   
D9AD   47                     LD   B,A   
D9AE   3A 02 0E               LD   A,(SX)   
D9B1   ED 44                  NEG      
D9B3   81                     ADD   A,C   
D9B4   4F                     LD   C,A   
D9B5   CD 3D DA               CALL   drawPixel   
D9B8   C1                     POP   BC   
D9B9                             ;       setPixel(xm+y, ym+x); /*  IV. Quadrant */
D9B9   C5                     PUSH   BC   
D9BA   3A 03 0E               LD   A,(SY)   
D9BD   80                     ADD   A,B   
D9BE   47                     LD   B,A   
D9BF   3A 02 0E               LD   A,(SX)   
D9C2   81                     ADD   A,C   
D9C3   4F                     LD   C,A   
D9C4   CD 3D DA               CALL   drawPixel   
D9C7   C1                     POP   BC   
D9C8                             ;       r = err;
D9C8   2A 08 0E               LD   HL,(ERR)   
D9CB   22 0A 0E               LD   (RAD),HL   
D9CE                             ;       if (r <= y) err += ++y*2+1;           /* e_xy+e_y < 0 */
D9CE   3A 03 0E               LD   A,(SY)   
D9D1   5F                     LD   E,A   
D9D2   16 00                  LD   D,0   
D9D4   B7                     OR   A   
D9D5   ED 52                  SBC   HL,DE   
D9D7   19                     ADD   HL,DE   
D9D8   28 03                  JR   Z,$ + 5   
D9DA   F2 F0 D9               JP   P,DS1   
D9DD   3A 03 0E               LD   A,(SY)   
D9E0   3C                     INC   A   
D9E1   32 03 0E               LD   (SY),A   
D9E4   87                     ADD   A,A   
D9E5   3C                     INC   A   
D9E6   5F                     LD   E,A   
D9E7   16 00                  LD   D,0   
D9E9   2A 08 0E               LD   HL,(ERR)   
D9EC   19                     ADD   HL,DE   
D9ED   22 08 0E               LD   (ERR),HL   
D9F0                             ;       if (r > x || err > y) err += ++x*2+1; /* e_xy+e_x > 0 or no 2nd y-step */
D9F0                DS1:         
D9F0   2A 0A 0E               LD   HL,(RAD)   
D9F3   3A 02 0E               LD   A,(SX)   
D9F6   16 FF                  LD   D,0FFH   
D9F8   5F                     LD   E,A   
D9F9   B7                     OR   A   
D9FA   ED 52                  SBC   HL,DE   
D9FC   19                     ADD   HL,DE   
D9FD   28 03                  JR   Z,$ + 5   
D9FF   F2 14 DA               JP   P,DS2   
DA02   2A 08 0E               LD   HL,(ERR)   
DA05   3A 03 0E               LD   A,(SY)   
DA08   16 00                  LD   D,0   
DA0A   5F                     LD   E,A   
DA0B   B7                     OR   A   
DA0C   ED 52                  SBC   HL,DE   
DA0E   19                     ADD   HL,DE   
DA0F   28 16                  JR   Z,DS3   
DA11   FA 27 DA               JP   M,DS3   
DA14                DS2:         
DA14   3A 02 0E               LD   A,(SX)   
DA17   3C                     INC   A   
DA18   32 02 0E               LD   (SX),A   
DA1B   87                     ADD   A,A   
DA1C   3C                     INC   A   
DA1D   5F                     LD   E,A   
DA1E   16 FF                  LD   D,0FFH   
DA20   2A 08 0E               LD   HL,(ERR)   
DA23   19                     ADD   HL,DE   
DA24   22 08 0E               LD   (ERR),HL   
DA27                             ;   } while (x < 0);
DA27                DS3:         
DA27   3A 02 0E               LD   A,(SX)   
DA2A   B7                     OR   A   
DA2B   C2 84 D9               JP   NZ,CIRCLE_LOOP   
DA2E   C9                     RET      
DA2F                             ;Fill Circle
DA2F                             ;Fills a circle by increasing radius until Radius = Original Radius E
DA2F                             ;Inputs BC = xm,ym (Midpoint)
DA2F                             ;       E = radius
DA2F                FILLCIRCLE:      
DA2F   16 01                  LD   D,01H   ;Start radius
DA31                NEXT_CIRCLE:      
DA31   D5                     PUSH   DE   ;Save end Radius
DA32   5A                     LD   E,D   
DA33   CD 68 D9               CALL   drawCircle   
DA36   D1                     POP   DE   ;Restore Radius
DA37   7B                     LD   A,E   
DA38   14                     INC   D   
DA39   BA                     CP   D   
DA3A   30 F5                  JR   NC,NEXT_CIRCLE   
DA3C   C9                     RET      
DA3D                             ;Draw Pixel in position X Y
DA3D                             ;Input B = column/X (0-127), C = row/Y (0-63)
DA3D                             ;destroys HL
DA3D                DRAWPIXEL:      
DA3D   79                     LD   A,C   
DA3E   FE 40                  CP   40H   
DA40   D0                     RET   NC   
DA41   78                     LD   A,B   
DA42   FE 80                  CP   80H   
DA44   D0                     RET   NC   
DA45   D5                     PUSH   DE   
DA46   CD 71 DA               CALL   SET_GBUF   
DA49   7A                     LD   A,D   
DA4A   B6                     OR   (HL)   
DA4B   77                     LD   (HL),A   
DA4C   D1                     POP   DE   
DA4D   C9                     RET      
DA4E                             ;Clear Pixel in position X Y
DA4E                             ;Input B = column/X (0-127), C = row/Y (0-63)
DA4E                             ;destroys HL
DA4E                CLEARPIXEL:      
DA4E   79                     LD   A,C   
DA4F   FE 40                  CP   40H   
DA51   D0                     RET   NC   
DA52   78                     LD   A,B   
DA53   FE 80                  CP   80H   
DA55   D0                     RET   NC   
DA56   D5                     PUSH   DE   
DA57   CD 71 DA               CALL   SET_GBUF   
DA5A   7A                     LD   A,D   
DA5B   2F                     CPL      
DA5C   A6                     AND   (HL)   
DA5D   77                     LD   (HL),A   
DA5E   D1                     POP   DE   
DA5F   C9                     RET      
DA60                             ;Flip Pixel in position X Y
DA60                             ;Input B = column/X (0-127), C = row/Y (0-63)
DA60                             ;destroys HL
DA60                FLIPPIXEL:      
DA60   79                     LD   A,C   
DA61   FE 40                  CP   40H   
DA63   D0                     RET   NC   
DA64   78                     LD   A,B   
DA65   FE 80                  CP   80H   
DA67   D0                     RET   NC   
DA68   D5                     PUSH   DE   
DA69   CD 71 DA               CALL   SET_GBUF   
DA6C   7A                     LD   A,D   
DA6D   AE                     XOR   (HL)   
DA6E   77                     LD   (HL),A   
DA6F   D1                     POP   DE   
DA70   C9                     RET      
DA71                             ;Helper routine to set HL to the correct GBUF address given X and Y
DA71                             ;Input B = column/X (0-127), C = row/Y (0-63)
DA71                             ;Output HL = address of GBUF X,Y byte, D = Byte with Pixel Bit Set
DA71                             ;Destroys E
DA71                SET_GBUF:      
DA71   69                     LD   L,C   
DA72   26 00                  LD   H,00H   
DA74   29                     ADD   HL,HL   
DA75   29                     ADD   HL,HL   
DA76   29                     ADD   HL,HL   
DA77   29                     ADD   HL,HL   
DA78   ED 5B 13 0E            LD   DE,(VPORT)   
DA7C   1B                     DEC   DE   
DA7D   19                     ADD   HL,DE   
DA7E   78                     LD   A,B   
DA7F   16 08                  LD   D,08H   
DA81                BASE_COL:      
DA81   23                     INC   HL   
DA82   92                     SUB   D   
DA83   30 FC                  JR   NC,BASE_COL   
DA85   2F                     CPL      
DA86   16 01                  LD   D,01H   
DA88   B7                     OR   A   
DA89   C8                     RET   Z   
DA8A                SHIFT_BIT:      
DA8A   CB 22                  SLA   D   
DA8C   3D                     DEC   A   
DA8D   20 FB                  JR   NZ,SHIFT_BIT   
DA8F   C9                     RET      
DA90                             ;Main draw routine.  Moves GBUF to LCD and clears buffer
DA90                             ;Destroys all
DA90                PLOTTOLCD:      
DA90   2A 13 0E               LD   HL,(VPORT)   
DA93   0E 80                  LD   C,80H   
DA95                PLOT_ROW:      
DA95   79                     LD   A,C   
DA96   E6 9F                  AND   9FH   
DA98   D3 07                  OUT   (GLCD_INST),A   ;Vertical
DA9A   CD 02 DB               CALL   delayUS   
DA9D   3E 80                  LD   A,80H   
DA9F   CB 69                  BIT   5,C   
DAA1   28 02                  JR   Z,$ + 4   
DAA3   F6 08                  OR   08H   
DAA5   D3 07                  OUT   (GLCD_INST),A   ;Horizontal
DAA7   CD 02 DB               CALL   delayUS   
DAAA   06 10                  LD   B,10H   ;send eight double bytes (16 bytes)
DAAC                PLOT_COLUMN:      
DAAC   7E                     LD   A,(HL)   
DAAD   D3 87                  OUT   (GLCD_DATA),A   
DAAF   CD 02 DB               CALL   delayUS   
DAB2   3A 0C 0E               LD   A,(CLRBUF)   
DAB5   B7                     OR   A   
DAB6   28 02                  JR   Z,$ + 4   
DAB8   36 00                  LD   (HL),00H   ;Clear Buffer if CLRBUF is non zero
DABA   23                     INC   HL   
DABB   10 EF                  DJNZ   PLOT_COLUMN   
DABD   0C                     INC   C   
DABE   CB 71                  BIT   6,C   ;Is Row = 64?
DAC0   28 D3                  JR   Z,PLOT_ROW   
DAC2   C9                     RET      
DAC3                             ; Print ASCII text on a given row
DAC3                             ; Inputs: C = 0 to 3 Row Number
DAC3                             ;         .db "String" on next line, terminate with 0
DAC3                             ; EG:
DAC3                             ;   LD C,2
DAC3                             ;   CALL printString
DAC3                             ;   .db "This Text",0
DAC3                             ; 
DAC3                PRINTSTRING:      
DAC3   41                     LD   B,C   
DAC4   CD 7B D8               CALL   setTxtMode   
DAC7   21 15 DD               LD   HL,ROWS   
DACA   78                     LD   A,B   
DACB   85                     ADD   A,L   
DACC   30 01                  JR   NC,$ + 3   
DACE   24                     INC   H   
DACF   6F                     LD   L,A   
DAD0   7E                     LD   A,(HL)   
DAD1   D3 07                  OUT   (GLCD_INST),A   
DAD3   CD 02 DB               CALL   delayUS   
DAD6   E1                     POP   HL   
DAD7                DS_LOOP:      
DAD7   7E                     LD   A,(HL)   
DAD8   23                     INC   HL   
DAD9   B7                     OR   A   
DADA   28 07                  JR   Z,DS_EXIT   
DADC   D3 87                  OUT   (GLCD_DATA),A   
DADE   CD 02 DB               CALL   delayUS   
DAE1   18 F4                  JR   DS_LOOP   
DAE3                DS_EXIT:      
DAE3   E9                     JP   (HL)   
DAE4                             ;Print Characters at a position X,Y
DAE4                             ;Eventhough there are 16 columns, only every second column can be written
DAE4                             ;to and two characters are to be printed.  IE: if you want to print one
DAE4                             ;character in column 2, then you must set B=0 and print " x", putting
DAE4                             ;a space before the chracter.
DAE4                             ;Input B = column/X (0-7), C = row/Y (0-3)
DAE4                             ;      HL = Start address of text to display, terminate with 0
DAE4                PRINTCHARS:      
DAE4   CD 7B D8               CALL   setTxtMode   
DAE7   11 15 DD               LD   DE,ROWS   
DAEA   79                     LD   A,C   
DAEB   83                     ADD   A,E   
DAEC   30 01                  JR   NC,$ + 3   
DAEE   14                     INC   D   
DAEF   5F                     LD   E,A   
DAF0   1A                     LD   A,(DE)   
DAF1   80                     ADD   A,B   
DAF2   D3 07                  OUT   (GLCD_INST),A   
DAF4   CD 02 DB               CALL   delayUS   
DAF7                PC_LOOP:      
DAF7   7E                     LD   A,(HL)   
DAF8   23                     INC   HL   
DAF9   B7                     OR   A   
DAFA   C8                     RET   Z   
DAFB   D3 87                  OUT   (GLCD_DATA),A   
DAFD   CD 02 DB               CALL   delayUS   
DB00   18 F5                  JR   PC_LOOP   
DB02                             ; Delay for LCD write
DB02                DELAYUS:      
DB02   11 0A 00               LD   DE,V_DELAY_US   ;DELAY BETWEEN, was 0010H
DB05                DELAYMS:      
DB05   1B                     DEC   DE   ;EACH BYTE
DB06   7A                     LD   A,D   ;AS PER
DB07   B3                     OR   E   ;LCD MANUFACTER'S
DB08   20 FB                  JR   NZ,delayMS   ;INSTRUCTIONS
DB0A   C9                     RET      
DB0B                             ; Set Buffer Clearing after outputting to LCD
DB0B                             ; Input: A = 0 Buffer to be cleared, A <> 0 Buffer kept
DB0B                SETBUFCLEAR:      
DB0B   3E FF                  LD   A,0FFH   
DB0D   32 0C 0E               LD   (CLRBUF),A   
DB10   C3 1D D8               JP   clearGBUF   
DB13                SETBUFNOCLEAR:      
DB13   AF                     XOR   A   
DB14   32 0C 0E               LD   (CLRBUF),A   
DB17   C9                     RET      
DB18                             ;Initialise the GLCD Terminal
DB18                             ;Clears the GBUF, sets cursor to top left and displays cursor.
DB18                             ;This must be called prior to any Terminal routine.  This routine
DB18                             ;will as call INIT_LCD.
DB18                INITTERMINAL:      
DB18   CD 00 D8               CALL   initLCD   ;Clear LCD GBUF
DB1B   CD 6D D8               CALL   setGrMode   ;Graphics mode
DB1E   CD 13 DB               CALL   setBufNoClear   ;Retain screen
DB21   21 C0 13               LD   HL,TGBUF   ;Reset VPORT and BUFF_TOP to TGBUF
DB24   22 13 0E               LD   (VPORT),HL   ;to GBUF
DB27   22 15 0E               LD   (TBUF),HL   
DB2A   CD 1D D8               CALL   clearGBUF   
DB2D   AF                     XOR   A   ;Clear A
DB2E   32 10 0E               LD   (CURSOR_ON),A   ;Cursor ON
DB31   32 11 0E               LD   (INVERSE),A   ;Inverse OFF
DB34   01 00 00               LD   BC,0000H   
DB37   CD F2 DB               CALL   setCursor   ;Move cursor to top left
DB3A   18 61                  JR   DRAW_CURSOR   ;Draw Cursor and exit
DB3C                             ;Send or handle ASCII characters to the GLCD screen.  This routines displays
DB3C                             ;ASCII charcters to the GLCD screen and handles some special control characters
DB3C                             ;It also handles srolling history of 10 lines.  Characters are drawn at the
DB3C                             ;current cursor position.  Cursor increments if characger is drawn.
DB3C                             ;       CR / 0DH = will move the cursor down and reset it column
DB3C                             ;       LF / 0AH = is ignored
DB3C                             ;       FF / 0CH = clears the terminal (restarts)
DB3C                             ;       BS / 08H = will delete the character at the cursor and move cursor back one
DB3C                             ;       HT / 09H = will TAB 4 spaces
DB3C                             ;       UP / 05H = will scroll up one line if any
DB3C                             ;       DN / 06H = will scroll down one line if any
DB3C                             ;Input: C = ASCII charcter to send to the GLCD screen.
DB3C                             ;       C = 0  cursor drawn only
DB3C                SENDCHARTOLCD:      
DB3C                             ;Check for special characters
DB3C   79                     LD   A,C   
DB3D   B7                     OR   A   ;Zero?
DB3E   28 5D                  JR   Z,DRAW_CURSOR   
DB40                DO_SCRL_UP:      
DB40   FE 05                  CP   UP   ;Up Arrow
DB42   20 07                  JR   NZ,DO_SCRL_DN   
DB44   AF                     XOR   A   
DB45   CD 5E DC               CALL   MOVE_VPORT   
DB48   C3 90 DA               JP   plotToLCD   
DB4B                DO_SCRL_DN:      
DB4B   FE 06                  CP   DN   ;Down Arrow
DB4D   20 04                  JR   NZ,DO_CR   
DB4F   3E 01                  LD   A,1   
DB51   18 F2                  JR   $-12   ;Move VPORT above
DB53                DO_CR:       
DB53                             ;Key is now a drawing character, reset VPORT first
DB53   21 C0 13               LD   HL,TGBUF   
DB56   22 13 0E               LD   (VPORT),HL   
DB59   FE 0A                  CP   LF   ;LF
DB5B   C8                     RET   Z   
DB5C   FE 0D                  CP   CR   ;CR
DB5E   20 0D                  JR   NZ,DO_FF   
DB60   16 20                  LD   D,SPACE   ;Clear Cursor
DB62   CD B7 DC               CALL   drawGraphic   
DB65   CD 10 DC               CALL   INC_ROW   
DB68   32 0F 0E               LD   (CURSOR_YS),A   ;Save start row
DB6B   18 30                  JR   DRAW_CURSOR   
DB6D                DO_FF:       
DB6D   FE 0C                  CP   FF   ;Form Feed / Clear Screen
DB6F   28 A7                  JR   Z,initTerminal   ;Reset All.
DB71                DO_BS:       
DB71   FE 08                  CP   BKSP   ;Backspace
DB73   20 0A                  JR   NZ,DO_TAB   
DB75   16 20                  LD   D,SPACE   ;Space
DB77   CD B7 DC               CALL   drawGraphic   
DB7A   CD 7E DC               CALL   DEC_CURSOR   
DB7D   18 1E                  JR   DRAW_CURSOR   
DB7F                DO_TAB:      
DB7F   FE 09                  CP   TAB   ;Horizontal Tab
DB81   20 13                  JR   NZ,DO_CHAR   
DB83   16 20                  LD   D,SPACE   ;Space
DB85   CD B7 DC               CALL   drawGraphic   
DB88   CD 03 DC               CALL   INC_CURSOR   
DB8B   CD 03 DC               CALL   INC_CURSOR   
DB8E   CD 03 DC               CALL   INC_CURSOR   
DB91   CD 03 DC               CALL   INC_CURSOR   
DB94   18 07                  JR   DRAW_CURSOR   
DB96                DO_CHAR:      
DB96   57                     LD   D,A   ;get character
DB97   CD B7 DC               CALL   drawGraphic   
DB9A   CD 03 DC               CALL   INC_CURSOR   
DB9D                DRAW_CURSOR:      
DB9D   3A 10 0E               LD   A,(CURSOR_ON)   
DBA0   B7                     OR   A   
DBA1   16 20                  LD   D,SPACE   ;Space
DBA3   20 02                  JR   NZ,$+4   ;Skip cursor draw
DBA5   16 8F                  LD   D,CURSOR   ;Cursor
DBA7   CD B7 DC               CALL   drawGraphic   
DBAA   C3 90 DA               JP   plotToLCD   ;Plot screen and exit
DBAD                             ;Send a string of characters to the GLCD.  Prints a string pointed
DBAD                             ;by DE.  It stops printing and returns when either a CR is printed or
DBAD                             ;when the next byte is the same as what is in register C
DBAD                             ;Inputs: DE = address of string to print
DBAD                             ;        C = character to stop printing.
DBAD                             ;Destroy: All
DBAD                SENDSTRINGTOLCD:      
DBAD   41                     LD   B,C   ;Save cp in B
DBAE                NEXT_CHAR:      
DBAE   1A                     LD   A,(DE)   ;Get character
DBAF   13                     INC   DE   ;Move pointer
DBB0   B8                     CP   B   ;Same as B?
DBB1   28 EA                  JR   Z,DRAW_CURSOR   ;Yes exit and plot LCD screen
DBB3   FE 0D                  CP   CR   ;Is it a CR?
DBB5   28 9C                  JR   Z,DO_CR   ;Yes do a CR and plot LCD screen and exit
DBB7   FE 0C                  CP   FF   ;Is it a FF?
DBB9   28 B2                  JR   Z,DO_FF   ;Yes do a Form Feed and plot LCD screen and exit
DBBB   D9                     EXX      ;Save bulk registers
DBBC   57                     LD   D,A   ;Get Character
DBBD   CD B7 DC               CALL   drawGraphic   ;Draw the character
DBC0   CD 03 DC               CALL   INC_CURSOR   ;Move cursor by one
DBC3   D9                     EXX      ;Restore bulk registers
DBC4   18 E8                  JR   NEXT_CHAR   ;Repeat for next character
DBC6   C9                     RET      
DBC7                             ;Display a register in ASCII on the GLCD
DBC7                             ;Input: C = value to convert and display
DBC7                SENDREGTOLCD:      
DBC7   79                     LD   A,C   
DBC8   CD CD DB               CALL   DRAW_A   ;Do the conversion
DBCB   18 D0                  JR   DRAW_CURSOR   ;exit and plot LCD screen
DBCD                DRAW_A:      
DBCD   F5                     PUSH   AF   ;Save AF
DBCE   0F                     RRCA      ;move high
DBCF   0F                     RRCA      ;nibble to low nibble
DBD0   0F                     RRCA      
DBD1   0F                     RRCA      
DBD2   CD D6 DB               CALL   NIBBLE_TO_LCD   ;Convert and display
DBD5   F1                     POP   AF   ;Restore AF
DBD6                NIBBLE_TO_LCD:      
DBD6   E6 0F                  AND   0FH   ;mask out high nibble
DBD8   C6 90                  ADD   A,90H   ;convert to
DBDA   27                     DAA      ;ASCII
DBDB   CE 40                  ADC   A,40H   ;using this
DBDD   27                     DAA      ;amazing routine
DBDE   57                     LD   D,A   ;get character
DBDF   CD B7 DC               CALL   drawGraphic   ;Draw the character
DBE2   CD 03 DC               CALL   INC_CURSOR   ;Move cursor by one
DBE5   C9                     RET      
DBE6                             ;Display the register HL in ASCII on the GLCD
DBE6                             ;Input: HL = value to convert and display
DBE6                SENDHLTOLCD:      
DBE6   E5                     PUSH   HL   ;Save HL
DBE7   7C                     LD   A,H   ;get H
DBE8   CD CD DB               CALL   DRAW_A   ;Do the conversion
DBEB   E1                     POP   HL   
DBEC   7D                     LD   A,L   ;get L
DBED   CD CD DB               CALL   DRAW_A   ;Do the conversion
DBF0   18 AB                  JR   DRAW_CURSOR   ;exit and plot LCD screen
DBF2                             ;Set the Graphic cursor position
DBF2                             ;Inputs: BC = X,Y where X = 0..127, Y = 0..63
DBF2                             ;Ignores update if one of the X,Y values are out of range
DBF2                             ;Destroys: A
DBF2                SETCURSOR:      
DBF2                             ;Check range. Exit if X,Y out of range
DBF2   79                     LD   A,C   
DBF3   FE 40                  CP   40H   
DBF5   D0                     RET   NC   
DBF6   78                     LD   A,B   
DBF7   FE 80                  CP   80H   
DBF9   D0                     RET   NC   
DBFA                             ;Set Cursor and initial start row
DBFA   ED 43 0D 0E            LD   (CURSOR_XY),BC   ;Save cursor
DBFE   79                     LD   A,C   
DBFF   32 0F 0E               LD   (CURSOR_YS),A   ;And initial Y Start
DC02   C9                     RET      
DC03                             ;Increment the cursor by one font character
DC03                             ;A Font Character is 6x6 Pixels.  Move column 6 across until it can't then reset
DC03                             ;column back to 0 and move 6 down.
DC03                             ;If can't go down any further then keep on last row but move column back to 0
DC03                             ;Font Characters maximum 20 across and 10 down
DC03                             ;Output: Carry Set = No screen overflow
DC03                             ;Destroys: A
DC03                INC_CURSOR:      
DC03   3A 0E 0E               LD   A,(CURSOR_X)   ;Get X
DC06   C6 06                  ADD   A,6   ;Add 6
DC08   FE 7E                  CP   126   ;Is it >= 126?
DC0A   30 04                  JR   NC,INC_ROW   ;Yes, reset column and increment row
DC0C   32 0E 0E               LD   (CURSOR_X),A   ;Save new column
DC0F   C9                     RET      
DC10                INC_ROW:      
DC10   AF                     XOR   A   
DC11   32 0E 0E               LD   (CURSOR_X),A   ;reset column to 0
DC14   3A 0D 0E               LD   A,(CURSOR_Y)   ;get row
DC17   C6 06                  ADD   A,6   ;Add 6
DC19   FE 3C                  CP   60   ;Is it >= 60
DC1B   38 07                  JR   C,SAVE_ROW   ;No, save new row
DC1D   F5                     PUSH   AF   
DC1E   CD 28 DC               CALL   SHIFT_BUFFER   ;Shift buffer up one row
DC21   F1                     POP   AF   
DC22   D6 06                  SUB   6   ;overflow, just leave the same
DC24                SAVE_ROW:      
DC24   32 0D 0E               LD   (CURSOR_Y),A   ;Save new row
DC27   C9                     RET      
DC28                             ;Shift the graphics buffer (GBUF) into the scroll buffer (SBUF) by
DC28                             ;one row (6 lines).  Move the top buffer address to the new top of
DC28                             ;the scroll buffer
DC28                SHIFT_BUFFER:      
DC28                             ;Check if anymore buffer left
DC28   2A 15 0E               LD   HL,(TBUF)   ;Get top buffer address
DC2B   11 00 10               LD   DE,TGBUF-SBUF   ;Get scroll buffer address
DC2E   B7                     OR   A   ;Clear carry
DC2F   ED 52                  SBC   HL,DE   ;TBUF-SBUF
DC31   28 09                  JR   Z,SKIP_TBUF   
DC33   19                     ADD   HL,DE   ;restore HL
DC34   11 60 00               LD   DE,16*6   ;Six pixel rows
DC37   ED 52                  SBC   HL,DE   ;Move TBUF down by 6 rows
DC39   22 15 0E               LD   (TBUF),HL   ;Save new TBUF
DC3C                SKIP_TBUF:      
DC3C   21 60 10               LD   HL,TGBUF-SBUF+(16*6)   ;Top of scroll buffer less one row
DC3F   11 00 10               LD   DE,TGBUF-SBUF   ;Top of scroll buffer
DC42   01 20 07               LD   BC,16*6*19   ;19 rows
DC45   ED B0                  LDIR      
DC47   21 20 17               LD   HL,TGBUF+0360H   ;clear last row (9*16)
DC4A   11 21 17               LD   DE,TGBUF+0361H   
DC4D   01 5F 00               LD   BC,5FH   
DC50   AF                     XOR   A   
DC51   77                     LD   (HL),A   
DC52   ED B0                  LDIR      
DC54                             ;Move Y Start up one row
DC54   3A 0F 0E               LD   A,(CURSOR_YS)   ;Get Y Start row
DC57   D6 06                  SUB   6   
DC59   D8                     RET   C   ;Ignore if less than zero
DC5A   32 0F 0E               LD   (CURSOR_YS),A   
DC5D   C9                     RET      
DC5E                             ;Move the VPORT vertically between TBUF and end of GBUB.  VPORT will be
DC5E                             ;shifted by a standard termial row of 6 lines.
DC5E                             ;input: A = 0 shift up else shift down
DC5E                MOVE_VPORT:      
DC5E   2A 13 0E               LD   HL,(VPORT)   ;get viewport
DC61   EB                     EX   DE,HL   
DC62   B7                     OR   A   ;check move
DC63   20 0E                  JR   NZ,MOVE_DOWN   ;shift down
DC65                MOVE_UP:      
DC65   2A 15 0E               LD   HL,(TBUF)   ;get top of buffer
DC68   ED 52                  SBC   HL,DE   ; 
DC6A   C8                     RET   Z   ;if the same, then at top already
DC6B   21 A0 FF               LD   HL,0-60H   ;one row up
DC6E                SAVE_VPORT:      
DC6E   19                     ADD   HL,DE   ;get new VPORT value
DC6F   22 13 0E               LD   (VPORT),HL   
DC72   C9                     RET      
DC73                MOVE_DOWN:      
DC73   21 C0 13               LD   HL,TGBUF   ;get top of graphics buffer
DC76   ED 52                  SBC   HL,DE   ; 
DC78   C8                     RET   Z   ;if the same, then at top already
DC79   21 60 00               LD   HL,60H   ;one row down
DC7C   18 F0                  JR   SAVE_VPORT   
DC7E                             ;Decrement the cursor by one font character up to the current row start
DC7E                             ;Used to help with Backspace character or left arrow?
DC7E                             ;Destroys: A
DC7E                DEC_CURSOR:      
DC7E   3A 0E 0E               LD   A,(CURSOR_X)   ;Get X
DC81   D6 06                  SUB   6   ;subract 6
DC83                SAVE_COL:      
DC83   32 0E 0E               LD   (CURSOR_X),A   ;Save new column
DC86                             ;if < 0 then just make 0 or 20 depending on Y Start
DC86   D0                     RET   NC   
DC87   C5                     PUSH   BC   
DC88   3A 0F 0E               LD   A,(CURSOR_YS)   ;Get Y Start
DC8B   47                     LD   B,A   
DC8C   3A 0D 0E               LD   A,(CURSOR_Y)   ;Get Y
DC8F   90                     SUB   B   
DC90   C1                     POP   BC   
DC91   3E 00                  LD   A,0   ;reset to 0
DC93   28 EE                  JR   Z,SAVE_COL   
DC95   3E 78                  LD   A,6*20   ;last column
DC97   32 0E 0E               LD   (CURSOR_X),A   ;Save new column
DC9A   3A 0D 0E               LD   A,(CURSOR_Y)   
DC9D   D6 06                  SUB   6   ;move row one line up
DC9F   32 0D 0E               LD   (CURSOR_Y),A   ;Save new row
DCA2   C9                     RET      
DCA3                             ;Get cursor position
DCA3                             ;Outputs: BC = X,Y where X = 0..127, Y = 0..63
DCA3                GETCURSOR:      
DCA3   ED 4B 0D 0E            LD   BC,(CURSOR_XY)   
DCA7   C9                     RET      
DCA8                             ;Display Cursor
DCA8                             ;Input: C = 0, Turn cursor on, C = non zero, Turn cursor off
DCA8                             ;Default is Cursor ON
DCA8                DISPLAYCURSOR:      
DCA8   79                     LD   A,C   
DCA9   32 10 0E               LD   (CURSOR_ON),A   
DCAC   C3 9D DB               JP   DRAW_CURSOR   
DCAF                             ;Inverse Graphic Drawing
DCAF                             ;Initial state is normal.  Calling this routine will TOGGLE the inverse drawing flag
DCAF                             ;Destroys: A
DCAF                INVGRAPHIC:      
DCAF   3A 11 0E               LD   A,(INVERSE)   
DCB2   2F                     CPL      ;flip bits
DCB3   32 11 0E               LD   (INVERSE),A   
DCB6   C9                     RET      
DCB7                             ;Draw Graphic at the current cursor.  Draw either an ASCII character or
DCB7                             ;a custom sprite/picture
DCB7                             ;Input: D = ASCII number or
DCB7                             ;    if D=0 Then
DCB7                             ;       HL = Address of graphic data
DCB7                             ;       B = width of graphic in pixels (1-128)
DCB7                             ;       C = height of graphic in pixels (1-64)
DCB7                             ;Destroys: All
DCB7                DRAWGRAPHIC:      
DCB7   7A                     LD   A,D   
DCB8   B7                     OR   A   ;is A=0
DCB9   28 10                  JR   Z,PLOT_GRAPHIC   ;yes, use data pointing to HL
DCBB                             ;Use internal font table and index it to value in A
DCBB   3D                     DEC   A   ;fix for A = 0..255
DCBC   26 00                  LD   H,0   
DCBE   6F                     LD   L,A   
DCBF   29                     ADD   HL,HL   ;Multipy A by 2
DCC0   54                     LD   D,H   
DCC1   5D                     LD   E,L   ;Save in DE
DCC2   29                     ADD   HL,HL   ;Multipy A by 4
DCC3   19                     ADD   HL,DE   ;Multiply by 6
DCC4   11 1D DD               LD   DE,FONT_DATA   ;Font Table
DCC7   19                     ADD   HL,DE   ;Add index (A*8) to HL
DCC8   01 06 06               LD   BC,0606H   ;Six pixels across, Six pixels down
DCCB                PLOT_GRAPHIC:      
DCCB   50                     LD   D,B   ;D=Column pixel count
DCCC   7A                     LD   A,D   
DCCD   32 12 0E               LD   (PIXEL_X),A   ;Save original pixel length
DCD0   59                     LD   E,C   ;E=Row pixel count
DCD1   ED 4B 0D 0E            LD   BC,(CURSOR_XY)   ;Get graphics cursor position
DCD5                PLOT_BYTE:      
DCD5   7A                     LD   A,D   ;Get column bit count
DCD6   D6 08                  SUB   8   
DCD8   57                     LD   D,A   
DCD9   D5                     PUSH   DE   
DCDA   16 08                  LD   D,8   
DCDC   5E                     LD   E,(HL)   ;get pixel data
DCDD   30 09                  JR   NC,INV_BIT   
DCDF   82                     ADD   A,D   ;Restore column bit count
DCE0   57                     LD   D,A   
DCE1   7A                     LD   A,D   
DCE2                             ;D = Rotate adjust count
DCE2   CB 0B                  RRC   E   ;rotate it to get first bit in bit 7
DCE4   15                     DEC   D   
DCE5   20 FB                  JR   NZ,$-3   
DCE7   57                     LD   D,A   ;reset D to actual bit count
DCE8                INV_BIT:      
DCE8   3A 11 0E               LD   A,(INVERSE)   ;check inverse flag
DCEB   AB                     XOR   E   ;flip bits
DCEC   5F                     LD   E,A   ;save new data
DCED                PLOT_BIT:      
DCED   CB 03                  RLC   E   
DCEF   E5                     PUSH   HL   
DCF0   30 05                  JR   NC,REMOVE_PIXEL   
DCF2   CD 3D DA               CALL   drawPixel   
DCF5   18 03                  JR   $+5   
DCF7                REMOVE_PIXEL:      
DCF7   CD 4E DA               CALL   clearPixel   
DCFA   E1                     POP   HL   
DCFB   04                     INC   B   ;move X to the right by one
DCFC   15                     DEC   D   
DCFD   20 EE                  JR   NZ,PLOT_BIT   
DCFF                             ;All bits are plotted check if D <= 0
DCFF   23                     INC   HL   ;move to next pixel byte
DD00   D1                     POP   DE   ;restore Column/Row bit count
DD01   7A                     LD   A,D   
DD02   B7                     OR   A   ;check for zero or lessor
DD03   28 03                  JR   Z,$+5   
DD05   F2 D5 DC               JP   P,PLOT_BYTE   ;its greater or zero, do next byte
DD08                             ;Move down a row and set column to the start
DD08   1D                     DEC   E   ;move column pixel count down by one
DD09   C8                     RET   Z   ;if its zero no more to do, just exit
DD0A   0C                     INC   C   ;move down a row
DD0B   3A 0E 0E               LD   A,(CURSOR_X)   
DD0E   47                     LD   B,A   ;reset column
DD0F   3A 12 0E               LD   A,(PIXEL_X)   
DD12   57                     LD   D,A   ;reset pixel length per row
DD13   18 C0                  JR   PLOT_BYTE   
DD15                             ; Contstants
DD15   80 90 88 98  ROWS:     DB   80H,90H,88H,98H   ;Text Row start position
DD19                INIT_BASIC:      
DD19   30                     DB   30H   ;8 Bit interface, basic instruction
DD1A   0C                     DB   0CH   ;display on, cursor & blink off
DD1B   06                     DB   06H   ;cursor move to right ,no shift
DD1C   01                     DB   01H   ;clear RAM
DD1D                             ;General Graphic Data
DD1D                             ;Byte n = Pixel data where set bits represent pixels.  Read from LSB
DD1D                             ; 256 Character Font
DD1D                FONT_DATA:      
DD1D                             ;001
DD1D   1E                     DB   00011110b   ;  ####
DD1E   21                     DB   00100001b   ; #    #
DD1F   21                     DB   00100001b   ; #    #
DD20   21                     DB   00100001b   ; #    #
DD21   21                     DB   00100001b   ; #    #
DD22   1E                     DB   00011110b   ;  ####
DD23                             ;002
DD23   1E                     DB   00011110b   ;  ####
DD24   3F                     DB   00111111b   ; ######
DD25   3F                     DB   00111111b   ; ######
DD26   3F                     DB   00111111b   ; ######
DD27   3F                     DB   00111111b   ; ######
DD28   1E                     DB   00011110b   ;  ####
DD29                             ;003 Up Arrow
DD29   0C                     DB   00001100b   ;   ##
DD2A   1E                     DB   00011110b   ;  ####
DD2B   3F                     DB   00111111b   ; ######
DD2C   0C                     DB   00001100b   ;   ##
DD2D   0C                     DB   00001100b   ;   ##
DD2E   0C                     DB   00001100b   ;   ##
DD2F                             ;004 Down Arrow
DD2F   0C                     DB   00001100b   ;   ##
DD30   0C                     DB   00001100b   ;   ##
DD31   0C                     DB   00001100b   ;   ##
DD32   3F                     DB   00111111b   ; ######
DD33   1E                     DB   00011110b   ;  ####
DD34   0C                     DB   00001100b   ;   ##
DD35                             ;005 Left Arrow
DD35   08                     DB   00001000b   ;   #
DD36   18                     DB   00011000b   ;  ##
DD37   3F                     DB   00111111b   ; ######
DD38   3F                     DB   00111111b   ; ######
DD39   18                     DB   00011000b   ;  ##
DD3A   08                     DB   00001000b   ;   #
DD3B                             ;006 Right Arrow
DD3B   04                     DB   00000100b   ;    #
DD3C   06                     DB   00000110b   ;    ##
DD3D   3F                     DB   00111111b   ; ######
DD3E   3F                     DB   00111111b   ; ######
DD3F   06                     DB   00000110b   ;    ##
DD40   04                     DB   00000100b   ;    #
DD41                             ;007 Up Hat
DD41   0C                     DB   00001100b   ;   ##
DD42   1E                     DB   00011110b   ;  ####
DD43   3F                     DB   00111111b   ; ######
DD44   00                     DB   00000000b   ; 
DD45   00                     DB   00000000b   ; 
DD46   00                     DB   00000000b   ; 
DD47                             ;008 Down Hat
DD47   00                     DB   00000000b   ; 
DD48   00                     DB   00000000b   ; 
DD49   00                     DB   00000000b   ; 
DD4A   3F                     DB   00111111b   ; ######
DD4B   1E                     DB   00011110b   ;  ####
DD4C   0C                     DB   00001100b   ;   ##
DD4D                             ;009 Left Hat
DD4D   08                     DB   00001000b   ;   #
DD4E   18                     DB   00011000b   ;  ##
DD4F   38                     DB   00111000b   ; ###
DD50   38                     DB   00111000b   ; ###
DD51   18                     DB   00011000b   ;  ##
DD52   08                     DB   00001000b   ;   #
DD53                             ;010 Right Hat
DD53   04                     DB   00000100b   ;    #
DD54   06                     DB   00000110b   ;    ##
DD55   07                     DB   00000111b   ;    ###
DD56   07                     DB   00000111b   ;    ###
DD57   06                     DB   00000110b   ;    ##
DD58   04                     DB   00000100b   ;    #
DD59                             ;011 Note 1
DD59   04                     DB   00000100b   ;    #
DD5A   04                     DB   00000100b   ;    #
DD5B   04                     DB   00000100b   ;    #
DD5C   1C                     DB   00011100b   ;  ###
DD5D   3C                     DB   00111100b   ; ####
DD5E   18                     DB   00011000b   ;  ##
DD5F                             ;012 Note 2
DD5F   04                     DB   00000100b   ;    #
DD60   06                     DB   00000110b   ;    ##
DD61   05                     DB   00000101b   ;    # #
DD62   1C                     DB   00011100b   ;  ###
DD63   3C                     DB   00111100b   ; ####
DD64   18                     DB   00011000b   ;  ##
DD65                             ;013 Rocket
DD65   0C                     DB   00001100b   ;   ##
DD66   0C                     DB   00001100b   ;   ##
DD67   0C                     DB   00001100b   ;   ##
DD68   0C                     DB   00001100b   ;   ##
DD69   1E                     DB   00011110b   ;  ####
DD6A   33                     DB   00110011b   ; ##  ##
DD6B                             ;014 Bomb
DD6B   1E                     DB   00011110b   ;  ####
DD6C   0C                     DB   00001100b   ;   ##
DD6D   1E                     DB   00011110b   ;  ####
DD6E   1E                     DB   00011110b   ;  ####
DD6F   1E                     DB   00011110b   ;  ####
DD70   0C                     DB   00001100b   ;   ##
DD71                             ;015 Explosion
DD71   0C                     DB   00001100b   ;   ##
DD72   3F                     DB   00111111b   ; ######
DD73   06                     DB   00000110b   ;    ##
DD74   0C                     DB   00001100b   ;   ##
DD75   18                     DB   00011000b   ;  ##
DD76   0C                     DB   00001100b   ;   ##
DD77                             ;016
DD77   36                     DB   00110110b   ; ## ##
DD78   24                     DB   00100100b   ; #  #
DD79   00                     DB   00000000b   ; 
DD7A   00                     DB   00000000b   ; 
DD7B   00                     DB   00000000b   ; 
DD7C   00                     DB   00000000b   ; 
DD7D                             ;017
DD7D   36                     DB   00110110b   ; ## ##
DD7E   12                     DB   00010010b   ;  #  #
DD7F   00                     DB   00000000b   ; 
DD80   00                     DB   00000000b   ; 
DD81   00                     DB   00000000b   ; 
DD82   00                     DB   00000000b   ; 
DD83                             ;018
DD83   0E                     DB   00001110b   ;   ###
DD84   12                     DB   00010010b   ;  #  #
DD85   38                     DB   00111000b   ; ###
DD86   12                     DB   00010010b   ;  #  #
DD87   3E                     DB   00111110b   ; #####
DD88   00                     DB   00000000b   ; 
DD89                             ;019
DD89   1C                     DB   00011100b   ;  ###
DD8A   22                     DB   00100010b   ; #   #
DD8B   2A                     DB   00101010b   ; # # #
DD8C   22                     DB   00100010b   ; #   #
DD8D   1C                     DB   00011100b   ;  ###
DD8E   00                     DB   00000000b   ; 
DD8F                             ;020
DD8F   3E                     DB   00111110b   ; #####
DD90   34                     DB   00110100b   ; ## #
DD91   34                     DB   00110100b   ; ## #
DD92   14                     DB   00010100b   ;  # #
DD93   14                     DB   00010100b   ;  # #
DD94   00                     DB   00000000b   ; 
DD95                             ;021
DD95   1C                     DB   00011100b   ;  ###
DD96   18                     DB   00011000b   ;  ##
DD97   24                     DB   00100100b   ; #  #
DD98   18                     DB   00011000b   ;  ##
DD99   38                     DB   00111000b   ; ###
DD9A   00                     DB   00000000b   ; 
DD9B                             ;022
DD9B   0C                     DB   00001100b   ;   ##
DD9C   0C                     DB   00001100b   ;   ##
DD9D   02                     DB   00000010b   ;     #
DD9E   00                     DB   00000000b   ; 
DD9F   00                     DB   00000000b   ; 
DDA0   00                     DB   00000000b   ; 
DDA1                             ;023
DDA1   14                     DB   00010100b   ;  # #
DDA2   00                     DB   00000000b   ; 
DDA3   08                     DB   00001000b   ;   #
DDA4   22                     DB   00100010b   ; #   #
DDA5   1C                     DB   00011100b   ;  ###
DDA6   00                     DB   00000000b   ; 
DDA7                             ;024
DDA7   14                     DB   00010100b   ;  # #
DDA8   00                     DB   00000000b   ; 
DDA9   00                     DB   00000000b   ; 
DDAA   1C                     DB   00011100b   ;  ###
DDAB   22                     DB   00100010b   ; #   #
DDAC   00                     DB   00000000b   ; 
DDAD                             ;025
DDAD   08                     DB   00001000b   ;   #
DDAE   00                     DB   00000000b   ; 
DDAF   18                     DB   00011000b   ;  ##
DDB0   22                     DB   00100010b   ; #   #
DDB1   1C                     DB   00011100b   ;  ###
DDB2   00                     DB   00000000b   ; 
DDB3                             ;026
DDB3   08                     DB   00001000b   ;   #
DDB4   00                     DB   00000000b   ; 
DDB5   08                     DB   00001000b   ;   #
DDB6   08                     DB   00001000b   ;   #
DDB7   08                     DB   00001000b   ;   #
DDB8   00                     DB   00000000b   ; 
DDB9                             ;027
DDB9   00                     DB   00000000b   ; 
DDBA   00                     DB   00000000b   ; 
DDBB   3E                     DB   00111110b   ; #####
DDBC   06                     DB   00000110b   ;    ##
DDBD   06                     DB   00000110b   ;    ##
DDBE   00                     DB   00000000b   ; 
DDBF                             ;028
DDBF   1C                     DB   00011100b   ;  ###
DDC0   1C                     DB   00011100b   ;  ###
DDC1   3E                     DB   00111110b   ; #####
DDC2   08                     DB   00001000b   ;   #
DDC3   1C                     DB   00011100b   ;  ###
DDC4   00                     DB   00000000b   ; 
DDC5                             ;029
DDC5   08                     DB   00001000b   ;   #
DDC6   1C                     DB   00011100b   ;  ###
DDC7   3E                     DB   00111110b   ; #####
DDC8   1C                     DB   00011100b   ;  ###
DDC9   08                     DB   00001000b   ;   #
DDCA   00                     DB   00000000b   ; 
DDCB                             ;030
DDCB   14                     DB   00010100b   ;  # #
DDCC   3E                     DB   00111110b   ; #####
DDCD   3E                     DB   00111110b   ; #####
DDCE   1C                     DB   00011100b   ;  ###
DDCF   08                     DB   00001000b   ;   #
DDD0   00                     DB   00000000b   ; 
DDD1                             ;031
DDD1   08                     DB   00001000b   ;   #
DDD2   1C                     DB   00011100b   ;  ###
DDD3   3E                     DB   00111110b   ; #####
DDD4   08                     DB   00001000b   ;   #
DDD5   1C                     DB   00011100b   ;  ###
DDD6   00                     DB   00000000b   ; 
DDD7                             ;032 Space
DDD7   00                     DB   00000000b   ; 
DDD8   00                     DB   00000000b   ; 
DDD9   00                     DB   00000000b   ; 
DDDA   00                     DB   00000000b   ; 
DDDB   00                     DB   00000000b   ; 
DDDC   00                     DB   00000000b   ; 
DDDD                             ;033 !
DDDD   08                     DB   00001000b   ;   #
DDDE   08                     DB   00001000b   ;   #
DDDF   08                     DB   00001000b   ;   #
DDE0   00                     DB   00000000b   ; 
DDE1   08                     DB   00001000b   ;   #
DDE2   00                     DB   00000000b   ; 
DDE3                             ;034 "
DDE3   14                     DB   00010100b   ;  # #
DDE4   14                     DB   00010100b   ;  # #
DDE5   00                     DB   00000000b   ; 
DDE6   00                     DB   00000000b   ; 
DDE7   00                     DB   00000000b   ; 
DDE8   00                     DB   00000000b   ; 
DDE9                             ;035 #
DDE9   14                     DB   00010100b   ;  # #
DDEA   3E                     DB   00111110b   ; #####
DDEB   14                     DB   00010100b   ;  # #
DDEC   3E                     DB   00111110b   ; #####
DDED   14                     DB   00010100b   ;  # #
DDEE   00                     DB   00000000b   ; 
DDEF                             ;036 $
DDEF   1E                     DB   00011110b   ;  ####
DDF0   28                     DB   00101000b   ; # #
DDF1   1C                     DB   00011100b   ;  ###
DDF2   0A                     DB   00001010b   ;   # #
DDF3   3C                     DB   00111100b   ; ####
DDF4   00                     DB   00000000b   ; 
DDF5                             ;037 %
DDF5   32                     DB   00110010b   ; ##  #
DDF6   34                     DB   00110100b   ; ## #
DDF7   08                     DB   00001000b   ;   #
DDF8   16                     DB   00010110b   ;  # ##
DDF9   26                     DB   00100110b   ; #  ##
DDFA   00                     DB   00000000b   ; 
DDFB                             ;038 &
DDFB   18                     DB   00011000b   ;  ##
DDFC   24                     DB   00100100b   ; #  #
DDFD   1A                     DB   00011010b   ;  ## #
DDFE   24                     DB   00100100b   ; #  #
DDFF   1A                     DB   00011010b   ;  ## #
DE00   00                     DB   00000000b   ; 
DE01                             ;039 '
DE01   04                     DB   00000100b   ;    #
DE02   08                     DB   00001000b   ;   #
DE03   00                     DB   00000000b   ; 
DE04   00                     DB   00000000b   ; 
DE05   00                     DB   00000000b   ; 
DE06   00                     DB   00000000b   ; 
DE07                             ;040 (
DE07   04                     DB   00000100b   ;    #
DE08   08                     DB   00001000b   ;   #
DE09   08                     DB   00001000b   ;   #
DE0A   08                     DB   00001000b   ;   #
DE0B   04                     DB   00000100b   ;    #
DE0C   00                     DB   00000000b   ; 
DE0D                             ;041 )
DE0D   10                     DB   00010000b   ;  #
DE0E   08                     DB   00001000b   ;   #
DE0F   08                     DB   00001000b   ;   #
DE10   08                     DB   00001000b   ;   #
DE11   10                     DB   00010000b   ;  #
DE12   00                     DB   00000000b   ; 
DE13                             ;042 *
DE13   2A                     DB   00101010b   ; # # #
DE14   1C                     DB   00011100b   ;  ###
DE15   3E                     DB   00111110b   ; #####
DE16   1C                     DB   00011100b   ;  ###
DE17   2A                     DB   00101010b   ; # # #
DE18   00                     DB   00000000b   ; 
DE19                             ;043 +
DE19   00                     DB   00000000b   ; 
DE1A   08                     DB   00001000b   ;   #
DE1B   1C                     DB   00011100b   ;  ###
DE1C   08                     DB   00001000b   ;   #
DE1D   00                     DB   00000000b   ; 
DE1E   00                     DB   00000000b   ; 
DE1F                             ;044 ,
DE1F   00                     DB   00000000b   ; 
DE20   00                     DB   00000000b   ; 
DE21   00                     DB   00000000b   ; 
DE22   08                     DB   00001000b   ;   #
DE23   10                     DB   00010000b   ;  #
DE24   00                     DB   00000000b   ; 
DE25                             ;045 -
DE25   00                     DB   00000000b   ; 
DE26   00                     DB   00000000b   ; 
DE27   1C                     DB   00011100b   ;  ###
DE28   00                     DB   00000000b   ; 
DE29   00                     DB   00000000b   ; 
DE2A   00                     DB   00000000b   ; 
DE2B                             ;046 .
DE2B   00                     DB   00000000b   ; 
DE2C   00                     DB   00000000b   ; 
DE2D   00                     DB   00000000b   ; 
DE2E   00                     DB   00000000b   ; 
DE2F   10                     DB   00010000b   ;  #
DE30   00                     DB   00000000b   ; 
DE31                             ;047 /
DE31   04                     DB   00000100b   ;    #
DE32   08                     DB   00001000b   ;   #
DE33   08                     DB   00001000b   ;   #
DE34   08                     DB   00001000b   ;   #
DE35   10                     DB   00010000b   ;  #
DE36   00                     DB   00000000b   ; 
DE37                             ;048 0
DE37   1C                     DB   00011100b   ;  ###
DE38   14                     DB   00010100b   ;  # #
DE39   14                     DB   00010100b   ;  # #
DE3A   14                     DB   00010100b   ;  # #
DE3B   1C                     DB   00011100b   ;  ###
DE3C   00                     DB   00000000b   ; 
DE3D                             ;049 1
DE3D   08                     DB   00001000b   ;   #
DE3E   18                     DB   00011000b   ;  ##
DE3F   08                     DB   00001000b   ;   #
DE40   08                     DB   00001000b   ;   #
DE41   1C                     DB   00011100b   ;  ###
DE42   00                     DB   00000000b   ; 
DE43                             ;050 2
DE43   1C                     DB   00011100b   ;  ###
DE44   04                     DB   00000100b   ;    #
DE45   1C                     DB   00011100b   ;  ###
DE46   10                     DB   00010000b   ;  #
DE47   1C                     DB   00011100b   ;  ###
DE48   00                     DB   00000000b   ; 
DE49                             ;051 3
DE49   1C                     DB   00011100b   ;  ###
DE4A   04                     DB   00000100b   ;    #
DE4B   0C                     DB   00001100b   ;   ##
DE4C   04                     DB   00000100b   ;    #
DE4D   1C                     DB   00011100b   ;  ###
DE4E   00                     DB   00000000b   ; 
DE4F                             ;052 4
DE4F   10                     DB   00010000b   ;  #
DE50   10                     DB   00010000b   ;  #
DE51   14                     DB   00010100b   ;  # #
DE52   1C                     DB   00011100b   ;  ###
DE53   04                     DB   00000100b   ;    #
DE54   00                     DB   00000000b   ; 
DE55                             ;053 5
DE55   1C                     DB   00011100b   ;  ###
DE56   10                     DB   00010000b   ;  #
DE57   1C                     DB   00011100b   ;  ###
DE58   04                     DB   00000100b   ;    #
DE59   1C                     DB   00011100b   ;  ###
DE5A   00                     DB   00000000b   ; 
DE5B                             ;054 6
DE5B   18                     DB   00011000b   ;  ##
DE5C   10                     DB   00010000b   ;  #
DE5D   1C                     DB   00011100b   ;  ###
DE5E   14                     DB   00010100b   ;  # #
DE5F   1C                     DB   00011100b   ;  ###
DE60   00                     DB   00000000b   ; 
DE61                             ;055 7
DE61   1C                     DB   00011100b   ;  ###
DE62   04                     DB   00000100b   ;    #
DE63   08                     DB   00001000b   ;   #
DE64   10                     DB   00010000b   ;  #
DE65   10                     DB   00010000b   ;  #
DE66   00                     DB   00000000b   ; 
DE67                             ;056 8
DE67   1C                     DB   00011100b   ;  ###
DE68   14                     DB   00010100b   ;  # #
DE69   1C                     DB   00011100b   ;  ###
DE6A   14                     DB   00010100b   ;  # #
DE6B   1C                     DB   00011100b   ;  ###
DE6C   00                     DB   00000000b   ; 
DE6D                             ;057 9
DE6D   1C                     DB   00011100b   ;  ###
DE6E   14                     DB   00010100b   ;  # #
DE6F   1C                     DB   00011100b   ;  ###
DE70   04                     DB   00000100b   ;    #
DE71   1C                     DB   00011100b   ;  ###
DE72   00                     DB   00000000b   ; 
DE73                             ;058 :
DE73   00                     DB   00000000b   ; 
DE74   08                     DB   00001000b   ;   #
DE75   00                     DB   00000000b   ; 
DE76   08                     DB   00001000b   ;   #
DE77   00                     DB   00000000b   ; 
DE78   00                     DB   00000000b   ; 
DE79                             ;059 ;
DE79   00                     DB   00000000b   ; 
DE7A   08                     DB   00001000b   ;   #
DE7B   00                     DB   00000000b   ; 
DE7C   08                     DB   00001000b   ;   #
DE7D   10                     DB   00010000b   ;  #
DE7E   00                     DB   00000000b   ; 
DE7F                             ;060 <
DE7F   04                     DB   00000100b   ;    #
DE80   08                     DB   00001000b   ;   #
DE81   10                     DB   00010000b   ;  #
DE82   08                     DB   00001000b   ;   #
DE83   04                     DB   00000100b   ;    #
DE84   00                     DB   00000000b   ; 
DE85                             ;061 =
DE85   00                     DB   00000000b   ; 
DE86   1C                     DB   00011100b   ;  ###
DE87   00                     DB   00000000b   ; 
DE88   1C                     DB   00011100b   ;  ###
DE89   00                     DB   00000000b   ; 
DE8A   00                     DB   00000000b   ; 
DE8B                             ;062 >
DE8B   10                     DB   00010000b   ;  #
DE8C   08                     DB   00001000b   ;   #
DE8D   04                     DB   00000100b   ;    #
DE8E   08                     DB   00001000b   ;   #
DE8F   10                     DB   00010000b   ;  #
DE90   00                     DB   00000000b   ; 
DE91                             ;063 ?
DE91   1C                     DB   00011100b   ;  ###
DE92   22                     DB   00100010b   ; #   #
DE93   0C                     DB   00001100b   ;   ##
DE94   00                     DB   00000000b   ; 
DE95   08                     DB   00001000b   ;   #
DE96   00                     DB   00000000b   ; 
DE97                             ;064 @
DE97   1C                     DB   00011100b   ;  ###
DE98   22                     DB   00100010b   ; #   #
DE99   26                     DB   00100110b   ; #  ##
DE9A   2A                     DB   00101010b   ; # # #
DE9B   0C                     DB   00001100b   ;   ##
DE9C   00                     DB   00000000b   ; 
DE9D                             ;065 A
DE9D   18                     DB   00011000b   ;  ##
DE9E   24                     DB   00100100b   ; #  #
DE9F   22                     DB   00100010b   ; #   #
DEA0   3E                     DB   00111110b   ; #####
DEA1   22                     DB   00100010b   ; #   #
DEA2   00                     DB   00000000b   ; 
DEA3                             ;066 B
DEA3   38                     DB   00111000b   ; ###
DEA4   24                     DB   00100100b   ; #  #
DEA5   3C                     DB   00111100b   ; ####
DEA6   22                     DB   00100010b   ; #   #
DEA7   3C                     DB   00111100b   ; ####
DEA8   00                     DB   00000000b   ; 
DEA9                             ;067 C
DEA9   1C                     DB   00011100b   ;  ###
DEAA   22                     DB   00100010b   ; #   #
DEAB   20                     DB   00100000b   ; #
DEAC   22                     DB   00100010b   ; #   #
DEAD   1C                     DB   00011100b   ;  ###
DEAE   00                     DB   00000000b   ; 
DEAF                             ;068 D
DEAF   3C                     DB   00111100b   ; ####
DEB0   26                     DB   00100110b   ; #  ##
DEB1   22                     DB   00100010b   ; #   #
DEB2   22                     DB   00100010b   ; #   #
DEB3   3C                     DB   00111100b   ; ####
DEB4   00                     DB   00000000b   ; 
DEB5                             ;069 E
DEB5   3E                     DB   00111110b   ; #####
DEB6   20                     DB   00100000b   ; #
DEB7   3C                     DB   00111100b   ; ####
DEB8   20                     DB   00100000b   ; #
DEB9   3E                     DB   00111110b   ; #####
DEBA   00                     DB   00000000b   ; 
DEBB                             ;070 F
DEBB   3E                     DB   00111110b   ; #####
DEBC   20                     DB   00100000b   ; #
DEBD   3C                     DB   00111100b   ; ####
DEBE   20                     DB   00100000b   ; #
DEBF   20                     DB   00100000b   ; #
DEC0   00                     DB   00000000b   ; 
DEC1                             ;071 G
DEC1   1C                     DB   00011100b   ;  ###
DEC2   20                     DB   00100000b   ; #
DEC3   26                     DB   00100110b   ; #  ##
DEC4   22                     DB   00100010b   ; #   #
DEC5   1C                     DB   00011100b   ;  ###
DEC6   00                     DB   00000000b   ; 
DEC7                             ;072 H
DEC7   24                     DB   00100100b   ; #  #
DEC8   22                     DB   00100010b   ; #   #
DEC9   3E                     DB   00111110b   ; #####
DECA   22                     DB   00100010b   ; #   #
DECB   22                     DB   00100010b   ; #   #
DECC   00                     DB   00000000b   ; 
DECD                             ;073 I
DECD   1C                     DB   00011100b   ;  ###
DECE   08                     DB   00001000b   ;   #
DECF   08                     DB   00001000b   ;   #
DED0   08                     DB   00001000b   ;   #
DED1   1C                     DB   00011100b   ;  ###
DED2   00                     DB   00000000b   ; 
DED3                             ;074 J
DED3   0C                     DB   00001100b   ;   ##
DED4   04                     DB   00000100b   ;    #
DED5   04                     DB   00000100b   ;    #
DED6   14                     DB   00010100b   ;  # #
DED7   1C                     DB   00011100b   ;  ###
DED8   00                     DB   00000000b   ; 
DED9                             ;075 K
DED9   24                     DB   00100100b   ; #  #
DEDA   28                     DB   00101000b   ; # #
DEDB   30                     DB   00110000b   ; ##
DEDC   28                     DB   00101000b   ; # #
DEDD   24                     DB   00100100b   ; #  #
DEDE   00                     DB   00000000b   ; 
DEDF                             ;076 L
DEDF   20                     DB   00100000b   ; #
DEE0   20                     DB   00100000b   ; #
DEE1   20                     DB   00100000b   ; #
DEE2   20                     DB   00100000b   ; #
DEE3   3C                     DB   00111100b   ; ####
DEE4   00                     DB   00000000b   ; 
DEE5                             ;077 M
DEE5   22                     DB   00100010b   ; #   #
DEE6   36                     DB   00110110b   ; ## ##
DEE7   2A                     DB   00101010b   ; # # #
DEE8   22                     DB   00100010b   ; #   #
DEE9   22                     DB   00100010b   ; #   #
DEEA   00                     DB   00000000b   ; 
DEEB                             ;078 N
DEEB   22                     DB   00100010b   ; #   #
DEEC   32                     DB   00110010b   ; ##  #
DEED   2A                     DB   00101010b   ; # # #
DEEE   26                     DB   00100110b   ; #  ##
DEEF   22                     DB   00100010b   ; #   #
DEF0   00                     DB   00000000b   ; 
DEF1                             ;079 O
DEF1   1C                     DB   00011100b   ;  ###
DEF2   26                     DB   00100110b   ; #  ##
DEF3   22                     DB   00100010b   ; #   #
DEF4   22                     DB   00100010b   ; #   #
DEF5   1C                     DB   00011100b   ;  ###
DEF6   00                     DB   00000000b   ; 
DEF7                             ;080 P
DEF7   38                     DB   00111000b   ; ###
DEF8   24                     DB   00100100b   ; #  #
DEF9   38                     DB   00111000b   ; ###
DEFA   20                     DB   00100000b   ; #
DEFB   20                     DB   00100000b   ; #
DEFC   00                     DB   00000000b   ; 
DEFD                             ;081 Q
DEFD   1C                     DB   00011100b   ;  ###
DEFE   22                     DB   00100010b   ; #   #
DEFF   22                     DB   00100010b   ; #   #
DF00   26                     DB   00100110b   ; #  ##
DF01   1E                     DB   00011110b   ;  ####
DF02   00                     DB   00000000b   ; 
DF03                             ;082 R
DF03   38                     DB   00111000b   ; ###
DF04   24                     DB   00100100b   ; #  #
DF05   38                     DB   00111000b   ; ###
DF06   28                     DB   00101000b   ; # #
DF07   24                     DB   00100100b   ; #  #
DF08   00                     DB   00000000b   ; 
DF09                             ;083 S
DF09   1E                     DB   00011110b   ;  ####
DF0A   20                     DB   00100000b   ; #
DF0B   1C                     DB   00011100b   ;  ###
DF0C   02                     DB   00000010b   ;     #
DF0D   3C                     DB   00111100b   ; ####
DF0E   00                     DB   00000000b   ; 
DF0F                             ;084 T
DF0F   3E                     DB   00111110b   ; #####
DF10   08                     DB   00001000b   ;   #
DF11   08                     DB   00001000b   ;   #
DF12   08                     DB   00001000b   ;   #
DF13   08                     DB   00001000b   ;   #
DF14   00                     DB   00000000b   ; 
DF15                             ;085 U
DF15   24                     DB   00100100b   ; #  #
DF16   22                     DB   00100010b   ; #   #
DF17   22                     DB   00100010b   ; #   #
DF18   22                     DB   00100010b   ; #   #
DF19   1C                     DB   00011100b   ;  ###
DF1A   00                     DB   00000000b   ; 
DF1B                             ;086 V
DF1B   22                     DB   00100010b   ; #   #
DF1C   22                     DB   00100010b   ; #   #
DF1D   14                     DB   00010100b   ;  # #
DF1E   14                     DB   00010100b   ;  # #
DF1F   08                     DB   00001000b   ;   #
DF20   00                     DB   00000000b   ; 
DF21                             ;087 W
DF21   24                     DB   00100100b   ; #  #
DF22   22                     DB   00100010b   ; #   #
DF23   2A                     DB   00101010b   ; # # #
DF24   2A                     DB   00101010b   ; # # #
DF25   14                     DB   00010100b   ;  # #
DF26   00                     DB   00000000b   ; 
DF27                             ;088 X
DF27   22                     DB   00100010b   ; #   #
DF28   14                     DB   00010100b   ;  # #
DF29   08                     DB   00001000b   ;   #
DF2A   14                     DB   00010100b   ;  # #
DF2B   22                     DB   00100010b   ; #   #
DF2C   00                     DB   00000000b   ; 
DF2D                             ;089 Y
DF2D   22                     DB   00100010b   ; #   #
DF2E   14                     DB   00010100b   ;  # #
DF2F   08                     DB   00001000b   ;   #
DF30   08                     DB   00001000b   ;   #
DF31   08                     DB   00001000b   ;   #
DF32   00                     DB   00000000b   ; 
DF33                             ;090 Z
DF33   3E                     DB   00111110b   ; #####
DF34   04                     DB   00000100b   ;    #
DF35   08                     DB   00001000b   ;   #
DF36   10                     DB   00010000b   ;  #
DF37   3E                     DB   00111110b   ; #####
DF38   00                     DB   00000000b   ; 
DF39                             ;091 [
DF39   0C                     DB   00001100b   ;   ##
DF3A   08                     DB   00001000b   ;   #
DF3B   08                     DB   00001000b   ;   #
DF3C   08                     DB   00001000b   ;   #
DF3D   0C                     DB   00001100b   ;   ##
DF3E   00                     DB   00000000b   ; 
DF3F                             ;092 \
DF3F   10                     DB   00010000b   ;  #
DF40   08                     DB   00001000b   ;   #
DF41   08                     DB   00001000b   ;   #
DF42   08                     DB   00001000b   ;   #
DF43   04                     DB   00000100b   ;    #
DF44   00                     DB   00000000b   ; 
DF45                             ;093 ]
DF45   18                     DB   00011000b   ;  ##
DF46   08                     DB   00001000b   ;   #
DF47   08                     DB   00001000b   ;   #
DF48   08                     DB   00001000b   ;   #
DF49   18                     DB   00011000b   ;  ##
DF4A   00                     DB   00000000b   ; 
DF4B                             ;094 ^
DF4B   08                     DB   00001000b   ;   #
DF4C   14                     DB   00010100b   ;  # #
DF4D   00                     DB   00000000b   ; 
DF4E   00                     DB   00000000b   ; 
DF4F   00                     DB   00000000b   ; 
DF50   00                     DB   00000000b   ; 
DF51                             ;095 _
DF51   00                     DB   00000000b   ; 
DF52   00                     DB   00000000b   ; 
DF53   00                     DB   00000000b   ; 
DF54   00                     DB   00000000b   ; 
DF55   3E                     DB   00111110b   ; #####
DF56   00                     DB   00000000b   ; 
DF57                             ;096 `
DF57   08                     DB   00001000b   ;   #
DF58   04                     DB   00000100b   ;    #
DF59   00                     DB   00000000b   ; 
DF5A   00                     DB   00000000b   ; 
DF5B   00                     DB   00000000b   ; 
DF5C   00                     DB   00000000b   ; 
DF5D                             ;097 a
DF5D   00                     DB   00000000b   ; 
DF5E   1C                     DB   00011100b   ;  ###
DF5F   22                     DB   00100010b   ; #   #
DF60   26                     DB   00100110b   ; #  ##
DF61   1A                     DB   00011010b   ;  ## #
DF62   00                     DB   00000000b   ; 
DF63                             ;098 b
DF63   20                     DB   00100000b   ; #
DF64   3C                     DB   00111100b   ; ####
DF65   22                     DB   00100010b   ; #   #
DF66   22                     DB   00100010b   ; #   #
DF67   3C                     DB   00111100b   ; ####
DF68   00                     DB   00000000b   ; 
DF69                             ;099 c
DF69   00                     DB   00000000b   ; 
DF6A   1C                     DB   00011100b   ;  ###
DF6B   20                     DB   00100000b   ; #
DF6C   20                     DB   00100000b   ; #
DF6D   1C                     DB   00011100b   ;  ###
DF6E   00                     DB   00000000b   ; 
DF6F                             ;100 d
DF6F   02                     DB   00000010b   ;     #
DF70   1E                     DB   00011110b   ;  ####
DF71   22                     DB   00100010b   ; #   #
DF72   22                     DB   00100010b   ; #   #
DF73   1E                     DB   00011110b   ;  ####
DF74   00                     DB   00000000b   ; 
DF75                             ;101 e
DF75   1C                     DB   00011100b   ;  ###
DF76   22                     DB   00100010b   ; #   #
DF77   3C                     DB   00111100b   ; ####
DF78   20                     DB   00100000b   ; #
DF79   1E                     DB   00011110b   ;  ####
DF7A   00                     DB   00000000b   ; 
DF7B                             ;102 f
DF7B   0E                     DB   00001110b   ;   ###
DF7C   10                     DB   00010000b   ;  #
DF7D   3C                     DB   00111100b   ; ####
DF7E   10                     DB   00010000b   ;  #
DF7F   10                     DB   00010000b   ;  #
DF80   00                     DB   00000000b   ; 
DF81                             ;103 g
DF81   1E                     DB   00011110b   ;  ####
DF82   22                     DB   00100010b   ; #   #
DF83   1E                     DB   00011110b   ;  ####
DF84   02                     DB   00000010b   ;     #
DF85   3C                     DB   00111100b   ; ####
DF86   00                     DB   00000000b   ; 
DF87                             ;104 h
DF87   20                     DB   00100000b   ; #
DF88   20                     DB   00100000b   ; #
DF89   3C                     DB   00111100b   ; ####
DF8A   22                     DB   00100010b   ; #   #
DF8B   22                     DB   00100010b   ; #   #
DF8C   00                     DB   00000000b   ; 
DF8D                             ;105 i
DF8D   08                     DB   00001000b   ;   #
DF8E   00                     DB   00000000b   ; 
DF8F   08                     DB   00001000b   ;   #
DF90   08                     DB   00001000b   ;   #
DF91   08                     DB   00001000b   ;   #
DF92   00                     DB   00000000b   ; 
DF93                             ;106 j
DF93   04                     DB   00000100b   ;    #
DF94   00                     DB   00000000b   ; 
DF95   04                     DB   00000100b   ;    #
DF96   04                     DB   00000100b   ;    #
DF97   18                     DB   00011000b   ;  ##
DF98   00                     DB   00000000b   ; 
DF99                             ;107 k
DF99   20                     DB   00100000b   ; #
DF9A   24                     DB   00100100b   ; #  #
DF9B   28                     DB   00101000b   ; # #
DF9C   34                     DB   00110100b   ; ## #
DF9D   22                     DB   00100010b   ; #   #
DF9E   00                     DB   00000000b   ; 
DF9F                             ;108 l
DF9F   08                     DB   00001000b   ;   #
DFA0   08                     DB   00001000b   ;   #
DFA1   08                     DB   00001000b   ;   #
DFA2   08                     DB   00001000b   ;   #
DFA3   0C                     DB   00001100b   ;   ##
DFA4   00                     DB   00000000b   ; 
DFA5                             ;109 m
DFA5   00                     DB   00000000b   ; 
DFA6   14                     DB   00010100b   ;  # #
DFA7   2A                     DB   00101010b   ; # # #
DFA8   2A                     DB   00101010b   ; # # #
DFA9   2A                     DB   00101010b   ; # # #
DFAA   00                     DB   00000000b   ; 
DFAB                             ;110 n
DFAB   00                     DB   00000000b   ; 
DFAC   1C                     DB   00011100b   ;  ###
DFAD   22                     DB   00100010b   ; #   #
DFAE   22                     DB   00100010b   ; #   #
DFAF   22                     DB   00100010b   ; #   #
DFB0   00                     DB   00000000b   ; 
DFB1                             ;111 o
DFB1   00                     DB   00000000b   ; 
DFB2   1C                     DB   00011100b   ;  ###
DFB3   22                     DB   00100010b   ; #   #
DFB4   22                     DB   00100010b   ; #   #
DFB5   1C                     DB   00011100b   ;  ###
DFB6   00                     DB   00000000b   ; 
DFB7                             ;112 p
DFB7   1C                     DB   00011100b   ;  ###
DFB8   22                     DB   00100010b   ; #   #
DFB9   22                     DB   00100010b   ; #   #
DFBA   3C                     DB   00111100b   ; ####
DFBB   20                     DB   00100000b   ; #
DFBC   00                     DB   00000000b   ; 
DFBD                             ;113 q
DFBD   1C                     DB   00011100b   ;  ###
DFBE   22                     DB   00100010b   ; #   #
DFBF   22                     DB   00100010b   ; #   #
DFC0   1E                     DB   00011110b   ;  ####
DFC1   02                     DB   00000010b   ;     #
DFC2   00                     DB   00000000b   ; 
DFC3                             ;114 r
DFC3   00                     DB   00000000b   ; 
DFC4   2C                     DB   00101100b   ; # ##
DFC5   30                     DB   00110000b   ; ##
DFC6   20                     DB   00100000b   ; #
DFC7   20                     DB   00100000b   ; #
DFC8   00                     DB   00000000b   ; 
DFC9                             ;115 s
DFC9   1C                     DB   00011100b   ;  ###
DFCA   20                     DB   00100000b   ; #
DFCB   1C                     DB   00011100b   ;  ###
DFCC   02                     DB   00000010b   ;     #
DFCD   3C                     DB   00111100b   ; ####
DFCE   00                     DB   00000000b   ; 
DFCF                             ;116 t
DFCF   08                     DB   00001000b   ;   #
DFD0   1C                     DB   00011100b   ;  ###
DFD1   08                     DB   00001000b   ;   #
DFD2   08                     DB   00001000b   ;   #
DFD3   04                     DB   00000100b   ;    #
DFD4   00                     DB   00000000b   ; 
DFD5                             ;117 u
DFD5   00                     DB   00000000b   ; 
DFD6   22                     DB   00100010b   ; #   #
DFD7   22                     DB   00100010b   ; #   #
DFD8   22                     DB   00100010b   ; #   #
DFD9   1C                     DB   00011100b   ;  ###
DFDA   00                     DB   00000000b   ; 
DFDB                             ;118 v
DFDB   00                     DB   00000000b   ; 
DFDC   22                     DB   00100010b   ; #   #
DFDD   22                     DB   00100010b   ; #   #
DFDE   14                     DB   00010100b   ;  # #
DFDF   08                     DB   00001000b   ;   #
DFE0   00                     DB   00000000b   ; 
DFE1                             ;119 w
DFE1   00                     DB   00000000b   ; 
DFE2   22                     DB   00100010b   ; #   #
DFE3   22                     DB   00100010b   ; #   #
DFE4   2A                     DB   00101010b   ; # # #
DFE5   36                     DB   00110110b   ; ## ##
DFE6   00                     DB   00000000b   ; 
DFE7                             ;120 x
DFE7   00                     DB   00000000b   ; 
DFE8   22                     DB   00100010b   ; #   #
DFE9   1C                     DB   00011100b   ;  ###
DFEA   1C                     DB   00011100b   ;  ###
DFEB   22                     DB   00100010b   ; #   #
DFEC   00                     DB   00000000b   ; 
DFED                             ;121 y
DFED   22                     DB   00100010b   ; #   #
DFEE   22                     DB   00100010b   ; #   #
DFEF   1E                     DB   00011110b   ;  ####
DFF0   02                     DB   00000010b   ;     #
DFF1   3C                     DB   00111100b   ; ####
DFF2   00                     DB   00000000b   ; 
DFF3                             ;122 z
DFF3   00                     DB   00000000b   ; 
DFF4   3C                     DB   00111100b   ; ####
DFF5   08                     DB   00001000b   ;   #
DFF6   10                     DB   00010000b   ;  #
DFF7   3C                     DB   00111100b   ; ####
DFF8   00                     DB   00000000b   ; 
DFF9                             ;123 {
DFF9   0C                     DB   00001100b   ;   ##
DFFA   08                     DB   00001000b   ;   #
DFFB   10                     DB   00010000b   ;  #
DFFC   08                     DB   00001000b   ;   #
DFFD   0C                     DB   00001100b   ;   ##
DFFE   00                     DB   00000000b   ; 
DFFF                             ;124 |
DFFF   08                     DB   00001000b   ;   #
E000   08                     DB   00001000b   ;   #
E001   08                     DB   00001000b   ;   #
E002   08                     DB   00001000b   ;   #
E003   08                     DB   00001000b   ;   #
E004   00                     DB   00000000b   ; 
E005                             ;125 }
E005   18                     DB   00011000b   ;  ##
E006   08                     DB   00001000b   ;   #
E007   04                     DB   00000100b   ;    #
E008   08                     DB   00001000b   ;   #
E009   18                     DB   00011000b   ;  ##
E00A   00                     DB   00000000b   ; 
E00B                             ;126 ~
E00B   14                     DB   00010100b   ;  # #
E00C   28                     DB   00101000b   ; # #
E00D   00                     DB   00000000b   ; 
E00E   00                     DB   00000000b   ; 
E00F   00                     DB   00000000b   ; 
E010   00                     DB   00000000b   ; 
E011                             ;127
E011   2A                     DB   00101010b   ; # # #
E012   15                     DB   00010101b   ;  # # #
E013   2A                     DB   00101010b   ; # # #
E014   15                     DB   00010101b   ;  # # #
E015   2A                     DB   00101010b   ; # # #
E016   15                     DB   00010101b   ;  # # #
E017                             ;128
E017   00                     DB   00000000b   ; 
E018   00                     DB   00000000b   ; 
E019   00                     DB   00000000b   ; 
E01A   00                     DB   00000000b   ; 
E01B   00                     DB   00000000b   ; 
E01C   00                     DB   00000000b   ; 
E01D                             ;129
E01D   38                     DB   00111000b   ; ###
E01E   38                     DB   00111000b   ; ###
E01F   38                     DB   00111000b   ; ###
E020   00                     DB   00000000b   ; 
E021   00                     DB   00000000b   ; 
E022   00                     DB   00000000b   ; 
E023                             ;130
E023   07                     DB   00000111b   ;    ###
E024   07                     DB   00000111b   ;    ###
E025   07                     DB   00000111b   ;    ###
E026   00                     DB   00000000b   ; 
E027   00                     DB   00000000b   ; 
E028   00                     DB   00000000b   ; 
E029                             ;131
E029   3F                     DB   00111111b   ; ######
E02A   3F                     DB   00111111b   ; ######
E02B   3F                     DB   00111111b   ; ######
E02C   00                     DB   00000000b   ; 
E02D   00                     DB   00000000b   ; 
E02E   00                     DB   00000000b   ; 
E02F                             ;132
E02F   00                     DB   00000000b   ; 
E030   00                     DB   00000000b   ; 
E031   00                     DB   00000000b   ; 
E032   38                     DB   00111000b   ; ###
E033   38                     DB   00111000b   ; ###
E034   38                     DB   00111000b   ; ###
E035                             ;133
E035   38                     DB   00111000b   ; ###
E036   38                     DB   00111000b   ; ###
E037   38                     DB   00111000b   ; ###
E038   38                     DB   00111000b   ; ###
E039   38                     DB   00111000b   ; ###
E03A   38                     DB   00111000b   ; ###
E03B                             ;134
E03B   07                     DB   00000111b   ;    ###
E03C   07                     DB   00000111b   ;    ###
E03D   07                     DB   00000111b   ;    ###
E03E   38                     DB   00111000b   ; ###
E03F   38                     DB   00111000b   ; ###
E040   38                     DB   00111000b   ; ###
E041                             ;135
E041   3F                     DB   00111111b   ; ######
E042   3F                     DB   00111111b   ; ######
E043   3F                     DB   00111111b   ; ######
E044   38                     DB   00111000b   ; ###
E045   38                     DB   00111000b   ; ###
E046   38                     DB   00111000b   ; ###
E047                             ;136
E047   00                     DB   00000000b   ; 
E048   00                     DB   00000000b   ; 
E049   00                     DB   00000000b   ; 
E04A   07                     DB   00000111b   ;    ###
E04B   07                     DB   00000111b   ;    ###
E04C   07                     DB   00000111b   ;    ###
E04D                             ;137
E04D   38                     DB   00111000b   ; ###
E04E   38                     DB   00111000b   ; ###
E04F   38                     DB   00111000b   ; ###
E050   07                     DB   00000111b   ;    ###
E051   07                     DB   00000111b   ;    ###
E052   07                     DB   00000111b   ;    ###
E053                             ;138
E053   07                     DB   00000111b   ;    ###
E054   07                     DB   00000111b   ;    ###
E055   07                     DB   00000111b   ;    ###
E056   07                     DB   00000111b   ;    ###
E057   07                     DB   00000111b   ;    ###
E058   07                     DB   00000111b   ;    ###
E059                             ;139
E059   3F                     DB   00111111b   ; ######
E05A   3F                     DB   00111111b   ; ######
E05B   3F                     DB   00111111b   ; ######
E05C   07                     DB   00000111b   ;    ###
E05D   07                     DB   00000111b   ;    ###
E05E   07                     DB   00000111b   ;    ###
E05F                             ;140
E05F   00                     DB   00000000b   ; 
E060   00                     DB   00000000b   ; 
E061   00                     DB   00000000b   ; 
E062   3F                     DB   00111111b   ; ######
E063   3F                     DB   00111111b   ; ######
E064   3F                     DB   00111111b   ; ######
E065                             ;141
E065   38                     DB   00111000b   ; ###
E066   38                     DB   00111000b   ; ###
E067   38                     DB   00111000b   ; ###
E068   3F                     DB   00111111b   ; ######
E069   3F                     DB   00111111b   ; ######
E06A   3F                     DB   00111111b   ; ######
E06B                             ;142
E06B   07                     DB   00000111b   ;    ###
E06C   07                     DB   00000111b   ;    ###
E06D   07                     DB   00000111b   ;    ###
E06E   3F                     DB   00111111b   ; ######
E06F   3F                     DB   00111111b   ; ######
E070   3F                     DB   00111111b   ; ######
E071                             ;143
E071   3F                     DB   00111111b   ; ######
E072   3F                     DB   00111111b   ; ######
E073   3F                     DB   00111111b   ; ######
E074   3F                     DB   00111111b   ; ######
E075   3F                     DB   00111111b   ; ######
E076   3F                     DB   00111111b   ; ######
E077                             ;144
E077   00                     DB   00000000b   ; 
E078   00                     DB   00000000b   ; 
E079   0C                     DB   00001100b   ;   ##
E07A   0C                     DB   00001100b   ;   ##
E07B   00                     DB   00000000b   ; 
E07C   00                     DB   00000000b   ; 
E07D                             ;145
E07D   0C                     DB   00001100b   ;   ##
E07E   0C                     DB   00001100b   ;   ##
E07F   0C                     DB   00001100b   ;   ##
E080   0C                     DB   00001100b   ;   ##
E081   00                     DB   00000000b   ; 
E082   00                     DB   00000000b   ; 
E083                             ;146
E083   00                     DB   00000000b   ; 
E084   00                     DB   00000000b   ; 
E085   0F                     DB   00001111b   ;   ####
E086   0F                     DB   00001111b   ;   ####
E087   00                     DB   00000000b   ; 
E088   00                     DB   00000000b   ; 
E089                             ;147
E089   0C                     DB   00001100b   ;   ##
E08A   0C                     DB   00001100b   ;   ##
E08B   0F                     DB   00001111b   ;   ####
E08C   07                     DB   00000111b   ;    ###
E08D   00                     DB   00000000b   ; 
E08E   00                     DB   00000000b   ; 
E08F                             ;148
E08F   00                     DB   00000000b   ; 
E090   00                     DB   00000000b   ; 
E091   0C                     DB   00001100b   ;   ##
E092   0C                     DB   00001100b   ;   ##
E093   0C                     DB   00001100b   ;   ##
E094   0C                     DB   00001100b   ;   ##
E095                             ;149
E095   0C                     DB   00001100b   ;   ##
E096   0C                     DB   00001100b   ;   ##
E097   0C                     DB   00001100b   ;   ##
E098   0C                     DB   00001100b   ;   ##
E099   0C                     DB   00001100b   ;   ##
E09A   0C                     DB   00001100b   ;   ##
E09B                             ;150
E09B   00                     DB   00000000b   ; 
E09C   00                     DB   00000000b   ; 
E09D   07                     DB   00000111b   ;    ###
E09E   0F                     DB   00001111b   ;   ####
E09F   0C                     DB   00001100b   ;   ##
E0A0   0C                     DB   00001100b   ;   ##
E0A1                             ;151
E0A1   0C                     DB   00001100b   ;   ##
E0A2   0C                     DB   00001100b   ;   ##
E0A3   0F                     DB   00001111b   ;   ####
E0A4   0F                     DB   00001111b   ;   ####
E0A5   0C                     DB   00001100b   ;   ##
E0A6   0C                     DB   00001100b   ;   ##
E0A7                             ;152
E0A7   00                     DB   00000000b   ; 
E0A8   00                     DB   00000000b   ; 
E0A9   3C                     DB   00111100b   ; ####
E0AA   3C                     DB   00111100b   ; ####
E0AB   00                     DB   00000000b   ; 
E0AC   00                     DB   00000000b   ; 
E0AD                             ;153
E0AD   0C                     DB   00001100b   ;   ##
E0AE   0C                     DB   00001100b   ;   ##
E0AF   3C                     DB   00111100b   ; ####
E0B0   38                     DB   00111000b   ; ###
E0B1   00                     DB   00000000b   ; 
E0B2   00                     DB   00000000b   ; 
E0B3                             ;154
E0B3   00                     DB   00000000b   ; 
E0B4   00                     DB   00000000b   ; 
E0B5   3F                     DB   00111111b   ; ######
E0B6   3F                     DB   00111111b   ; ######
E0B7   00                     DB   00000000b   ; 
E0B8   00                     DB   00000000b   ; 
E0B9                             ;155
E0B9   0C                     DB   00001100b   ;   ##
E0BA   0C                     DB   00001100b   ;   ##
E0BB   3F                     DB   00111111b   ; ######
E0BC   3F                     DB   00111111b   ; ######
E0BD   00                     DB   00000000b   ; 
E0BE   00                     DB   00000000b   ; 
E0BF                             ;156
E0BF   00                     DB   00000000b   ; 
E0C0   00                     DB   00000000b   ; 
E0C1   38                     DB   00111000b   ; ###
E0C2   3C                     DB   00111100b   ; ####
E0C3   0C                     DB   00001100b   ;   ##
E0C4   0C                     DB   00001100b   ;   ##
E0C5                             ;157
E0C5   0C                     DB   00001100b   ;   ##
E0C6   0C                     DB   00001100b   ;   ##
E0C7   3C                     DB   00111100b   ; ####
E0C8   3C                     DB   00111100b   ; ####
E0C9   0C                     DB   00001100b   ;   ##
E0CA   0C                     DB   00001100b   ;   ##
E0CB                             ;158
E0CB   00                     DB   00000000b   ; 
E0CC   00                     DB   00000000b   ; 
E0CD   3F                     DB   00111111b   ; ######
E0CE   3F                     DB   00111111b   ; ######
E0CF   0C                     DB   00001100b   ;   ##
E0D0   0C                     DB   00001100b   ;   ##
E0D1                             ;159
E0D1   0C                     DB   00001100b   ;   ##
E0D2   0C                     DB   00001100b   ;   ##
E0D3   3F                     DB   00111111b   ; ######
E0D4   3F                     DB   00111111b   ; ######
E0D5   0C                     DB   00001100b   ;   ##
E0D6   0C                     DB   00001100b   ;   ##
E0D7                             ;160
E0D7   00                     DB   00000000b   ; 
E0D8   12                     DB   00010010b   ;  #  #
E0D9   00                     DB   00000000b   ; 
E0DA   00                     DB   00000000b   ; 
E0DB   12                     DB   00010010b   ;  #  #
E0DC   00                     DB   00000000b   ; 
E0DD                             ;161
E0DD   12                     DB   00010010b   ;  #  #
E0DE   12                     DB   00010010b   ;  #  #
E0DF   12                     DB   00010010b   ;  #  #
E0E0   12                     DB   00010010b   ;  #  #
E0E1   00                     DB   00000000b   ; 
E0E2   00                     DB   00000000b   ; 
E0E3                             ;162
E0E3   00                     DB   00000000b   ; 
E0E4   0F                     DB   00001111b   ;   ####
E0E5   00                     DB   00000000b   ; 
E0E6   00                     DB   00000000b   ; 
E0E7   0F                     DB   00001111b   ;   ####
E0E8   00                     DB   00000000b   ; 
E0E9                             ;163
E0E9   12                     DB   00010010b   ;  #  #
E0EA   13                     DB   00010011b   ;  #  ##
E0EB   10                     DB   00010000b   ;  #
E0EC   10                     DB   00010000b   ;  #
E0ED   0F                     DB   00001111b   ;   ####
E0EE   00                     DB   00000000b   ; 
E0EF                             ;164
E0EF   00                     DB   00000000b   ; 
E0F0   00                     DB   00000000b   ; 
E0F1   12                     DB   00010010b   ;  #  #
E0F2   12                     DB   00010010b   ;  #  #
E0F3   12                     DB   00010010b   ;  #  #
E0F4   12                     DB   00010010b   ;  #  #
E0F5                             ;165
E0F5   12                     DB   00010010b   ;  #  #
E0F6   12                     DB   00010010b   ;  #  #
E0F7   12                     DB   00010010b   ;  #  #
E0F8   12                     DB   00010010b   ;  #  #
E0F9   12                     DB   00010010b   ;  #  #
E0FA   12                     DB   00010010b   ;  #  #
E0FB                             ;166
E0FB   00                     DB   00000000b   ; 
E0FC   0F                     DB   00001111b   ;   ####
E0FD   10                     DB   00010000b   ;  #
E0FE   10                     DB   00010000b   ;  #
E0FF   13                     DB   00010011b   ;  #  ##
E100   12                     DB   00010010b   ;  #  #
E101                             ;167
E101   12                     DB   00010010b   ;  #  #
E102   13                     DB   00010011b   ;  #  ##
E103   10                     DB   00010000b   ;  #
E104   10                     DB   00010000b   ;  #
E105   13                     DB   00010011b   ;  #  ##
E106   12                     DB   00010010b   ;  #  #
E107                             ;168
E107   00                     DB   00000000b   ; 
E108   3C                     DB   00111100b   ; ####
E109   00                     DB   00000000b   ; 
E10A   00                     DB   00000000b   ; 
E10B   3C                     DB   00111100b   ; ####
E10C   00                     DB   00000000b   ; 
E10D                             ;169
E10D   12                     DB   00010010b   ;  #  #
E10E   32                     DB   00110010b   ; ##  #
E10F   02                     DB   00000010b   ;     #
E110   02                     DB   00000010b   ;     #
E111   3C                     DB   00111100b   ; ####
E112   00                     DB   00000000b   ; 
E113                             ;170
E113   00                     DB   00000000b   ; 
E114   3F                     DB   00111111b   ; ######
E115   00                     DB   00000000b   ; 
E116   00                     DB   00000000b   ; 
E117   3F                     DB   00111111b   ; ######
E118   00                     DB   00000000b   ; 
E119                             ;171
E119   12                     DB   00010010b   ;  #  #
E11A   33                     DB   00110011b   ; ##  ##
E11B   00                     DB   00000000b   ; 
E11C   00                     DB   00000000b   ; 
E11D   3F                     DB   00111111b   ; ######
E11E   00                     DB   00000000b   ; 
E11F                             ;172
E11F   00                     DB   00000000b   ; 
E120   3C                     DB   00111100b   ; ####
E121   02                     DB   00000010b   ;     #
E122   02                     DB   00000010b   ;     #
E123   32                     DB   00110010b   ; ##  #
E124   12                     DB   00010010b   ;  #  #
E125                             ;173
E125   12                     DB   00010010b   ;  #  #
E126   32                     DB   00110010b   ; ##  #
E127   02                     DB   00000010b   ;     #
E128   02                     DB   00000010b   ;     #
E129   32                     DB   00110010b   ; ##  #
E12A   12                     DB   00010010b   ;  #  #
E12B                             ;174
E12B   00                     DB   00000000b   ; 
E12C   3F                     DB   00111111b   ; ######
E12D   00                     DB   00000000b   ; 
E12E   00                     DB   00000000b   ; 
E12F   33                     DB   00110011b   ; ##  ##
E130   12                     DB   00010010b   ;  #  #
E131                             ;175
E131   12                     DB   00010010b   ;  #  #
E132   33                     DB   00110011b   ; ##  ##
E133   00                     DB   00000000b   ; 
E134   00                     DB   00000000b   ; 
E135   33                     DB   00110011b   ; ##  ##
E136   12                     DB   00010010b   ;  #  #
E137                             ;176
E137   0C                     DB   00001100b   ;   ##
E138   18                     DB   00011000b   ;  ##
E139   30                     DB   00110000b   ; ##
E13A   20                     DB   00100000b   ; #
E13B   00                     DB   00000000b   ; 
E13C   00                     DB   00000000b   ; 
E13D                             ;177
E13D   0C                     DB   00001100b   ;   ##
E13E   06                     DB   00000110b   ;    ##
E13F   03                     DB   00000011b   ;     ##
E140   01                     DB   00000001b   ;      #
E141   00                     DB   00000000b   ; 
E142   00                     DB   00000000b   ; 
E143                             ;178
E143   00                     DB   00000000b   ; 
E144   00                     DB   00000000b   ; 
E145   01                     DB   00000001b   ;      #
E146   03                     DB   00000011b   ;     ##
E147   06                     DB   00000110b   ;    ##
E148   0C                     DB   00001100b   ;   ##
E149                             ;179
E149   00                     DB   00000000b   ; 
E14A   00                     DB   00000000b   ; 
E14B   20                     DB   00100000b   ; #
E14C   30                     DB   00110000b   ; ##
E14D   18                     DB   00011000b   ;  ##
E14E   0C                     DB   00001100b   ;   ##
E14F                             ;180
E14F   0C                     DB   00001100b   ;   ##
E150   1E                     DB   00011110b   ;  ####
E151   33                     DB   00110011b   ; ##  ##
E152   21                     DB   00100001b   ; #    #
E153   00                     DB   00000000b   ; 
E154   00                     DB   00000000b   ; 
E155                             ;181
E155   0C                     DB   00001100b   ;   ##
E156   06                     DB   00000110b   ;    ##
E157   03                     DB   00000011b   ;     ##
E158   03                     DB   00000011b   ;     ##
E159   06                     DB   00000110b   ;    ##
E15A   0C                     DB   00001100b   ;   ##
E15B                             ;182
E15B   00                     DB   00000000b   ; 
E15C   00                     DB   00000000b   ; 
E15D   21                     DB   00100001b   ; #    #
E15E   33                     DB   00110011b   ; ##  ##
E15F   1E                     DB   00011110b   ;  ####
E160   0C                     DB   00001100b   ;   ##
E161                             ;183
E161   0C                     DB   00001100b   ;   ##
E162   18                     DB   00011000b   ;  ##
E163   30                     DB   00110000b   ; ##
E164   30                     DB   00110000b   ; ##
E165   18                     DB   00011000b   ;  ##
E166   0C                     DB   00001100b   ;   ##
E167                             ;184
E167   0C                     DB   00001100b   ;   ##
E168   18                     DB   00011000b   ;  ##
E169   31                     DB   00110001b   ; ##   #
E16A   23                     DB   00100011b   ; #   ##
E16B   06                     DB   00000110b   ;    ##
E16C   0C                     DB   00001100b   ;   ##
E16D                             ;185
E16D   0C                     DB   00001100b   ;   ##
E16E   06                     DB   00000110b   ;    ##
E16F   23                     DB   00100011b   ; #   ##
E170   31                     DB   00110001b   ; ##   #
E171   18                     DB   00011000b   ;  ##
E172   0C                     DB   00001100b   ;   ##
E173                             ;186
E173   0C                     DB   00001100b   ;   ##
E174   1E                     DB   00011110b   ;  ####
E175   33                     DB   00110011b   ; ##  ##
E176   33                     DB   00110011b   ; ##  ##
E177   1E                     DB   00011110b   ;  ####
E178   0C                     DB   00001100b   ;   ##
E179                             ;187
E179   33                     DB   00110011b   ; ##  ##
E17A   33                     DB   00110011b   ; ##  ##
E17B   0C                     DB   00001100b   ;   ##
E17C   0C                     DB   00001100b   ;   ##
E17D   33                     DB   00110011b   ; ##  ##
E17E   33                     DB   00110011b   ; ##  ##
E17F                             ;188
E17F   03                     DB   00000011b   ;     ##
E180   03                     DB   00000011b   ;     ##
E181   0C                     DB   00001100b   ;   ##
E182   0C                     DB   00001100b   ;   ##
E183   30                     DB   00110000b   ; ##
E184   30                     DB   00110000b   ; ##
E185                             ;189
E185   30                     DB   00110000b   ; ##
E186   30                     DB   00110000b   ; ##
E187   0C                     DB   00001100b   ;   ##
E188   0C                     DB   00001100b   ;   ##
E189   03                     DB   00000011b   ;     ##
E18A   03                     DB   00000011b   ;     ##
E18B                             ;190
E18B   2A                     DB   00101010b   ; # # #
E18C   14                     DB   00010100b   ;  # #
E18D   2A                     DB   00101010b   ; # # #
E18E   14                     DB   00010100b   ;  # #
E18F   2A                     DB   00101010b   ; # # #
E190   00                     DB   00000000b   ; 
E191                             ;191
E191   14                     DB   00010100b   ;  # #
E192   2A                     DB   00101010b   ; # # #
E193   14                     DB   00010100b   ;  # #
E194   2A                     DB   00101010b   ; # # #
E195   14                     DB   00010100b   ;  # #
E196   00                     DB   00000000b   ; 
E197                             ;192
E197   00                     DB   00000000b   ; 
E198   1A                     DB   00011010b   ;  ## #
E199   24                     DB   00100100b   ; #  #
E19A   24                     DB   00100100b   ; #  #
E19B   1A                     DB   00011010b   ;  ## #
E19C   00                     DB   00000000b   ; 
E19D                             ;193
E19D   18                     DB   00011000b   ;  ##
E19E   24                     DB   00100100b   ; #  #
E19F   2C                     DB   00101100b   ; # ##
E1A0   22                     DB   00100010b   ; #   #
E1A1   2C                     DB   00101100b   ; # ##
E1A2   00                     DB   00000000b   ; 
E1A3                             ;194
E1A3   00                     DB   00000000b   ; 
E1A4   22                     DB   00100010b   ; #   #
E1A5   1C                     DB   00011100b   ;  ###
E1A6   22                     DB   00100010b   ; #   #
E1A7   1C                     DB   00011100b   ;  ###
E1A8   00                     DB   00000000b   ; 
E1A9                             ;195
E1A9   1C                     DB   00011100b   ;  ###
E1AA   30                     DB   00110000b   ; ##
E1AB   1C                     DB   00011100b   ;  ###
E1AC   22                     DB   00100010b   ; #   #
E1AD   1C                     DB   00011100b   ;  ###
E1AE   00                     DB   00000000b   ; 
E1AF                             ;196
E1AF   0E                     DB   00001110b   ;   ###
E1B0   30                     DB   00110000b   ; ##
E1B1   3C                     DB   00111100b   ; ####
E1B2   30                     DB   00110000b   ; ##
E1B3   0E                     DB   00001110b   ;   ###
E1B4   00                     DB   00000000b   ; 
E1B5                             ;197
E1B5   1C                     DB   00011100b   ;  ###
E1B6   22                     DB   00100010b   ; #   #
E1B7   3E                     DB   00111110b   ; #####
E1B8   22                     DB   00100010b   ; #   #
E1B9   1C                     DB   00011100b   ;  ###
E1BA   00                     DB   00000000b   ; 
E1BB                             ;198
E1BB   20                     DB   00100000b   ; #
E1BC   10                     DB   00010000b   ;  #
E1BD   08                     DB   00001000b   ;   #
E1BE   14                     DB   00010100b   ;  # #
E1BF   22                     DB   00100010b   ; #   #
E1C0   00                     DB   00000000b   ; 
E1C1                             ;199
E1C1   24                     DB   00100100b   ; #  #
E1C2   24                     DB   00100100b   ; #  #
E1C3   38                     DB   00111000b   ; ###
E1C4   20                     DB   00100000b   ; #
E1C5   20                     DB   00100000b   ; #
E1C6   00                     DB   00000000b   ; 
E1C7                             ;200
E1C7   00                     DB   00000000b   ; 
E1C8   3E                     DB   00111110b   ; #####
E1C9   14                     DB   00010100b   ;  # #
E1CA   14                     DB   00010100b   ;  # #
E1CB   24                     DB   00100100b   ; #  #
E1CC   00                     DB   00000000b   ; 
E1CD                             ;201
E1CD   00                     DB   00000000b   ; 
E1CE   1E                     DB   00011110b   ;  ####
E1CF   34                     DB   00110100b   ; ## #
E1D0   34                     DB   00110100b   ; ## #
E1D1   18                     DB   00011000b   ;  ##
E1D2   00                     DB   00000000b   ; 
E1D3                             ;202
E1D3   06                     DB   00000110b   ;    ##
E1D4   1C                     DB   00011100b   ;  ###
E1D5   36                     DB   00110110b   ; ## ##
E1D6   1C                     DB   00011100b   ;  ###
E1D7   30                     DB   00110000b   ; ##
E1D8   00                     DB   00000000b   ; 
E1D9                             ;203
E1D9   06                     DB   00000110b   ;    ##
E1DA   04                     DB   00000100b   ;    #
E1DB   36                     DB   00110110b   ; ## ##
E1DC   1C                     DB   00011100b   ;  ###
E1DD   30                     DB   00110000b   ; ##
E1DE   00                     DB   00000000b   ; 
E1DF                             ;204
E1DF   32                     DB   00110010b   ; ##  #
E1E0   1C                     DB   00011100b   ;  ###
E1E1   0C                     DB   00001100b   ;   ##
E1E2   16                     DB   00010110b   ;  # ##
E1E3   22                     DB   00100010b   ; #   #
E1E4   00                     DB   00000000b   ; 
E1E5                             ;205
E1E5   00                     DB   00000000b   ; 
E1E6   14                     DB   00010100b   ;  # #
E1E7   22                     DB   00100010b   ; #   #
E1E8   2A                     DB   00101010b   ; # # #
E1E9   1C                     DB   00011100b   ;  ###
E1EA   00                     DB   00000000b   ; 
E1EB                             ;206
E1EB   3E                     DB   00111110b   ; #####
E1EC   12                     DB   00010010b   ;  #  #
E1ED   08                     DB   00001000b   ;   #
E1EE   12                     DB   00010010b   ;  #  #
E1EF   3E                     DB   00111110b   ; #####
E1F0   00                     DB   00000000b   ; 
E1F1                             ;207
E1F1   1C                     DB   00011100b   ;  ###
E1F2   22                     DB   00100010b   ; #   #
E1F3   22                     DB   00100010b   ; #   #
E1F4   14                     DB   00010100b   ;  # #
E1F5   36                     DB   00110110b   ; ## ##
E1F6   00                     DB   00000000b   ; 
E1F7                             ;208
E1F7   1C                     DB   00011100b   ;  ###
E1F8   1C                     DB   00011100b   ;  ###
E1F9   0A                     DB   00001010b   ;   # #
E1FA   1C                     DB   00011100b   ;  ###
E1FB   28                     DB   00101000b   ; # #
E1FC   08                     DB   00001000b   ;   #
E1FD                             ;209
E1FD   1C                     DB   00011100b   ;  ###
E1FE   1C                     DB   00011100b   ;  ###
E1FF   28                     DB   00101000b   ; # #
E200   1C                     DB   00011100b   ;  ###
E201   0A                     DB   00001010b   ;   # #
E202   08                     DB   00001000b   ;   #
E203                             ;210
E203   1C                     DB   00011100b   ;  ###
E204   1C                     DB   00011100b   ;  ###
E205   2A                     DB   00101010b   ; # # #
E206   1C                     DB   00011100b   ;  ###
E207   08                     DB   00001000b   ;   #
E208   08                     DB   00001000b   ;   #
E209                             ;211
E209   1C                     DB   00011100b   ;  ###
E20A   1C                     DB   00011100b   ;  ###
E20B   08                     DB   00001000b   ;   #
E20C   1C                     DB   00011100b   ;  ###
E20D   2A                     DB   00101010b   ; # # #
E20E   08                     DB   00001000b   ;   #
E20F                             ;212
E20F   14                     DB   00010100b   ;  # #
E210   00                     DB   00000000b   ; 
E211   14                     DB   00010100b   ;  # #
E212   14                     DB   00010100b   ;  # #
E213   1C                     DB   00011100b   ;  ###
E214   00                     DB   00000000b   ; 
E215                             ;213
E215   14                     DB   00010100b   ;  # #
E216   00                     DB   00000000b   ; 
E217   1C                     DB   00011100b   ;  ###
E218   14                     DB   00010100b   ;  # #
E219   1C                     DB   00011100b   ;  ###
E21A   00                     DB   00000000b   ; 
E21B                             ;214
E21B   14                     DB   00010100b   ;  # #
E21C   00                     DB   00000000b   ; 
E21D   1C                     DB   00011100b   ;  ###
E21E   14                     DB   00010100b   ;  # #
E21F   1E                     DB   00011110b   ;  ####
E220   00                     DB   00000000b   ; 
E221                             ;215
E221   14                     DB   00010100b   ;  # #
E222   00                     DB   00000000b   ; 
E223   1C                     DB   00011100b   ;  ###
E224   14                     DB   00010100b   ;  # #
E225   14                     DB   00010100b   ;  # #
E226   00                     DB   00000000b   ; 
E227                             ;216
E227   28                     DB   00101000b   ; # #
E228   2C                     DB   00101100b   ; # ##
E229   3E                     DB   00111110b   ; #####
E22A   0C                     DB   00001100b   ;   ##
E22B   08                     DB   00001000b   ;   #
E22C   00                     DB   00000000b   ; 
E22D                             ;217
E22D   0A                     DB   00001010b   ;   # #
E22E   1A                     DB   00011010b   ;  ## #
E22F   3E                     DB   00111110b   ; #####
E230   18                     DB   00011000b   ;  ##
E231   08                     DB   00001000b   ;   #
E232   00                     DB   00000000b   ; 
E233                             ;218
E233   08                     DB   00001000b   ;   #
E234   1C                     DB   00011100b   ;  ###
E235   08                     DB   00001000b   ;   #
E236   00                     DB   00000000b   ; 
E237   1C                     DB   00011100b   ;  ###
E238   00                     DB   00000000b   ; 
E239                             ;219
E239   08                     DB   00001000b   ;   #
E23A   00                     DB   00000000b   ; 
E23B   3E                     DB   00111110b   ; #####
E23C   00                     DB   00000000b   ; 
E23D   08                     DB   00001000b   ;   #
E23E   00                     DB   00000000b   ; 
E23F                             ;220
E23F   04                     DB   00000100b   ;    #
E240   08                     DB   00001000b   ;   #
E241   10                     DB   00010000b   ;  #
E242   08                     DB   00001000b   ;   #
E243   1C                     DB   00011100b   ;  ###
E244   00                     DB   00000000b   ; 
E245                             ;221
E245   10                     DB   00010000b   ;  #
E246   08                     DB   00001000b   ;   #
E247   04                     DB   00000100b   ;    #
E248   08                     DB   00001000b   ;   #
E249   1C                     DB   00011100b   ;  ###
E24A   00                     DB   00000000b   ; 
E24B                             ;222
E24B   1C                     DB   00011100b   ;  ###
E24C   00                     DB   00000000b   ; 
E24D   1C                     DB   00011100b   ;  ###
E24E   00                     DB   00000000b   ; 
E24F   1C                     DB   00011100b   ;  ###
E250   00                     DB   00000000b   ; 
E251                             ;223
E251   06                     DB   00000110b   ;    ##
E252   04                     DB   00000100b   ;    #
E253   34                     DB   00110100b   ; ## #
E254   14                     DB   00010100b   ;  # #
E255   08                     DB   00001000b   ;   #
E256   00                     DB   00000000b   ; 
E257                             ;224
E257   1E                     DB   00011110b   ;  ####
E258   0E                     DB   00001110b   ;   ###
E259   0E                     DB   00001110b   ;   ###
E25A   12                     DB   00010010b   ;  #  #
E25B   20                     DB   00100000b   ; #
E25C   00                     DB   00000000b   ; 
E25D                             ;225
E25D   20                     DB   00100000b   ; #
E25E   12                     DB   00010010b   ;  #  #
E25F   0E                     DB   00001110b   ;   ###
E260   0E                     DB   00001110b   ;   ###
E261   1E                     DB   00011110b   ;  ####
E262   00                     DB   00000000b   ; 
E263                             ;226
E263   02                     DB   00000010b   ;      #
E264   24                     DB   00100100b   ;  #  #
E265   38                     DB   00111000b   ;  ###
E266   38                     DB   00111000b   ;  ###
E267   3C                     DB   00111100b   ;  ####
E268   00                     DB   00000000b   ; 
E269                             ;227
E269   3C                     DB   00111100b   ; ####
E26A   38                     DB   00111000b   ; ###
E26B   38                     DB   00111000b   ; ###
E26C   24                     DB   00100100b   ; #  #
E26D   02                     DB   00000010b   ;     #
E26E   00                     DB   00000000b   ; 
E26F                             ;228
E26F   3E                     DB   00111110b   ; #####
E270   22                     DB   00100010b   ; #   #
E271   22                     DB   00100010b   ; #   #
E272   22                     DB   00100010b   ; #   #
E273   3E                     DB   00111110b   ; #####
E274   00                     DB   00000000b   ; 
E275                             ;229
E275   3E                     DB   00111110b   ; #####
E276   26                     DB   00100110b   ; #  ##
E277   2A                     DB   00101010b   ; # # #
E278   32                     DB   00110010b   ; ##  #
E279   3E                     DB   00111110b   ; #####
E27A   00                     DB   00000000b   ; 
E27B                             ;230
E27B   08                     DB   00001000b   ;   #
E27C   12                     DB   00010010b   ;  #  #
E27D   24                     DB   00100100b   ; #  #
E27E   12                     DB   00010010b   ;  #  #
E27F   08                     DB   00001000b   ;   #
E280   00                     DB   00000000b   ; 
E281                             ;231
E281   08                     DB   00001000b   ;   #
E282   24                     DB   00100100b   ; #  #
E283   12                     DB   00010010b   ;  #  #
E284   24                     DB   00100100b   ; #  #
E285   08                     DB   00001000b   ;   #
E286   00                     DB   00000000b   ; 
E287                             ;232 TEC-1G
E287   1D                     DB   00011101b   ;  ### #
E288   08                     DB   00001000b   ;   #
E289   09                     DB   00001001b   ;   #  #
E28A   08                     DB   00001000b   ;   #
E28B   09                     DB   00001001b   ;   #  #
E28C   00                     DB   00000000b   ; 
E28D                             ;233 TEC-1G
E28D   37                     DB   00110111b   ; ## ###
E28E   04                     DB   00000100b   ;    #
E28F   34                     DB   00110100b   ; ## #
E290   04                     DB   00000100b   ;    #
E291   37                     DB   00110111b   ; ## ###
E292   00                     DB   00000000b   ; 
E293                             ;234 TEC-1G
E293   00                     DB   00000000b   ; 
E294   01                     DB   00000001b   ;      #
E295   1C                     DB   00011100b   ;  ###
E296   00                     DB   00000000b   ; 
E297   00                     DB   00000000b   ; 
E298   00                     DB   00000000b   ; 
E299                             ;235 TEC-1G
E299   2E                     DB   00101110b   ; # ###
E29A   28                     DB   00101000b   ; # #
E29B   2A                     DB   00101010b   ; # # #
E29C   2A                     DB   00101010b   ; # # #
E29D   2E                     DB   00101110b   ; # ###
E29E   00                     DB   00000000b   ; 
E29F                             ;236 Z80
E29F   1D                     DB   00011101b   ;  ### #
E2A0   05                     DB   00000101b   ;    # #
E2A1   09                     DB   00001001b   ;   #  #
E2A2   11                     DB   00010001b   ;  #   #
E2A3   1D                     DB   00011101b   ;  ### #
E2A4   00                     DB   00000000b   ; 
E2A5                             ;237 Z80
E2A5   37                     DB   00110111b   ; ## ###
E2A6   15                     DB   00010101b   ;  # # #
E2A7   35                     DB   00110101b   ; ## # #
E2A8   15                     DB   00010101b   ;  # # #
E2A9   37                     DB   00110111b   ; ## ###
E2AA   00                     DB   00000000b   ; 
E2AB                             ;238 CPU
E2AB   1D                     DB   00011101b   ;  ### #
E2AC   11                     DB   00010001b   ;  #   #
E2AD   11                     DB   00010001b   ;  #   #
E2AE   11                     DB   00010001b   ;  #   #
E2AF   1D                     DB   00011101b   ;  ### #
E2B0   00                     DB   00000000b   ; 
E2B1                             ;239 CPU
E2B1   35                     DB   00110101b   ; ## # #
E2B2   15                     DB   00010101b   ;  # # #
E2B3   35                     DB   00110101b   ; ## # #
E2B4   05                     DB   00000101b   ;    # #
E2B5   07                     DB   00000111b   ;    ###
E2B6   00                     DB   00000000b   ; 
E2B7                             ;240
E2B7   00                     DB   00000000b   ; 
E2B8   00                     DB   00000000b   ; 
E2B9   00                     DB   00000000b   ; 
E2BA   00                     DB   00000000b   ; 
E2BB   00                     DB   00000000b   ; 
E2BC   00                     DB   00000000b   ; 
E2BD                             ;241
E2BD   00                     DB   00000000b   ; 
E2BE   00                     DB   00000000b   ; 
E2BF   00                     DB   00000000b   ; 
E2C0   00                     DB   00000000b   ; 
E2C1   00                     DB   00000000b   ; 
E2C2   00                     DB   00000000b   ; 
E2C3                             ;242
E2C3   00                     DB   00000000b   ; 
E2C4   00                     DB   00000000b   ; 
E2C5   00                     DB   00000000b   ; 
E2C6   00                     DB   00000000b   ; 
E2C7   00                     DB   00000000b   ; 
E2C8   00                     DB   00000000b   ; 
E2C9                             ;243
E2C9   00                     DB   00000000b   ; 
E2CA   00                     DB   00000000b   ; 
E2CB   00                     DB   00000000b   ; 
E2CC   00                     DB   00000000b   ; 
E2CD   00                     DB   00000000b   ; 
E2CE   00                     DB   00000000b   ; 
E2CF                             ;244
E2CF   00                     DB   00000000b   ; 
E2D0   00                     DB   00000000b   ; 
E2D1   00                     DB   00000000b   ; 
E2D2   00                     DB   00000000b   ; 
E2D3   00                     DB   00000000b   ; 
E2D4   00                     DB   00000000b   ; 
E2D5                             ;245
E2D5   00                     DB   00000000b   ; 
E2D6   00                     DB   00000000b   ; 
E2D7   00                     DB   00000000b   ; 
E2D8   00                     DB   00000000b   ; 
E2D9   00                     DB   00000000b   ; 
E2DA   00                     DB   00000000b   ; 
E2DB                             ;246
E2DB   00                     DB   00000000b   ; 
E2DC   00                     DB   00000000b   ; 
E2DD   00                     DB   00000000b   ; 
E2DE   00                     DB   00000000b   ; 
E2DF   00                     DB   00000000b   ; 
E2E0   00                     DB   00000000b   ; 
E2E1                             ;247
E2E1   00                     DB   00000000b   ; 
E2E2   00                     DB   00000000b   ; 
E2E3   00                     DB   00000000b   ; 
E2E4   00                     DB   00000000b   ; 
E2E5   00                     DB   00000000b   ; 
E2E6   00                     DB   00000000b   ; 
E2E7                             ;248
E2E7   00                     DB   00000000b   ; 
E2E8   00                     DB   00000000b   ; 
E2E9   00                     DB   00000000b   ; 
E2EA   00                     DB   00000000b   ; 
E2EB   00                     DB   00000000b   ; 
E2EC   00                     DB   00000000b   ; 
E2ED                             ;249
E2ED   00                     DB   00000000b   ; 
E2EE   00                     DB   00000000b   ; 
E2EF   00                     DB   00000000b   ; 
E2F0   00                     DB   00000000b   ; 
E2F1   00                     DB   00000000b   ; 
E2F2   00                     DB   00000000b   ; 
E2F3                             ;250
E2F3   00                     DB   00000000b   ; 
E2F4   00                     DB   00000000b   ; 
E2F5   00                     DB   00000000b   ; 
E2F6   00                     DB   00000000b   ; 
E2F7   00                     DB   00000000b   ; 
E2F8   00                     DB   00000000b   ; 
E2F9                             ;251
E2F9   00                     DB   00000000b   ; 
E2FA   00                     DB   00000000b   ; 
E2FB   00                     DB   00000000b   ; 
E2FC   00                     DB   00000000b   ; 
E2FD   00                     DB   00000000b   ; 
E2FE   00                     DB   00000000b   ; 
E2FF                             ;252
E2FF   00                     DB   00000000b   ; 
E300   00                     DB   00000000b   ; 
E301   00                     DB   00000000b   ; 
E302   00                     DB   00000000b   ; 
E303   00                     DB   00000000b   ; 
E304   00                     DB   00000000b   ; 
E305                             ;253
E305   00                     DB   00000000b   ; 
E306   00                     DB   00000000b   ; 
E307   00                     DB   00000000b   ; 
E308   00                     DB   00000000b   ; 
E309   00                     DB   00000000b   ; 
E30A   00                     DB   00000000b   ; 
E30B                             ;254
E30B   00                     DB   00000000b   ; 
E30C   00                     DB   00000000b   ; 
E30D   00                     DB   00000000b   ; 
E30E   00                     DB   00000000b   ; 
E30F   00                     DB   00000000b   ; 
E310   00                     DB   00000000b   ; 
E311                             ;255
E311   00                     DB   00000000b   ; 
E312   00                     DB   00000000b   ; 
E313   00                     DB   00000000b   ; 
E314   00                     DB   00000000b   ; 
E315   00                     DB   00000000b   ; 
E316   00                     DB   00000000b   ; 
E317                             ;256
E317   00                     DB   00000000b   ; 
E318   00                     DB   00000000b   ; 
E319   00                     DB   00000000b   ; 
E31A   00                     DB   00000000b   ; 
E31B   00                     DB   00000000b   ; 
E31C   01                     DB   00000001b   ;      #
E31D                             ; TEC Welcome Banner (Credit to James Elphick)
E31D                GLCD_BANNER:      
E31D   FF FF FF FF FF FF FF FF FF FF FF FF FF FF FF FC DB   0FFh,0FFh,0FFh,0FFh,0FFh,0FFh,0FFh,0FFh,0FFh,0FFh,0FFh,0FFh,0FFh,0FFh,0FFh,0FCh   
E32D   84 00 08 00 10 00 01 08 00 10 00 01 00 00 00 04 DB   084h,00h,08h,00h,010h,00h,01h,08h,00h,010h,00h,01h,00h,00h,00h,04h   
E33D   84 00 08 00 10 00 01 08 00 10 00 01 00 00 00 04 DB   084h,00h,08h,00h,010h,00h,01h,08h,00h,010h,00h,01h,00h,00h,00h,04h   
E34D   84 00 08 00 10 00 01 08 00 10 00 01 00 00 00 04 DB   084h,00h,08h,00h,010h,00h,01h,08h,00h,010h,00h,01h,00h,00h,00h,04h   
E35D   84 00 08 00 10 00 01 08 00 10 00 01 00 00 00 04 DB   084h,00h,08h,00h,010h,00h,01h,08h,00h,010h,00h,01h,00h,00h,00h,04h   
E36D   87 E1 08 7E 10 FC 21 08 43 F0 FC 3F 0F FF FF 84 DB   087h,0E1h,08h,07Eh,010h,0FCh,021h,08h,043h,0F0h,0FCh,03Fh,0Fh,0FFh,0FFh,084h   
E37D   84 01 08 40 10 80 20 08 40 00 84 00 08 00 00 84 DB   084h,01h,08h,040h,010h,080h,020h,08h,040h,00h,084h,00h,08h,00h,00h,084h   
E38D   84 01 08 40 10 80 20 08 40 00 84 00 08 00 00 84 DB   084h,01h,08h,040h,010h,080h,020h,08h,040h,00h,084h,00h,08h,00h,00h,084h   
E39D   84 01 08 40 10 80 20 08 40 00 84 00 08 00 00 84 DB   084h,01h,08h,040h,010h,080h,020h,08h,040h,00h,084h,00h,08h,00h,00h,084h   
E3AD   84 01 08 40 10 80 20 08 40 00 84 00 08 00 00 84 DB   084h,01h,08h,040h,010h,080h,020h,08h,040h,00h,084h,00h,08h,00h,00h,084h   
E3BD   84 3F 08 43 F0 87 FF F8 7F FF 87 E1 F8 7F F0 84 DB   084h,03Fh,08h,043h,0F0h,087h,0FFh,0F8h,07Fh,0FFh,087h,0E1h,0F8h,07Fh,0F0h,084h   
E3CD   80 20 00 42 00 80 00 00 40 00 00 20 00 40 00 84 DB   080h,020h,00h,042h,00h,080h,00h,00h,040h,00h,00h,020h,00h,040h,00h,084h   
E3DD   80 20 00 42 00 80 00 00 40 00 00 20 00 40 00 84 DB   080h,020h,00h,042h,00h,080h,00h,00h,040h,00h,00h,020h,00h,040h,00h,084h   
E3ED   80 20 00 42 00 80 00 00 40 00 00 20 00 40 00 84 DB   080h,020h,00h,042h,00h,080h,00h,00h,040h,00h,00h,020h,00h,040h,00h,084h   
E3FD   80 20 00 42 00 80 00 00 40 00 00 20 00 40 00 84 DB   080h,020h,00h,042h,00h,080h,00h,00h,040h,00h,00h,020h,00h,040h,00h,084h   
E40D   FF E1 FF FF FF FF FF FF FF FF FF FF FF FE 1F 84 DB   0FFh,0E1h,0FFh,0FFh,0FFh,0FFh,0FFh,0FFh,0FFh,0FFh,0FFh,0FFh,0FFh,0FEh,01Fh,084h   
E41D   80 20 08 00 00 00 00 00 00 00 00 00 00 00 10 04 DB   080h,020h,08h,00h,00h,00h,00h,00h,00h,00h,00h,00h,00h,00h,010h,04h   
E42D   80 20 08 00 00 00 00 00 00 00 00 00 00 00 10 04 DB   080h,020h,08h,00h,00h,00h,00h,00h,00h,00h,00h,00h,00h,00h,010h,04h   
E43D   80 20 08 00 00 00 00 00 00 00 00 00 00 00 10 04 DB   080h,020h,08h,00h,00h,00h,00h,00h,00h,00h,00h,00h,00h,00h,010h,04h   
E44D   80 20 08 1F FE 7F F0 7F C0 0F C1 FF 00 00 10 04 DB   080h,020h,08h,01Fh,0FEh,07Fh,0F0h,07Fh,0C0h,0Fh,0C1h,0FFh,00h,00h,010h,04h   
E45D   84 3F 08 1F FE 7F F0 FF E0 0F C3 FF 80 7E 10 84 DB   084h,03Fh,08h,01Fh,0FEh,07Fh,0F0h,0FFh,0E0h,0Fh,0C3h,0FFh,080h,07Eh,010h,084h   
E46D   84 00 08 1F FE 7F F1 FF E0 0F C7 FF 80 40 10 84 DB   084h,00h,08h,01Fh,0FEh,07Fh,0F1h,0FFh,0E0h,0Fh,0C7h,0FFh,080h,040h,010h,084h   
E47D   84 00 08 01 E0 00 01 F1 C0 03 C7 C7 00 40 10 84 DB   084h,00h,08h,01h,0E0h,00h,01h,0F1h,0C0h,03h,0C7h,0C7h,00h,040h,010h,084h   
E48D   84 00 08 01 E0 00 03 E0 00 03 CF 80 00 40 10 84 DB   084h,00h,08h,01h,0E0h,00h,03h,0E0h,00h,03h,0CFh,080h,00h,040h,010h,084h   
E49D   84 00 08 01 E0 00 03 C0 00 03 CF 00 00 40 10 84 DB   084h,00h,08h,01h,0E0h,00h,03h,0C0h,00h,03h,0CFh,00h,00h,040h,010h,084h   
E4AD   87 FF F8 01 E0 7F F3 C0 00 03 CF 00 00 43 F0 FC DB   087h,0FFh,0F8h,01h,0E0h,07Fh,0F3h,0C0h,00h,03h,0CFh,00h,00h,043h,0F0h,0FCh   
E4BD   80 20 08 01 E0 7F F3 C0 07 E3 CF 03 80 40 10 04 DB   080h,020h,08h,01h,0E0h,07Fh,0F3h,0C0h,07h,0E3h,0CFh,03h,080h,040h,010h,04h   
E4CD   80 20 08 01 E0 7F F3 C0 07 E3 CF 03 C0 40 10 04 DB   080h,020h,08h,01h,0E0h,07Fh,0F3h,0C0h,07h,0E3h,0CFh,03h,0C0h,040h,010h,04h   
E4DD   80 20 08 01 E0 00 03 C0 07 E3 CF 03 C0 40 10 04 DB   080h,020h,08h,01h,0E0h,00h,03h,0C0h,07h,0E3h,0CFh,03h,0C0h,040h,010h,04h   
E4ED   80 20 08 01 E0 00 03 E0 00 03 CF 83 C0 40 10 04 DB   080h,020h,08h,01h,0E0h,00h,03h,0E0h,00h,03h,0CFh,083h,0C0h,040h,010h,04h   
E4FD   FC 21 08 01 E0 00 01 F1 C0 03 C7 C7 C0 7E 1F 84 DB   0FCh,021h,08h,01h,0E0h,00h,01h,0F1h,0C0h,03h,0C7h,0C7h,0C0h,07Eh,01Fh,084h   
E50D   84 01 08 01 E0 7F F1 FF E0 03 C7 FF 80 42 00 84 DB   084h,01h,08h,01h,0E0h,07Fh,0F1h,0FFh,0E0h,03h,0C7h,0FFh,080h,042h,00h,084h   
E51D   84 01 08 01 E0 7F F0 FF E0 03 C3 FF 80 42 00 84 DB   084h,01h,08h,01h,0E0h,07Fh,0F0h,0FFh,0E0h,03h,0C3h,0FFh,080h,042h,00h,084h   
E52D   84 01 08 01 E0 7F F0 7F C0 03 C1 FF 00 42 00 84 DB   084h,01h,08h,01h,0E0h,07Fh,0F0h,07Fh,0C0h,03h,0C1h,0FFh,00h,042h,00h,084h   
E53D   84 01 08 00 00 00 00 00 00 00 00 00 00 42 00 84 DB   084h,01h,08h,00h,00h,00h,00h,00h,00h,00h,00h,00h,00h,042h,00h,084h   
E54D   84 3F 08 00 00 00 00 00 00 00 00 00 00 43 F0 84 DB   084h,03Fh,08h,00h,00h,00h,00h,00h,00h,00h,00h,00h,00h,043h,0F0h,084h   
E55D   80 20 08 00 00 00 00 00 00 00 00 00 00 42 00 84 DB   080h,020h,08h,00h,00h,00h,00h,00h,00h,00h,00h,00h,00h,042h,00h,084h   
E56D   80 20 08 03 86 5C 77 71 DC E7 57 77 00 42 00 84 DB   080h,020h,08h,03h,086h,05Ch,077h,071h,0DCh,0E7h,057h,077h,00h,042h,00h,084h   
E57D   80 20 08 02 85 48 15 51 15 55 52 45 00 42 00 84 DB   080h,020h,08h,02h,085h,048h,015h,051h,015h,055h,052h,045h,00h,042h,00h,084h   
E58D   80 20 08 03 B7 48 27 51 15 57 52 74 00 42 00 84 DB   080h,020h,08h,03h,0B7h,048h,027h,051h,015h,057h,052h,074h,00h,042h,00h,084h   
E59D   FC 21 F8 02 85 48 45 51 15 14 52 44 00 42 1F 84 DB   0FCh,021h,0F8h,02h,085h,048h,045h,051h,015h,014h,052h,044h,00h,042h,01Fh,084h   
E5AD   80 20 00 03 86 48 77 71 DD 14 72 74 00 40 10 04 DB   080h,020h,00h,03h,086h,048h,077h,071h,0DDh,014h,072h,074h,00h,040h,010h,04h   
E5BD   80 20 00 00 00 00 00 00 00 00 00 00 00 40 10 04 DB   080h,020h,00h,00h,00h,00h,00h,00h,00h,00h,00h,00h,00h,040h,010h,04h   
E5CD   80 20 00 00 00 00 00 00 00 00 00 00 00 40 10 04 DB   080h,020h,00h,00h,00h,00h,00h,00h,00h,00h,00h,00h,00h,040h,010h,04h   
E5DD   80 20 00 00 00 00 00 00 00 00 00 00 00 40 10 04 DB   080h,020h,00h,00h,00h,00h,00h,00h,00h,00h,00h,00h,00h,040h,010h,04h   
E5ED   87 FF FF FF FF FF FF FF FF FF FF FF FF FF F0 84 DB   087h,0FFh,0FFh,0FFh,0FFh,0FFh,0FFh,0FFh,0FFh,0FFh,0FFh,0FFh,0FFh,0FFh,0F0h,084h   
E5FD   80 20 00 40 10 80 00 08 02 10 80 00 08 00 00 84 DB   080h,020h,00h,040h,010h,080h,00h,08h,02h,010h,080h,00h,08h,00h,00h,084h   
E60D   80 20 00 40 10 80 00 08 02 10 80 00 08 00 00 84 DB   080h,020h,00h,040h,010h,080h,00h,08h,02h,010h,080h,00h,08h,00h,00h,084h   
E61D   80 20 00 40 10 80 00 08 02 10 80 00 08 00 00 84 DB   080h,020h,00h,040h,010h,080h,00h,08h,02h,010h,080h,00h,08h,00h,00h,084h   
E62D   80 20 00 40 10 80 00 08 02 10 80 00 08 00 00 84 DB   080h,020h,00h,040h,010h,080h,00h,08h,02h,010h,080h,00h,08h,00h,00h,084h   
E63D   84 21 F8 43 F0 87 FF F8 42 1F 87 FF 08 7F FF 84 DB   084h,021h,0F8h,043h,0F0h,087h,0FFh,0F8h,042h,01Fh,087h,0FFh,08h,07Fh,0FFh,084h   
E64D   84 21 08 42 00 84 00 00 42 00 84 01 00 40 10 04 DB   084h,021h,08h,042h,00h,084h,00h,00h,042h,00h,084h,01h,00h,040h,010h,04h   
E65D   84 21 08 42 00 84 00 00 42 00 84 01 00 40 10 04 DB   084h,021h,08h,042h,00h,084h,00h,00h,042h,00h,084h,01h,00h,040h,010h,04h   
E66D   84 21 08 42 00 84 00 00 42 00 84 01 00 40 10 04 DB   084h,021h,08h,042h,00h,084h,00h,00h,042h,00h,084h,01h,00h,040h,010h,04h   
E67D   84 21 08 42 00 84 00 00 42 00 84 01 00 40 10 04 DB   084h,021h,08h,042h,00h,084h,00h,00h,042h,00h,084h,01h,00h,040h,010h,04h   
E68D   84 21 08 43 FF 84 3F FF C3 F0 84 21 FF C2 10 FC DB   084h,021h,08h,043h,0FFh,084h,03Fh,0FFh,0C3h,0F0h,084h,021h,0FFh,0C2h,010h,0FCh   
E69D   84 00 08 00 00 04 00 00 40 00 04 20 00 02 00 04 DB   084h,00h,08h,00h,00h,04h,00h,00h,040h,00h,04h,020h,00h,02h,00h,04h   
E6AD   84 00 08 00 00 04 00 00 40 00 04 20 00 02 00 04 DB   084h,00h,08h,00h,00h,04h,00h,00h,040h,00h,04h,020h,00h,02h,00h,04h   
E6BD   84 00 08 00 00 04 00 00 40 00 04 20 00 02 00 04 DB   084h,00h,08h,00h,00h,04h,00h,00h,040h,00h,04h,020h,00h,02h,00h,04h   
E6CD   84 00 08 00 00 04 00 00 40 00 04 20 00 02 00 04 DB   084h,00h,08h,00h,00h,04h,00h,00h,040h,00h,04h,020h,00h,02h,00h,04h   
E6DD   FF FF FF FF FF FF FF FF FF FF FF FF FF FF FF FC DB   0FFh,0FFh,0FFh,0FFh,0FFh,0FFh,0FFh,0FFh,0FFh,0FFh,0FFh,0FFh,0FFh,0FFh,0FFh,0FCh   
E6ED   00 00 00 00 00 00 00 00 00 00 00 00 00 00 00 00 DB   00h,00h,00h,00h,00h,00h,00h,00h,00h,00h,00h,00h,00h,00h,00h,00h   
E6FD   00 00 00 00 00 00 00 00 00 00 00 00 00 00 00 00 DB   00h,00h,00h,00h,00h,00h,00h,00h,00h,00h,00h,00h,00h,00h,00h,00h   
E70D   00 00 00 00 00 00 00 00 00 00 00 00 00 00 00 00 DB   00h,00h,00h,00h,00h,00h,00h,00h,00h,00h,00h,00h,00h,00h,00h,00h   
E71D                             ; RAM Locations
E71D                             ;--------------
E71D                GBUF:     EQU   0A00H   ;Graphics Buffer 16 * 64 = 1024 byte
E71D                ENDPT:    EQU   0E00H   ;End Point for Line
E71D                SX:       EQU   0E02H   ;Sign of X
E71D                SY:       EQU   0E03H   ;Sign of Y
E71D                DX:       EQU   0E04H   ;Change of X
E71D                DY:       EQU   0E06H   ;Change of Y
E71D                ERR:      EQU   0E08H   ;Error Rate
E71D                RAD:      EQU   0E0AH   ;Radius
E71D                CLRBUF:   EQU   0E0CH   ;Clear Buffer Flag on LCD Displaying
E71D                CURSOR_XY:   EQU   0E0DH   ;Cursor Address X,Y
E71D                CURSOR_Y:   EQU   CURSOR_XY   ;Cursor Y
E71D                CURSOR_X:   EQU   CURSOR_XY+1   ;Cursor X
E71D                CURSOR_YS:   EQU   0E0FH   ;Start Y row for new line
E71D                CURSOR_ON:   EQU   0E10H   ;Cursor on/off flag
E71D                INVERSE:   EQU   0E11H   ;Inverse Flag
E71D                PIXEL_X:   EQU   0E12H   ;Pixel X length
E71D                VPORT:    EQU   0E13H   ;View port start address
E71D                TBUF:     EQU   0E15H   ;Top of Buffer pointer
E71D                SBUF:     EQU   16 * 60   ;Scroll Buffer size  16 * 60 = 960 byte (10 lines)
E71D                TGBUF:    EQU   1000H + SBUF   ;Terminal GBUF
E71D                             ; jims disassembler source code
E71D                             ; -----------------------------
E71D                             ; 
E71D                             ; note: this file was updated so i can place it in any memory location.
E71D                             ; for full annotation please look at the pdf "disassembler_listing.pdf"
E71D                             ; 
E71D                             ; edits by craig hart: removed junk code
E71D                             ; fixed two remaining fixed memory references; code can now run anywhere in address apce
E71D                             ; update to add in (xx),a and out (xx),a brackets
E71D                             ; update to add "," in call/jp/jr <flag> opcodes
E71D                             ; optimze by removing code such as jp => jp => dest.
E71D                             ; 
E71D                             ; edit by brian chiha: formatted code
E71D                             ; remove extra space from call/jp/jr <flag> opcodes
E71D                             ; fixed missing opcode LD SP,IX and LD SP,IY
E71D                             ; note: LD (XY+d),n isn't working yet....
E71D                             ; 
E71D                             ; local variables
E71D                DISRAM:   EQU   0900H   
E71D                DISLINE1:   EQU   DISRAM   ;DIS STRING START
E71D                DISLINE2:   EQU   DISRAM + 19   ;DIS SECOND LINE
E71D                DISPTR:   EQU   DISRAM + 38   ;DIS STRING END
E71D                DISFLAG:   EQU   DISRAM + 40   ;DIS FLAG FOR HL,IX,IY
E71D                DISFROM:   EQU   DISRAM + 41   ;DIS START ADDRESS
E71D                             ; 
E71D                DISSTART:      
E71D   21 00 09               LD   hl,disline1   
E720   AF                     XOR   a   
E721   32 28 09               LD   (disflag),a   
E724   22 26 09               LD   (disptr),hl   
E727   2A 29 09               LD   hl,(disfrom)   
E72A   E5                     PUSH   hl   
E72B   CD B3 E8               CALL   l0x318a   ; write address to disline1
E72E   06 22                  LD   b,22H   
E730   CD E2 E8               CALL   l0x31b9   ;fill rest with spaces
E733                             ; 
E733   21 00 09               LD   hl,disline1   ; patch to fix absoute memory addressing
E736   01 05 00               LD   bc,5   
E739   09                     ADD   hl,bc   
E73A                             ; 
E73A   22 26 09               LD   (disptr),hl   
E73D   E1                     POP   hl   
E73E   7E                     LD   a,(hl)   
E73F   E5                     PUSH   hl   
E740   16 01                  LD   d,01H   
E742   CD 5C EC               CALL   l0x351d   
E745   E1                     POP   hl   
E746   30 08                  JR   nc,l0x302e   
E748   CD 58 E7               CALL   l0x3031   
E74B   4E                     LD   c,(hl)   
E74C   7E                     LD   a,(hl)   
E74D   D4 3A EB               CALL   nc,l0x340e   
E750                L0X302E:      ; why jp to this code; just do it here?
E750   2A 29 09               LD   hl,(disfrom)   
E753   23                     INC   hl   
E754   22 29 09               LD   (disfrom),hl   
E757   C9                     RET      
E758                L0X3031:      
E758   FE 40                  CP   40H   
E75A   38 18                  JR   c,l0x304d   
E75C   FE C0                  CP   0c0H   
E75E   38 16                  JR   c,l0x304f   
E760   FE CB                  CP   0cbH   
E762   CA 07 E9               JP   z,l0x31de   
E765   0E 00                  LD   c,00H   
E767   FE DD                  CP   0ddH   
E769   28 05                  JR   z,l0x3049   
E76B   FE FD                  CP   0fdH   
E76D   20 05                  JR   nz,l0x304d   
E76F   0C                     INC   c   
E770                L0X3049:      
E770   0C                     INC   c   
E771   C3 FE E7               JP   l0x30d7   
E774                L0X304D:      
E774   B7                     OR   a   
E775   C9                     RET      
E776                L0X304F:      
E776   F5                     PUSH   af   
E777   CD 7C E7               CALL   l0x3055   
E77A   18 05                  JR   l0x305a   
E77C                L0X3055:      
E77C   06 01                  LD   b,01H   
E77E   C3 28 E9               JP   l0x31ff   
E781                L0X305A:      
E781   F1                     POP   af   
E782                L0X305B:      
E782   FE 80                  CP   80H   
E784   30 14                  JR   nc,l0x3073   
E786   F5                     PUSH   af   
E787   CD 2E E9               CALL   l0x3205   
E78A   F1                     POP   af   
E78B   CD D5 E8               CALL   l0x31ac   
E78E   F5                     PUSH   af   
E78F   CD 2D E8               CALL   l0x3106   
E792   CD 8D E8               CALL   l0x3164   
E795   F1                     POP   af   
E796   4F                     LD   c,a   
E797   C3 2E E8               JP   l0x3107   
E79A                L0X3073:      
E79A   E6 3F                  AND   3fH   
E79C   CD D5 E8               CALL   l0x31ac   
E79F   F5                     PUSH   af   
E7A0   3E 86                  LD   a,86H   
E7A2   81                     ADD   a,c   
E7A3   81                     ADD   a,c   
E7A4   81                     ADD   a,c   
E7A5   CD 7A E8               CALL   l0x3153   
E7A8   CD AD E7               CALL   l0x3086   
E7AB   18 0C                  JR   l0x3092   
E7AD                L0X3086:      
E7AD   CD A4 E8               CALL   l0x317b   
E7B0   C0                     RET   nz   
E7B1   0E 07                  LD   c,07H   
E7B3   CD 32 E8               CALL   l0x310b   
E7B6   C3 8D E8               JP   l0x3164   
E7B9                L0X3092:      
E7B9   F1                     POP   af   
E7BA   4F                     LD   c,a   
E7BB   18 70                  JR   l0x3106   
E7BD                L0X3096:      
E7BD   FE 40                  CP   40H   
E7BF   30 16                  JR   nc,l0x30b0   
E7C1   CD D5 E8               CALL   l0x31ac   
E7C4   F5                     PUSH   af   
E7C5   79                     LD   a,c   
E7C6   FE 07                  CP   07H   
E7C8   20 01                  JR   nz,l0x30a4   
E7CA   0D                     DEC   c   
E7CB                L0X30A4:      
E7CB   3E 9E                  LD   a,9EH   
E7CD   81                     ADD   a,c   
E7CE   81                     ADD   a,c   
E7CF   81                     ADD   a,c   
E7D0   CD 7A E8               CALL   l0x3153   
E7D3   F1                     POP   af   
E7D4   4F                     LD   c,a   
E7D5   18 56                  JR   l0x3106   
E7D7                L0X30B0:      
E7D7   D6 40                  SUB   40H   
E7D9   F5                     PUSH   af   
E7DA   06 B3                  LD   b,0B3H   
E7DC   FE 40                  CP   40H   
E7DE   38 08                  JR   c,l0x30c1   
E7E0   06 B6                  LD   b,0B6H   
E7E2   FE 80                  CP   80H   
E7E4   38 02                  JR   c,l0x30c1   
E7E6   06 B9                  LD   b,0B9H   
E7E8                L0X30C1:      
E7E8   78                     LD   a,b   
E7E9   CD 7A E8               CALL   l0x3153   
E7EC   F1                     POP   af   
E7ED   E6 3F                  AND   3FH   
E7EF   CD D5 E8               CALL   l0x31ac   
E7F2   F5                     PUSH   af   
E7F3   79                     LD   a,c   
E7F4   CD C3 E8               CALL   l0x319a   
E7F7   CD 8D E8               CALL   l0x3164   
E7FA   F1                     POP   af   
E7FB   4F                     LD   c,a   
E7FC   18 2F                  JR   l0x3106   
E7FE                L0X30D7:      
E7FE   2A 29 09               LD   hl,(disfrom)   
E801   23                     INC   hl   
E802   7E                     LD   a,(hl)   
E803   FE CB                  CP   0CBH   
E805   28 0A                  JR   z,l0x30ea   
E807   FE BF                  CP   0BFH   
E809   2B                     DEC   hl   
E80A   D0                     RET   nc   
E80B   FE 40                  CP   40H   
E80D   30 05                  JR   nc,l0x30ed   
E80F   A7                     AND   a   
E810   C9                     RET      
E811                L0X30EA:      
E811   CB F9                  SET   7,c   
E813   23                     INC   hl   
E814                L0X30ED:      
E814   23                     INC   hl   
E815   7E                     LD   a,(hl)   
E816   F5                     PUSH   af   
E817   06 04                  LD   b,04H   
E819   79                     LD   a,c   
E81A   32 28 09               LD   (disflag),a   
E81D   CB 79                  BIT   7,c   
E81F   20 01                  JR   nz,l0x30fb   
E821   05                     DEC   b   
E822                L0X30FB:      
E822   CD 28 E9               CALL   l0x31ff   
E825   F1                     POP   af   
E826   CB 79                  BIT   7,c   
E828   20 93                  JR   nz,l0x3096   
E82A   C3 82 E7               JP   l0x305b   
E82D                L0X3106:      
E82D   79                     LD   a,c   
E82E                L0X3107:      
E82E   FE 06                  CP   06H   
E830   28 07                  JR   z,l0x3112   
E832                L0X310B:      
E832   3E 01                  LD   a,01H   
E834                L0X310D:      
E834   21 BE EE               LD   hl,tableREG   
E837   18 33                  JR   l0x3145   
E839                L0X3112:      
E839   3A 28 09               LD   a,(disflag)   
E83C   B7                     OR   a   
E83D   20 06                  JR   nz,l0x311e   
E83F   0E 08                  LD   c,08H   
E841   3E 04                  LD   a,04H   
E843   18 EF                  JR   l0x310d   
E845                L0X311E:      
E845   F5                     PUSH   af   
E846   1F                     RRA      
E847   0E 0C                  LD   c,0CH   
E849   38 02                  JR   c,l0x3126   
E84B   0E 13                  LD   c,13H   
E84D                L0X3126:      
E84D   3E 07                  LD   a,07H   
E84F   CD 34 E8               CALL   l0x310d   
E852   F1                     POP   af   
E853   17                     RLA      
E854   ED 5B 29 09            LD   de,(disfrom)   
E858   30 01                  JR   nc,l0x3134   
E85A   1B                     DEC   de   
E85B                L0X3134:      
E85B   3A 26 09               LD   a,(disptr)   
E85E   D6 03                  SUB   03H   
E860   32 26 09               LD   (disptr),a   
E863   1A                     LD   a,(de)   
E864   CD BA E8               CALL   l0x3191   
E867   23                     INC   hl   
E868   22 26 09               LD   (disptr),hl   
E86B   C9                     RET      
E86C                L0X3145:      
E86C   ED 5B 26 09            LD   de,(disptr)   
E870   09                     ADD   hl,bc   
E871   4F                     LD   c,a   
E872   ED B0                  LDIR      
E874   ED 53 26 09            LD   (disptr),de   
E878   37                     SCF      
E879   C9                     RET      
E87A                L0X3153:      
E87A   21 5B ED               LD   hl,tableOPS   ; patch to fix absolute memory addressing
E87D   D6 82                  SUB   82H   
E87F   5F                     LD   e,a   
E880   16 00                  LD   d,0   
E882   19                     ADD   hl,de   
E883   EB                     EX   de,hl   
E884   18 0C                  JR   l0x3169   
E886                L0X315D:      
E886   21 13 09               LD   hl,disline2   
E889   22 26 09               LD   (disptr),hl   
E88C   C9                     RET      
E88D                L0X3164:      
E88D   01 06 00               LD   bc,0006H   
E890   18 A0                  JR   l0x310b   
E892                L0X3169:      
E892   2A 26 09               LD   hl,(disptr)   
E895   1A                     LD   a,(de)   
E896   77                     LD   (hl),a   
E897   CB BE                  RES   7,(hl)   
E899   23                     INC   hl   
E89A   22 26 09               LD   (disptr),hl   
E89D   13                     INC   de   
E89E   B7                     OR   a   
E89F   FA E0 E8               JP   m,l0x31b7   
E8A2   18 EE                  JR   l0x3169   
E8A4                L0X317B:      
E8A4   79                     LD   a,c   
E8A5   FE 04                  CP   04H   
E8A7   38 02                  JR   c,l0x3182   
E8A9   B7                     OR   a   
E8AA   C9                     RET      
E8AB                L0X3182:      
E8AB   FE 02                  CP   02H   
E8AD   20 02                  JR   nz,l0x3188   
E8AF   3D                     DEC   a   
E8B0   C9                     RET      
E8B1                L0X3188:      
E8B1   AF                     XOR   a   
E8B2   C9                     RET      
E8B3                L0X318A:      
E8B3   E5                     PUSH   hl   
E8B4   7C                     LD   a,h   
E8B5   CD BA E8               CALL   l0x3191   
E8B8   E1                     POP   hl   
E8B9   7D                     LD   a,l   
E8BA                L0X3191:      
E8BA   F5                     PUSH   af   
E8BB   1F                     RRA      
E8BC   1F                     RRA      
E8BD   1F                     RRA      
E8BE   1F                     RRA      
E8BF   CD C3 E8               CALL   l0x319a   
E8C2   F1                     POP   af   
E8C3                L0X319A:      
E8C3   E6 0F                  AND   0FH   
E8C5   C6 90                  ADD   a,90H   
E8C7   27                     DAA      
E8C8   CE 40                  ADC   a,40H   
E8CA   27                     DAA      
E8CB   2A 26 09               LD   hl,(disptr)   
E8CE   77                     LD   (hl),a   
E8CF   23                     INC   hl   
E8D0   22 26 09               LD   (disptr),hl   
E8D3   37                     SCF      
E8D4   C9                     RET      
E8D5                L0X31AC:      
E8D5   F5                     PUSH   af   
E8D6   E6 38                  AND   38H   
E8D8   1F                     RRA      
E8D9   1F                     RRA      
E8DA   1F                     RRA      
E8DB   4F                     LD   c,a   
E8DC   F1                     POP   af   
E8DD   E6 07                  AND   07H   
E8DF   C9                     RET      
E8E0                L0X31B7:      
E8E0   06 01                  LD   b,01H   
E8E2                L0X31B9:      
E8E2   3E 20                  LD   a,20H   
E8E4   2A 26 09               LD   hl,(disptr)   
E8E7                L0X31BE:      
E8E7   77                     LD   (hl),a   
E8E8   23                     INC   hl   
E8E9   10 FC                  DJNZ   l0x31be   
E8EB   22 26 09               LD   (disptr),hl   
E8EE   C9                     RET      
E8EF                L0X31C6:      
E8EF   ED 5B 29 09            LD   de,(disfrom)   
E8F3                L0X31CA:      
E8F3   C5                     PUSH   bc   
E8F4   1A                     LD   a,(de)   
E8F5   F5                     PUSH   af   
E8F6   CD BA E8               CALL   l0x3191   
E8F9   CD E0 E8               CALL   l0x31b7   
E8FC   F1                     POP   af   
E8FD   13                     INC   de   
E8FE   C1                     POP   bc   
E8FF   10 F2                  DJNZ   l0x31ca   
E901   1B                     DEC   de   
E902   ED 53 29 09            LD   (disfrom),de   
E906   C9                     RET      
E907                L0X31DE:      
E907   06 02                  LD   b,02H   
E909   CD EF E8               CALL   l0x31c6   
E90C   CD 86 E8               CALL   l0x315d   
E90F   C3 BD E7               JP   l0x3096   
E912                L0X31E9:      
E912   E6 CF                  AND   0CFH   
E914   FE 01                  CP   01H   
E916   20 47                  JR   nz,l0x3236   
E918   CD 26 E9               CALL   l0x31fd   
E91B   CD 2E E9               CALL   l0x3205   
E91E   CD 33 E9               CALL   l0x320a   
E921   CD 8D E8               CALL   l0x3164   
E924   18 24                  JR   l0x3221   
E926                L0X31FD:      
E926   06 03                  LD   b,03H   
E928                L0X31FF:      
E928   CD EF E8               CALL   l0x31c6   
E92B   C3 86 E8               JP   l0x315d   
E92E                L0X3205:      
E92E   3E 83                  LD   a,83H   
E930   C3 7A E8               JP   l0x3153   
E933                L0X320A:      
E933   79                     LD   a,c   
E934                L0X320B:      
E934   F5                     PUSH   af   
E935   E6 30                  AND   30H   
E937   CD E1 EC               CALL   l0x35a6   
E93A   C6 1A                  ADD   a,1AH   
E93C   06 00                  LD   b,00H   
E93E   4F                     LD   c,a   
E93F   3E 02                  LD   a,02H   
E941   21 BE EE               LD   hl,tableREG   
E944   CD 6C E8               CALL   l0x3145   
E947   F1                     POP   af   
E948   4F                     LD   c,a   
E949   C9                     RET      
E94A                L0X3221:      
E94A   2A 29 09               LD   hl,(disfrom)   
E94D   7E                     LD   a,(hl)   
E94E   E5                     PUSH   hl   
E94F   CD BA E8               CALL   l0x3191   
E952   E1                     POP   hl   
E953   2B                     DEC   hl   
E954   7E                     LD   a,(hl)   
E955   E5                     PUSH   hl   
E956   CD BA E8               CALL   l0x3191   
E959   E1                     POP   hl   
E95A   23                     INC   hl   
E95B   22 29 09               LD   (disfrom),hl   
E95E   C9                     RET      
E95F                L0X3236:      
E95F   E6 C7                  AND   0C7H   
E961   FE 06                  CP   06H   
E963   20 18                  JR   nz,l0x3254   
E965   06 02                  LD   b,02H   
E967   CD E7 E9               CALL   l0x32be   
E96A   79                     LD   a,c   
E96B   CD D5 E8               CALL   l0x31ac   
E96E   06 00                  LD   b,00H   
E970   CD 22 ED               CALL   l0x35e7   
E973   CD 8D E8               CALL   l0x3164   
E976                L0X324D:      
E976   2A 29 09               LD   hl,(disfrom)   
E979   7E                     LD   a,(hl)   
E97A   C3 BA E8               JP   l0x3191   
E97D                L0X3254:      
E97D   79                     LD   a,c   
E97E   F5                     PUSH   af   
E97F   E6 EF                  AND   0EFH   
E981   FE 0A                  CP   0AH   
E983   20 1F                  JR   nz,l0x327b   
E985   06 01                  LD   b,01H   
E987   CD E7 E9               CALL   l0x32be   
E98A   79                     LD   a,c   
E98B   01 07 00               LD   bc,0007H   
E98E   CD 32 E8               CALL   l0x310b   
E991   CD 8D E8               CALL   l0x3164   
E994                L0X326B:      
E994   01 08 00               LD   bc,0008H   
E997   CD 32 E8               CALL   l0x310b   
E99A   F1                     POP   af   
E99B   CD 34 E9               CALL   l0x320b   
E99E   01 0B 00               LD   bc,000BH   
E9A1   C3 32 E8               JP   l0x310b   
E9A4                L0X327B:      
E9A4   FE 02                  CP   02H   
E9A6   20 11                  JR   nz,l0x3290   
E9A8   06 01                  LD   b,01H   
E9AA   CD E7 E9               CALL   l0x32be   
E9AD   CD 3E ED               CALL   l0x3603   
E9B0                L0X3287:      
E9B0   CD 8D E8               CALL   l0x3164   
E9B3   01 07 00               LD   bc,0007H   
E9B6   C3 32 E8               JP   l0x310b   
E9B9                L0X3290:      
E9B9   FE 22                  CP   22H   
E9BB   20 30                  JR   nz,l0x32c4   
E9BD   06 03                  LD   b,03H   
E9BF   CD E7 E9               CALL   l0x32be   
E9C2   CD D8 E9               CALL   l0x32af   
E9C5   CD 8D E8               CALL   l0x3164   
E9C8   F1                     POP   af   
E9C9                L0X32A0:      
E9C9   CB 67                  BIT   4,a   
E9CB   20 03                  JR   nz,l0x32a7   
E9CD                L0X32A4:      
E9CD   C3 08 ED               JP   l0x35cd   
E9D0                L0X32A7:      
E9D0   3E 01                  LD   a,01H   
E9D2   01 07 00               LD   bc,0007H   
E9D5   C3 34 E8               JP   l0x310d   
E9D8                L0X32AF:      
E9D8   01 08 00               LD   bc,0008H   
E9DB   CD 32 E8               CALL   l0x310b   
E9DE   CD 4A E9               CALL   l0x3221   
E9E1   01 0B 00               LD   bc,000BH   
E9E4   C3 32 E8               JP   l0x310b   
E9E7                L0X32BE:      
E9E7   CD 28 E9               CALL   l0x31ff   
E9EA   C3 2E E9               JP   l0x3205   
E9ED                L0X32C4:      
E9ED   FE 2A                  CP   2AH   
E9EF   20 0E                  JR   nz,l0x32d6   
E9F1   06 03                  LD   b,03H   
E9F3   CD E7 E9               CALL   l0x32be   
E9F6   F1                     POP   af   
E9F7   CD C9 E9               CALL   l0x32a0   
E9FA   CD 8D E8               CALL   l0x3164   
E9FD   18 D9                  JR   l0x32af   
E9FF                L0X32D6:      
E9FF   E6 CF                  AND   0CFH   
EA01   FE 03                  CP   03H   
EA03   20 0F                  JR   nz,l0x32eb   
EA05   CD 0C EA               CALL   l0x32e3   
EA08   F1                     POP   af   
EA09   C3 34 E9               JP   l0x320b   
EA0C                L0X32E3:      
EA0C   CD 7C E7               CALL   l0x3055   
EA0F   3E BC                  LD   a,0BCH   
EA11                L0X32E8:      
EA11   C3 7A E8               JP   l0x3153   
EA14                L0X32EB:      
EA14   FE 0B                  CP   0BH   
EA16   20 0C                  JR   nz,l0x32fb   
EA18   CD 1F EA               CALL   l0x32f6   
EA1B   F1                     POP   af   
EA1C   C3 34 E9               JP   l0x320b   
EA1F                L0X32F6:      
EA1F   3E BF                  LD   a,0BFH   
EA21   C3 50 EC               JP   l0x3511   
EA24                L0X32FB:      
EA24   E6 C7                  AND   0C7H   
EA26   FE 04                  CP   04H   
EA28   20 0A                  JR   nz,l0x330b   
EA2A   CD 0C EA               CALL   l0x32e3   
EA2D   F1                     POP   af   
EA2E                L0X3305:      
EA2E   CD D5 E8               CALL   l0x31ac   
EA31   C3 2D E8               JP   l0x3106   
EA34                L0X330B:      
EA34   FE 05                  CP   05H   
EA36   20 06                  JR   nz,l0x3315   
EA38   CD 1F EA               CALL   l0x32f6   
EA3B   F1                     POP   af   
EA3C   18 F0                  JR   l0x3305   
EA3E                L0X3315:      
EA3E   79                     LD   a,c   
EA3F   E6 CF                  AND   0CFH   
EA41   FE 09                  CP   09H   
EA43   20 0F                  JR   nz,l0x332b   
EA45   3E 86                  LD   a,86H   
EA47   CD 50 EC               CALL   l0x3511   
EA4A   CD CD E9               CALL   l0x32a4   
EA4D   CD 8D E8               CALL   l0x3164   
EA50   F1                     POP   af   
EA51   C3 34 E9               JP   l0x320b   
EA54                L0X332B:      
EA54   F1                     POP   af   
EA55   FE 10                  CP   10H   
EA57   20 0F                  JR   nz,l0x334b   
EA59   3E D9                  LD   a,0D9H   
EA5B                L0X3332:      
EA5B   F5                     PUSH   af   
EA5C   06 02                  LD   b,02H   
EA5E   CD 28 E9               CALL   l0x31ff   
EA61   F1                     POP   af   
EA62   CD 7A E8               CALL   l0x3153   
EA65   C3 2E ED               JP   l0x35f3   
EA68                L0X334B:      
EA68   FE 18                  CP   18H   
EA6A   20 04                  JR   nz,l0x3353   
EA6C   3E D5                  LD   a,0D5H   
EA6E   18 EB                  JR   l0x3332   
EA70                L0X3353:      
EA70   79                     LD   a,c   
EA71   E6 C7                  AND   0C7H   
EA73   B7                     OR   a   
EA74   20 31                  JR   nz,l0x3377   
EA76   79                     LD   a,c   
EA77   F5                     PUSH   af   
EA78   06 02                  LD   b,02H   
EA7A   CD 28 E9               CALL   l0x31ff   
EA7D   3E D5                  LD   a,0D5H   
EA7F   CD 7A E8               CALL   l0x3153   
EA82   F1                     POP   af   
EA83   CD 9C EA               CALL   l0x336c   
EA86   CD 8C EA               CALL   fixcomma   
EA89   C3 2E ED               JP   l0x35f3   
EA8C                             ; 
EA8C                FIXCOMMA:      ; comma fix for jp/jr <flag>, xxx
EA8C   E5                     PUSH   hl   
EA8D   F5                     PUSH   af   
EA8E   2A 26 09               LD   hl,(disptr)   
EA91   2B                     DEC   hl   
EA92   3E 2C                  LD   a,2CH   ; ","
EA94   77                     LD   (hl),a   
EA95                             ; inc hl
EA95                             ; ld a, 20H       ; " "
EA95                             ; ld (hl), a
EA95   23                     INC   hl   
EA96   22 26 09               LD   (disptr),hl   
EA99   F1                     POP   af   
EA9A   E1                     POP   hl   
EA9B   C9                     RET      
EA9C                             ; 
EA9C                L0X336C:      
EA9C   E6 18                  AND   18H   
EA9E                L0X336E:      
EA9E   1F                     RRA      
EA9F   1F                     RRA      
EAA0   1F                     RRA      
EAA1   87                     ADD   a,a   
EAA2   C6 DD                  ADD   a,0DDH   
EAA4   C3 7A E8               JP   l0x3153   
EAA7                L0X3377:      
EAA7   79                     LD   a,c   
EAA8   FE C3                  CP   0C3H   
EAAA   28 0E                  JR   z,l0x3391   
EAAC   FE CD                  CP   0CDH   
EAAE   28 06                  JR   z,l0x338d   
EAB0   18 1E                  JR   l0x33a7   
EAB2                L0X3389:      
EAB2   E6 38                  AND   38H   
EAB4   18 E8                  JR   l0x336e   
EAB6                L0X338D:      
EAB6   3E C8                  LD   a,0C8H   
EAB8   18 02                  JR   l0x3393   
EABA                L0X3391:      
EABA   3E CC                  LD   a,0CCH   
EABC                L0X3393:      
EABC   06 03                  LD   b,03H   
EABE   F5                     PUSH   af   
EABF   CD 28 E9               CALL   l0x31ff   
EAC2   F1                     POP   af   
EAC3   FE A6                  CP   0A6H   
EAC5   20 03                  JR   nz,l0x33a1   
EAC7   C3 7A E8               JP   l0x3153   
EACA                L0X33A1:      
EACA   CD 11 EA               CALL   l0x32e8   
EACD   C3 4A E9               JP   l0x3221   
EAD0                L0X33A7:      
EAD0   E6 C7                  AND   0C7H   
EAD2   FE C0                  CP   0C0H   
EAD4   20 18                  JR   nz,l0x33c5   
EAD6   3E C5                  LD   a,0C5H   
EAD8   06 01                  LD   b,01H   
EADA   CD E1 EA               CALL   l0x33b8   
EADD   2B                     DEC   hl   
EADE   36 20                  LD   (hl),20H   
EAE0   C9                     RET      
EAE1                L0X33B8:      
EAE1   C5                     PUSH   bc   
EAE2   F5                     PUSH   af   
EAE3   CD 28 E9               CALL   l0x31ff   
EAE6   F1                     POP   af   
EAE7   CD 11 EA               CALL   l0x32e8   
EAEA   C1                     POP   bc   
EAEB   79                     LD   a,c   
EAEC   18 C4                  JR   l0x3389   
EAEE                L0X33C5:      
EAEE   79                     LD   a,c   
EAEF   E6 C7                  AND   0C7H   
EAF1   FE C4                  CP   0C4H   
EAF3   20 0D                  JR   nz,l0x33d6   
EAF5   3E C8                  LD   a,0C8H   
EAF7                L0X33CE:      
EAF7   06 03                  LD   b,03H   
EAF9   CD E1 EA               CALL   l0x33b8   
EAFC   CD 8C EA               CALL   fixcomma   
EAFF   C3 4A E9               JP   l0x3221   
EB02                L0X33D6:      
EB02   FE C2                  CP   0C2H   
EB04   20 04                  JR   nz,l0x33de   
EB06   3E CC                  LD   a,0CCH   
EB08   18 ED                  JR   l0x33ce   
EB0A                L0X33DE:      
EB0A   79                     LD   a,c   
EB0B   E6 CF                  AND   0CfH   
EB0D   FE C1                  CP   0C1H   
EB0F   20 04                  JR   nz,l0x33e9   
EB11   3E CE                  LD   a,0CEH   
EB13   18 05                  JR   l0x33ee   
EB15                L0X33E9:      
EB15   FE C5                  CP   0C5H   
EB17   C0                     RET   nz   
EB18   3E D1                  LD   a,0D1H   
EB1A                L0X33EE:      
EB1A   C5                     PUSH   bc   
EB1B   F5                     PUSH   af   
EB1C   CD 7C E7               CALL   l0x3055   
EB1F   F1                     POP   af   
EB20   CD 11 EA               CALL   l0x32e8   
EB23   C1                     POP   bc   
EB24   79                     LD   a,c   
EB25   FE F1                  CP   0F1H   
EB27   28 04                  JR   z,l0x3401   
EB29   FE F5                  CP   0F5H   
EB2B   20 0A                  JR   nz,l0x340b   
EB2D                L0X3401:      
EB2D   36 41                  LD   (hl),41H   
EB2F   23                     INC   hl   
EB30   36 46                  LD   (hl),46H   
EB32   23                     INC   hl   
EB33   22 26 09               LD   (disptr),hl   
EB36   C9                     RET      
EB37                L0X340B:      
EB37   C3 34 E9               JP   l0x320b   
EB3A                L0X340E:      
EB3A   E6 C7                  AND   0C7H   
EB3C   FE C7                  CP   0C7H   
EB3E   20 0D                  JR   nz,l0x3421   
EB40   79                     LD   a,c   
EB41   F5                     PUSH   af   
EB42   3E C2                  LD   a,0C2H   
EB44   CD 50 EC               CALL   l0x3511   
EB47   F1                     POP   af   
EB48   E6 38                  AND   38H   
EB4A   C3 BA E8               JP   l0x3191   
EB4D                L0X3421:      
EB4D   E6 C6                  AND   0C6H   
EB4F   FE C6                  CP   0C6H   
EB51   79                     LD   a,c   
EB52   20 18                  JR   nz,l0x3440   
EB54   AF                     XOR   a   
EB55   CD 23 EC               CALL   l0x34f7   
EB58   79                     LD   a,c   
EB59   C5                     PUSH   bc   
EB5A   CD D5 E8               CALL   l0x31ac   
EB5D   3E 86                  LD   a,86H   
EB5F   81                     ADD   a,c   
EB60   81                     ADD   a,c   
EB61   81                     ADD   a,c   
EB62   CD 7A E8               CALL   l0x3153   
EB65                L0X3439:      
EB65   CD AD E7               CALL   l0x3086   
EB68   C1                     POP   bc   
EB69   C3 76 E9               JP   l0x324d   
EB6C                L0X3440:      
EB6C   FE ED                  CP   0EDH   
EB6E   C2 14 EC               JP   nz,l0x34e8   
EB71   2A 29 09               LD   hl,(disfrom)   
EB74   23                     INC   hl   
EB75   7E                     LD   a,(hl)   
EB76   4F                     LD   c,a   
EB77   E6 C7                  AND   0C7H   
EB79   FE 43                  CP   43H   
EB7B   20 20                  JR   nz,l0x3471   
EB7D   06 04                  LD   b,04H   
EB7F   CD 28 E9               CALL   l0x31ff   
EB82   CD 2E E9               CALL   l0x3205   
EB85   CB 59                  BIT   3,c   
EB87   20 0B                  JR   nz,l0x3468   
EB89   C5                     PUSH   bc   
EB8A   CD D8 E9               CALL   l0x32af   
EB8D   CD 8D E8               CALL   l0x3164   
EB90   C1                     POP   bc   
EB91   C3 33 E9               JP   l0x320a   
EB94                L0X3468:      
EB94   CD 33 E9               CALL   l0x320a   
EB97   CD 8D E8               CALL   l0x3164   
EB9A   C3 D8 E9               JP   l0x32af   
EB9D                L0X3471:      
EB9D   06 02                  LD   b,02H   
EB9F   18 6A                  JR   l0x34df   
EBA1                L0X3475:      
EBA1   79                     LD   a,c   
EBA2   E6 C7                  AND   0C7H   
EBA4   FE 40                  CP   40H   
EBA6   20 1A                  JR   nz,l0x3496   
EBA8   C5                     PUSH   bc   
EBA9   3E F0                  LD   a,0F0H   
EBAB   CD 7A E8               CALL   l0x3153   
EBAE   C1                     POP   bc   
EBAF   79                     LD   a,c   
EBB0   CD D5 E8               CALL   l0x31ac   
EBB3   79                     LD   a,c   
EBB4   CD 32 E8               CALL   l0x310b   
EBB7   CD 8D E8               CALL   l0x3164   
EBBA                L0X348E:      
EBBA   01 22 00               LD   bc,0022H   
EBBD   3E 03                  LD   a,03H   
EBBF   C3 34 E8               JP   l0x310d   
EBC2                L0X3496:      
EBC2   FE 41                  CP   41H   
EBC4   20 15                  JR   nz,l0x34af   
EBC6   C5                     PUSH   bc   
EBC7   3E ED                  LD   a,0EDH   
EBC9   CD 7A E8               CALL   l0x3153   
EBCC   CD BA EB               CALL   l0x348e   
EBCF   CD 8D E8               CALL   l0x3164   
EBD2   C1                     POP   bc   
EBD3   79                     LD   a,c   
EBD4   CD D5 E8               CALL   l0x31ac   
EBD7   79                     LD   a,c   
EBD8   C3 32 E8               JP   l0x310b   
EBDB                L0X34AF:      
EBDB   FE 42                  CP   42H   
EBDD   20 35                  JR   nz,l0x34e8   
EBDF   C5                     PUSH   bc   
EBE0   79                     LD   a,c   
EBE1   CB 5F                  BIT   3,a   
EBE3   20 07                  JR   nz,l0x34c0   
EBE5   3E 8F                  LD   a,8FH   
EBE7   CD 7A E8               CALL   l0x3153   
EBEA   18 05                  JR   l0x34c5   
EBEC                L0X34C0:      
EBEC   3E 89                  LD   a,89H   
EBEE   CD 7A E8               CALL   l0x3153   
EBF1                L0X34C5:      
EBF1   CD CD E9               CALL   l0x32a4   
EBF4   CD 8D E8               CALL   l0x3164   
EBF7   C1                     POP   bc   
EBF8   C3 33 E9               JP   l0x320a   
EBFB                L0X34CF:      
EBFB   06 1C                  LD   b,1CH   
EBFD   2A 29 09               LD   hl,(disfrom)   
EC00   23                     INC   hl   
EC01   7E                     LD   a,(hl)   
EC02   21 33 EE               LD   hl,tableEXC   
EC05   06 1C                  LD   b,1CH   
EC07   16 02                  LD   d,02H   
EC09   18 56                  JR   l0x3522   
EC0B                L0X34DF:      
EC0B   E6 84                  AND   84H   
EC0D   20 EC                  JR   nz,l0x34cf   
EC0F   CD 28 E9               CALL   l0x31ff   
EC12   18 8D                  JR   l0x3475   
EC14                L0X34E8:      
EC14   FE D3                  CP   0D3H   
EC16   20 27                  JR   nz,l0x3502   
EC18   3E ED                  LD   a,0EDH   
EC1A   CD 23 EC               CALL   l0x34f7   
EC1D   CD 27 EC               CALL   l0x34fb   
EC20   C3 B0 E9               JP   l0x3287   
EC23                L0X34F7:      
EC23   06 02                  LD   b,02H   
EC25   18 2B                  JR   l0x3513   
EC27                L0X34FB:      
EC27   2A 26 09               LD   hl,(disptr)   ; re-write to add () to in/out (xx),a
EC2A   3E 28                  LD   a,28H   ; "("
EC2C   77                     LD   (hl),a   
EC2D   23                     INC   hl   
EC2E   22 26 09               LD   (disptr),hl   
EC31   CD 76 E9               CALL   l0x324d   
EC34   2A 26 09               LD   hl,(disptr)   
EC37   3E 29                  LD   a,29H   ; ")"
EC39   77                     LD   (hl),a   
EC3A   23                     INC   hl   
EC3B   22 26 09               LD   (disptr),hl   
EC3E   C9                     RET      
EC3F                L0X3502:      
EC3F   FE DB                  CP   0DBH   
EC41   20 47                  JR   nz,l0x354b   
EC43   3E F0                  LD   a,0F0H   
EC45   CD 23 EC               CALL   l0x34f7   
EC48   0E 00                  LD   c,00H   
EC4A   CD AD E7               CALL   l0x3086   ; optimization, skips push/pop not needed
EC4D   C3 27 EC               JP   l0x34fb   
EC50                L0X3511:      
EC50   06 01                  LD   b,01H   
EC52                L0X3513:      
EC52   F5                     PUSH   af   
EC53   CD 28 E9               CALL   l0x31ff   
EC56   F1                     POP   af   
EC57   B7                     OR   a   
EC58   C2 7A E8               JP   nz,l0x3153   
EC5B   C9                     RET      
EC5C                L0X351D:      
EC5C   06 13                  LD   b,13H   
EC5E   21 CB ED               LD   hl,tableOBT   
EC61                L0X3522:      
EC61   BE                     CP   (hl)   
EC62   28 0A                  JR   z,l0x352f   
EC64                L0X3525:      
EC64   23                     INC   hl   
EC65   CB 7E                  BIT   7,(hl)   
EC67   28 FB                  JR   z,l0x3525   
EC69   23                     INC   hl   
EC6A   10 F5                  DJNZ   l0x3522   
EC6C   37                     SCF      
EC6D   C9                     RET      
EC6E                L0X352F:      
EC6E   E5                     PUSH   hl   
EC6F   42                     LD   b,d   
EC70   CD 28 E9               CALL   l0x31ff   
EC73   E1                     POP   hl   
EC74   ED 5B 26 09            LD   de,(disptr)   
EC78                L0X3539:      
EC78   23                     INC   hl   
EC79   7E                     LD   a,(hl)   
EC7A   12                     LD   (de),a   
EC7B   13                     INC   de   
EC7C   CB 7F                  BIT   7,a   
EC7E   28 F8                  JR   z,l0x3539   
EC80   EB                     EX   de,hl   
EC81   2B                     DEC   hl   
EC82   CB BE                  RES   7,(hl)   
EC84   23                     INC   hl   
EC85   22 26 09               LD   (disptr),hl   
EC88   B7                     OR   a   
EC89   C9                     RET      
EC8A                L0X354B:      
EC8A   2A 26 09               LD   hl,(disptr)   
EC8D   FE DD                  CP   0DDH   
EC8F   20 07                  JR   nz,l0x3559   
EC91   36 44                  LD   (hl),44H   
EC93   23                     INC   hl   
EC94   3E 11                  LD   a,11H   
EC96   18 09                  JR   l0x3562   
EC98                L0X3559:      
EC98   FE FD                  CP   0FDH   
EC9A   20 37                  JR   nz,l0x3590   
EC9C   36 46                  LD   (hl),46H   
EC9E   23                     INC   hl   
EC9F   3E 22                  LD   a,22H   
ECA1                L0X3562:      
ECA1   32 28 09               LD   (disflag),a   
ECA4   36 44                  LD   (hl),44H   
ECA6   23                     INC   hl   
ECA7   23                     INC   hl   
ECA8   22 26 09               LD   (disptr),hl   
ECAB   2A 29 09               LD   hl,(disfrom)   
ECAE   23                     INC   hl   
ECAF   4E                     LD   c,(hl)   
ECB0   7E                     LD   a,(hl)   
ECB1   22 29 09               LD   (disfrom),hl   
ECB4   FE 36                  CP   36H   
ECB6   E5                     PUSH   hl   
ECB7   CC 26 E9               CALL   z,l0x31fd   
ECBA   79                     LD   a,c   
ECBB   E6 FE                  AND   0FEH   
ECBD   FE 34                  CP   34H   
ECBF   06 02                  LD   b,02H   
ECC1   CC 28 E9               CALL   z,l0x31ff   
ECC4   E1                     POP   hl   
ECC5   7E                     LD   a,(hl)   
ECC6   FE E9                  CP   0E9H   
ECC8   28 06                  JR   z,l0x358d   
ECCA   FE F9                  CP   0F9H   
ECCC   28 02                  JR   z,l0x358d   
ECCE   FE E3                  CP   0E3H   
ECD0                L0X358D:      
ECD0   28 73                  JR   z,l0x360a   
ECD2   79                     LD   a,c   
ECD3                L0X3590:      
ECD3   C3 12 E9               JP   l0x31e9   
ECD6                L0X3593:      
ECD6   2A 29 09               LD   hl,(disfrom)   
ECD9   2B                     DEC   hl   
ECDA   2B                     DEC   hl   
ECDB   22 29 09               LD   (disfrom),hl   
ECDE   CD 2D E8               CALL   l0x3106   
ECE1                L0X35A6:      
ECE1   1F                     RRA      
ECE2   1F                     RRA      
ECE3   1F                     RRA      
ECE4   FE 04                  CP   04H   
ECE6   C0                     RET   nz   
ECE7   3A 28 09               LD   a,(disflag)   
ECEA   0F                     RRCA      
ECEB   30 03                  JR   nc,l0x35b5   
ECED   3E F3                  LD   a,0F3H   
ECEF   C9                     RET      
ECF0                L0X35B5:      
ECF0   0F                     RRCA      
ECF1   30 03                  JR   nc,l0x35bb   
ECF3   3E FA                  LD   a,0FAH   
ECF5   C9                     RET      
ECF6                L0X35BB:      
ECF6   3E 04                  LD   a,04H   
ECF8   C9                     RET      
ECF9   01 08 00               LD   bc,0008H   
ECFC   CD 32 E8               CALL   l0x310b   
ECFF   CD 08 ED               CALL   l0x35cd   
ED02   01 0B 00               LD   bc,000BH   
ED05   C3 32 E8               JP   l0x310b   
ED08                L0X35CD:      
ED08   3A 28 09               LD   a,(disflag)   
ED0B   06 00                  LD   b,00H   
ED0D   0F                     RRCA      
ED0E   30 04                  JR   nc,l0x35d9   
ED10   0E 0D                  LD   c,0DH   
ED12   18 09                  JR   l0x35e2   
ED14                L0X35D9:      
ED14   0F                     RRCA      
ED15   30 04                  JR   nc,l0x35e0   
ED17   0E 14                  LD   c,14H   
ED19   18 02                  JR   l0x35e2   
ED1B                L0X35E0:      
ED1B   0E 04                  LD   c,04H   
ED1D                L0X35E2:      
ED1D   3E 02                  LD   a,02H   
ED1F   C3 34 E8               JP   l0x310d   
ED22                L0X35E7:      
ED22   3A 28 09               LD   a,(disflag)   
ED25   0F                     RRCA      
ED26                L0X35EB:      
ED26   38 AE                  JR   c,l0x3593   
ED28   0F                     RRCA      
ED29   38 FB                  JR   c,l0x35eb   
ED2B   C3 2D E8               JP   l0x3106   
ED2E                L0X35F3:      
ED2E   2A 29 09               LD   hl,(disfrom)   
ED31   5E                     LD   e,(hl)   
ED32   AF                     XOR   a   
ED33   CB 7B                  BIT   7,e   
ED35   28 01                  JR   z,l0x35fd   
ED37   2F                     CPL      
ED38                L0X35FD:      
ED38   57                     LD   d,a   
ED39   23                     INC   hl   
ED3A   19                     ADD   hl,de   
ED3B   C3 B3 E8               JP   l0x318a   
ED3E                L0X3603:      
ED3E   E1                     POP   hl   
ED3F   F1                     POP   af   
ED40   E5                     PUSH   hl   
ED41   F5                     PUSH   af   
ED42   C3 94 E9               JP   l0x326b   
ED45                L0X360A:      
ED45   79                     LD   a,c   
ED46   CD 5C EC               CALL   l0x351d   
ED49                L0X360E:      
ED49   2B                     DEC   hl   
ED4A   7E                     LD   a,(hl)   
ED4B   FE 48                  CP   48H   
ED4D   20 FA                  JR   nz,l0x360e   
ED4F   36 49                  LD   (hl),49H   
ED51   23                     INC   hl   
ED52   36 58                  LD   (hl),58H   
ED54   3A 28 09               LD   a,(disflag)   
ED57   0F                     RRCA      
ED58   D8                     RET   c   
ED59   34                     INC   (hl)   
ED5A   C9                     RET      
ED5B                             ; 
ED5B                             ;start of loopup tables
ED5B                             ;org 3620
ED5B                TABLEOPS:      
ED5B   49                     DB   49H   ;I 82 < WHERE "82H" IS THE INDEX HERE
ED5C   4C C4 00               DB   4CH,0C4H,00H   ;LD 83
ED5F   41 44 C4               DB   41H,44H,0C4H   ;ADD 86
ED62   41 44 C3               DB   41H,44H,0C3H   ;ADC 89
ED65   53 55 C2               DB   53H,55H,0C2H   ;SUB 8C
ED68   53 42 C3               DB   53H,42H,0C3H   ;SBC 8F
ED6B   41 4E C4               DB   41H,4EH,0C4H   ;AND 92
ED6E   58 4F D2               DB   58H,4FH,0D2H   ;XOR 95
ED71   4F D2 00               DB   4FH,0D2H,00H   ;OR 98
ED74   43 D0 00               DB   43H,0D0H,00H   ;CP 9B
ED77   52 4C C3               DB   52H,4CH,0C3H   ;RLC 9E
ED7A   52 52 C3               DB   52H,52H,0C3H   ;RRC A1
ED7D   52 CC 00               DB   52H,0CCH,00H   ;RL A4
ED80   52 D2 00               DB   52H,0D2H,00H   ;RR A7
ED83   53 4C C1               DB   53H,4CH,0C1H   ;SLA AA
ED86   53 52 C1               DB   53H,52H,0C1H   ;SRA AD
ED89   53 52 CC               DB   53H,52H,0CCH   ;SRL B0
ED8C   42 49 D4               DB   42H,49H,0D4H   ;BIT B3
ED8F   52 45 D3               DB   52H,45H,0D3H   ;RES B6
ED92   53 45 D4               DB   53H,45H,0D4H   ;SET B9
ED95   49 4E C3               DB   49H,4EH,0C3H   ;INC BC
ED98   44 45 C3               DB   44H,45H,0C3H   ;DEC BF
ED9B   52 53 D4               DB   52H,53H,0D4H   ;RST C2
ED9E   52 45 D4               DB   52H,45H,0D4H   ;RET C5
EDA1   43 41 4C CC            DB   43H,41H,4CH,0CCH   ;CALL C8
EDA5   4A D0                  DB   4AH,0D0H   ;JP CC
EDA7   50 4F D0               DB   50H,4FH,0D0H   ;POP CE
EDAA   50 55 53 C8            DB   50H,55H,53H,0C8H   ;PUSH D1
EDAE   4A D2                  DB   4AH,0D2H   ;JR D5
EDB0   45 D8                  DB   45H,0D8H   ;EX D7
EDB2   44 4A 4E DA            DB   44H,4AH,4EH,0DAH   ;DJNZ D9
EDB6                             ; 
EDB6                TABLEFLG:      
EDB6   4E DA                  DB   4EH,0DAH   ;NZ DD
EDB8   DA 20                  DB   0DAH,20H   ;Z_ DF
EDBA   4E C3                  DB   4EH,0C3H   ;NC E1
EDBC   C3 00                  DB   0C3H,00H   ;C_E3
EDBE   50 CF                  DB   50H,0CFH   ;PO E5
EDC0   50 C5                  DB   50H,0C5H   ;PE E7
EDC2   D0 00                  DB   0D0H,00H   ;P_ E9
EDC4   CD 00                  DB   0CDH,00H   ;M_ EB
EDC6   4F 55 D4               DB   4FH,55H,0D4H   ;OUT ED
EDC9   49 CE                  DB   49H,0CEH   ;IN F0
EDCB                             ; 
EDCB                TABLEOBT:      
EDCB   00 4E 4F D0            DB   00H,4EH,4FH,0D0H   ;NOP
EDCF   07 52 4C 43 C1         DB   07H,52H,4CH,43H,0C1H   ;RLCA
EDD4   08 45 58 20 41 46 2C 41 46 A7 DB   08H,45H,58H,20H,41H,46H,2CH,41H,46H,0A7H   ;EX AF,AF'
EDDE   0F 52 52 43 C1         DB   0FH,52H,52H,43H,0C1H   ;RRCA
EDE3   17 52 4C C1            DB   17H,52H,4CH,0C1H   ;RLA
EDE7   1F 52 52 C1            DB   1FH,52H,52H,0C1H   ;RRA
EDEB   27 44 41 C1            DB   27H,44H,41H,0C1H   ;DAA
EDEF   2F 43 50 CC            DB   2FH,43H,50H,0CCH   ;CPL
EDF3   37 53 43 C6            DB   37H,53H,43H,0C6H   ;SCF
EDF7   3F 43 43 C6            DB   3FH,43H,43H,0C6H   ;CCF
EDFB   76 48 41 4C D4         DB   76H,48H,41H,4CH,0D4H   ;HALT
EE00   C9 52 45 D4            DB   0C9H,52H,45H,0D4H   ;RET
EE04   D9 45 58 D8            DB   0D9H,45H,58H,0D8H   ;EXX
EE08   E3 45 58 20 28 53 50 29 2C 48 CC DB   0E3H,45H,58H,20H,28H,53H,50H,29H,2CH,48H,0CCH   ;EX (SP),HL
EE13   E9 4A 50 20 28 48 4C A9 DB   0E9H,4AH,50H,20H,28H,48H,4CH,0A9H   ;JP (HL)
EE1B   EB 45 58 20 44 45 2C 48 CC DB   0EBH,45H,58H,20H,44H,45H,2CH,48H,0CCH   ;EX DE,HL
EE24   F3 44 C9               DB   0F3H,44H,0C9H   ;DI
EE27   F9 4C 44 20 53 50 2C 48 CC DB   0F9H,4CH,44H,20H,53H,50H,2CH,48H,0CCH   ;LD SP,HL
EE30   FB 45 C9               DB   0FBH,45H,0C9H   ;EI
EE33                             ; 
EE33                TABLEEXC:      
EE33   44 4E 45 C7            DB   44H,4EH,45H,0C7H   ;NEG
EE37   45 52 45 54 CE         DB   45H,52H,45H,54H,0CEH   ;RETN
EE3C   46 49 4D 20 B0         DB   46H,49H,4DH,20H,0B0H   ;IM 0
EE41   47 4C 44 20 49 2C C1   DB   47H,4CH,44H,20H,49H,2CH,0C1H   ;LD I,A
EE48   4D 52 45 54 C9         DB   4DH,52H,45H,54H,0C9H   ;RETI
EE4D   4F 4C 44 20 52 2C C1   DB   4FH,4CH,44H,20H,52H,2CH,0C1H   ;LD R,A
EE54   56 49 4D 20 B1         DB   56H,49H,4DH,20H,0B1H   ;IM 1
EE59   57 4C 44 20 41 2C C9   DB   57H,4CH,44H,20H,41H,2CH,0C9H   ;LD A,I
EE60   5E 49 4D 20 B2         DB   5EH,49H,4DH,20H,0B2H   ;IM 2
EE65   5F 4C 44 20 41 2C D2   DB   5FH,4CH,44H,20H,41H,2CH,0D2H   ;LD A,R
EE6C   67 52 52 C4            DB   67H,52H,52H,0C4H   ;RRD
EE70   6F 52 4C C4            DB   6FH,52H,4CH,0C4H   ;RLD
EE74   A0 4C 44 C9            DB   0A0H,4CH,44H,0C9H   ;LDI
EE78   A1 43 50 C9            DB   0A1H,43H,50H,0C9H   ;CPI
EE7C   A2 49 4E C9            DB   0A2H,49H,4EH,0C9H   ;INI
EE80   A3 4F 55 54 C9         DB   0A3H,4FH,55H,54H,0C9H   ;OUTI
EE85   A8 4C 44 C4            DB   0A8H,4CH,44H,0C4H   ;LDD
EE89   A9 43 50 C4            DB   0A9H,43H,50H,0C4H   ;CPD
EE8D   AA 49 4E C4            DB   0AAH,49H,4EH,0C4H   ;IND
EE91   AB 4F 55 54 C4         DB   0ABH,4FH,55H,54H,0C4H   ;OUTD
EE96   B0 4C 44 49 D2         DB   0B0H,4CH,44H,49H,0D2H   ;LDIR
EE9B   B1 43 50 49 D2         DB   0B1H,43H,50H,49H,0D2H   ;CPIR
EEA0   B2 49 4E 49 D2         DB   0B2H,49H,4EH,49H,0D2H   ;INIR
EEA5   B3 4F 54 49 D2         DB   0B3H,4FH,54H,49H,0D2H   ;OTIR
EEAA   B8 4C 44 44 D2         DB   0B8H,4CH,44H,44H,0D2H   ;LDDR
EEAF   B9 43 50 44 D2         DB   0B9H,43H,50H,44H,0D2H   ;CPDR
EEB4   BA 49 4E 44 D2         DB   0BAH,49H,4EH,44H,0D2H   ;INDR
EEB9   BB 4F 54 44 D2         DB   0BBH,4FH,54H,44H,0D2H   ;OTDR
EEBE                             ; 
EEBE                TABLEREG:      
EEBE   42 43                  DB   42H,43H   ;BC
EEC0   44 45                  DB   44H,45H   ;DE
EEC2   48 4C                  DB   48H,4CH   ;HL
EEC4   2C 41                  DB   2CH,41H   ;,A
EEC6   28 48 4C 29            DB   28H,48H,4CH,29H   ;(HL)
EECA   28 49 58 2B 20 1F 29   DB   28H,49H,58H,2BH,20H,1FH,29H   ;(IX+__)
EED1   28 49 59 2B 20 1F 29   DB   28H,49H,59H,2BH,20H,1FH,29H   ;(IY+__)
EED8                             ; 
EED8                TABLESREG:      
EED8   42                     DB   42H   ;B
EED9   43                     DB   43H   ;C
EEDA   44                     DB   44H   ;D
EEDB   45                     DB   45H   ;E
EEDC   48                     DB   48H   ;H
EEDD   4C                     DB   4CH   ;L
EEDE   53                     DB   53H   ;S
EEDF   50                     DB   50H   ;P
EEE0   28 43 29               DB   28H,43H,29H   ;(C)
EEE3                             ; 
EEE3   FF FF FF FF FF FF FF FF FF FF DB   0FFH,0FFH,0FFH,0FFH,0FFH,0FFH,0FFH,0FFH,0FFH,0FFH   ;FILL
EEED                             ;Sound and Music Routine.
EEED                             ;------------------------
EEED                             ; Based on Mon1 routine by J. Hardy and modified to work at 4Mhz
EEED                             ; By B. Chiha
EEED                             ; This routine will play a series of notes based on data in memory
EEED                             ; To play a note use a reference between 01H and 18H.  Where
EEED                             ; 01H is the lowest and 18h is the highest.  Use 00H to make a pause
EEED                             ; and any value greater then 18H to exit.
EEED                             ; 
EEED                             ; Note reference table is as follows:
EEED                             ; +-----------+
EEED                             ; |  G  | 01H |
EEED                             ; |  G# | 02H |     Exit = 1FH
EEED                             ; |  A  | 03H |
EEED                             ; |  A# | 04H |
EEED                             ; |  B  | 05H |
EEED                             ; |  C  | 06H |
EEED                             ; |  C# | 07H |
EEED                             ; |  D  | 08H |
EEED                             ; |  D# | 09H |
EEED                             ; |  E  | 0AH |
EEED                             ; |  F  | 0BH |
EEED                             ; |  F# | 0CH |
EEED                             ; |  G  | 0DH |
EEED                             ; |  G# | 0EH |
EEED                             ; |  A  | 0FH |
EEED                             ; |  A# | 10H |
EEED                             ; |  B  | 11H |
EEED                             ; |  C  | 12H |
EEED                             ; |  C# | 13H |
EEED                             ; |  D  | 14H |
EEED                             ; |  D# | 15H |
EEED                             ; |  E  | 16H |
EEED                             ; |  F  | 17H |
EEED                             ; |  F# | 18H |
EEED                             ; +-----------+
EEED                PLAYTUNEMENU:      
EEED   21 74 EF               LD   hl,tuneParams   ;get tune parameters
EEF0   CD 7E CF               CALL   paramDriver   ;collect parameters
EEF3   ED 5B C0 08            LD   de,(DATA_FROM)   ;get start address
EEF7                PLAYTUNE:      
EEF7   1A                     LD   a,(de)   ;put note index in A
EEF8   13                     INC   de   ;move to next note
EEF9   FE 19                  CP   19H   ;is it of of range?
EEFB   D0                     RET   nc   ;exit if it is
EEFC   B7                     OR   a   ;is it a pause?
EEFD   28 19                  JR   z,tunePause   ;yes, do a pause
EEFF   21 44 EF               LD   hl,FREQ_TABLE   ;load HL with frequency table
EF02   3D                     DEC   a   ;fix indexing
EF03   87                     ADD   a,a   ;double A
EF04   85                     ADD   a,l   ;index HL
EF05   6F                     LD   l,a   ;and
EF06   3E 00                  LD   a,0   ;ensure
EF08   8C                     ADC   a,h   ;H is set
EF09   67                     LD   h,a   ;correctly
EF0A   7E                     LD   a,(hl)   ;get wavelength
EF0B   C5                     PUSH   bc   ;save BC
EF0C   47                     LD   b,a   
EF0D   23                     INC   hl   
EF0E   7E                     LD   a,(hl)   ;get frequency
EF0F   6F                     LD   l,a   ;set HL = A
EF10   26 00                  LD   h,0   
EF12   CD 29 EF               CALL   playNote   ;play the tone
EF15   C1                     POP   bc   ;restore BC
EF16   18 DF                  JR   playTune   ;play next note
EF18                TUNEPAUSE:      
EF18   E5                     PUSH   hl   ;save HL
EF19   21 00 20               LD   hl,2000h   ;some time delay
EF1C   D5                     PUSH   de   ;save DE
EF1D   11 01 00               LD   de,1   ;load DE with 1
EF20   ED 52                  SBC   hl,de   ;subtract 1 from HL
EF22   D2 20 EF               JP   nc,$-2   ;repeat subtraction until HL=0
EF25   D1                     POP   de   ;restore DE
EF26   E1                     POP   hl   ;restore HL
EF27   18 CE                  JR   playTune   ;play next note
EF29                             ; Play a note.  Play a note with a given frequency and wavelength
EF29                             ; Input: HL = frequency (01-7F)
EF29                             ;        B = wavelength (00-FF)
EF29                             ; Destroys: HL, BC, A
EF29                PLAYNOTE:      
EF29   29                     ADD   hl,hl   ;double HL
EF2A   29                     ADD   hl,hl   ;double again for 4Mhz
EF2B   AF                     XOR   a   ;clear A
EF2C   D5                     PUSH   de   ;save DE
EF2D   11 01 00               LD   de,1   ;set DE=1
EF30   48                     LD   c,b   ;save wavelength
EF31                NOTELOOP:      
EF31   D3 01                  OUT   (DIGITS),a   ;toggle speaker bit
EF33   06 03                  LD   b,3   ;elongate wavelength
EF35   C5                     PUSH   bc   ;save BC
EF36   41                     LD   b,c   ;get wavelength
EF37   10 FE                  DJNZ   $   ;loop for wavelength
EF39   C1                     POP   bc   ;restore BC
EF3A   10 F9                  DJNZ   $-5   ;loop 3 times
EF3C   EE 80                  XOR   80H   ;invert bit 7 of A (speaker bit)
EF3E   ED 52                  SBC   hl,de   ;HL = HL - 1
EF40   20 EF                  JR   nz,noteLoop   ;repeat for frequency
EF42   D1                     POP   de   ;restore DE
EF43   C9                     RET      
EF44                             ; frequency table, contains wavelength and frequency combined sequentially
EF44                FREQ_TABLE:      
EF44   8C 19 83 1A 7C 1C 75 1D DB   8CH,19H,83H,1AH,7CH,1CH,75H,1DH   
EF4C   70 1E 67 20 62 23 5C 25 DB   70H,1EH,67H,20H,62H,23H,5CH,25H   
EF54   57 27 52 29 4E 2C 48 2E DB   57H,27H,52H,29H,4EH,2CH,48H,2EH   
EF5C   45 31 41 33 3C 37 39 3A DB   45H,31H,41H,33H,3CH,37H,39H,3AH   
EF64   36 3D 32 41 2F 45 2C 49 DB   36H,3DH,32H,41H,2FH,45H,2CH,49H   
EF6C   2A 4D 27 52 25 57 23 5C DB   2AH,4DH,27H,52H,25H,57H,23H,5CH   
EF74                TUNEPARAMS:      
EF74   01                     DB   1   ;Three parameters
EF75   54 55 4E 45 20 20      DB   "TUNE  "   ;7seg text
EF7B   3D 20 45 6E 74 65 72 20 50 61 72 61 6D 65 74 65 72 73 20 3D 00 DB   "= Enter Parameters =",0   ;Parameter title
EF90   53 74 61 72 74 20 41 64 64 72 65 73 73 3A 00 DB   "Start Address:",0   ;Text and Address
EF9F   C0 08                  DW   DATA_FROM   
EFA1                             ;*************************************************************
EFA1                             ; 
EFA1                             ;                 TINY BASIC FOR ZILOG Z80
EFA1                             ;                       VERSION 2.0
EFA1                             ;                     BY LI-CHEN WANG
EFA1                             ; 
EFA1                             ;                  MODIFIED AND TRANSLATED
EFA1                             ;                    TO INTEL MNEMONICS
EFA1                             ;                     BY ROGER RAUSKOLB
EFA1                             ;                      10 OCTOBER,1976
EFA1                             ; 
EFA1                             ;                  MODIFIED AND TRANSLATED
EFA1                             ;                    TO ZILOG MNEMONICS
EFA1                             ;                      BY DOUG GABBARD
EFA1                             ;            www.retrodepot.net
EFA1                             ; 
EFA1                             ;                  MODIFIED AND FIXED TO WORK
EFA1                             ;                  ON THE TEC-1G Z80 SBC USING
EFA1                             ;                  ON BOARD BIT BANG SERIAL
EFA1                             ;                  BY BRIAN CHIHA, OCT 2023
EFA1                             ; 
EFA1                             ;           RELEASED TO THE PUBLIC
EFA1                             ;                      10 OCTOBER,2017
EFA1                             ;                  YEAH, 41 YEARS LATER....
EFA1                             ; 
EFA1                             ;                         @COPYLEFT
EFA1                             ;                   ALL WRONGS RESERVED
EFA1                             ; 
EFA1                             ;*************************************************************
EFA1                             ; This code is derived from the original 8080 Tiny Basic.
EFA1                             ; It was first compiled in 8080 Mnemonics, then disassembled
EFA1                             ; into Zilog Mnemonics.  And then checked against the original
EFA1                             ; to ensure accuracy.  It was then partially enhanced with z80
EFA1                             ; specific code. And once done, it was then modified to work
EFA1                             ; with the G80-S Micro Computer. However, that portion of the
EFA1                             ; code has been left out in order to make this code a little
EFA1                             ; more portable.  There are only three routines that one needs
EFA1                             ; to write, and specifing the serial port's I/O address, in
EFA1                             ; order to make this version work with your own DIY computer.
EFA1                             ; Those routines can be found at the end of the source code.
EFA1                             ; 
EFA1                             ; I hope you find good use for this relic. However, I would
EFA1                             ; ask that if you do find use for it, please put a reference
EFA1                             ; to me in your work. And please, distribute freely.
EFA1                             ;*************************************************************
EFA1                             ; Modified to work on the TEC-1F using Bit Bang Serial
EFA1                             ; TEC 1F Contants
EFA1                             ; BAUD:	         .equ	 001BH           ; BAUD 4800 delay
EFA1                             ; SYS_INPUT:          .equ     03H             ; Keyboard Bit 7 (INPUT)
EFA1                             ; SCAN:            .equ     01H             ; Segment Scan Bit 6 (OUTPUT)
EFA1                             ;TINY BASIC CONSTANTS
EFA1                             ;ASCII CONTROL CHARACTERS
EFA1                SPACE:    EQU   20H   ; Space
EFA1                TAB:      EQU   09H   ; HORIZONTAL TAB
EFA1                CTRLC:    EQU   03H   ; Control "C"
EFA1                CTRLG:    EQU   07H   ; Control "G"
EFA1                BKSP:     EQU   08H   ; Back space
EFA1                LF:       EQU   0AH   ; Line feed
EFA1                VT:       EQU   0BH   ; Vertical tab
EFA1                CS:       EQU   0CH   ; Clear screen
EFA1                CR:       EQU   0DH   ; Carriage return
EFA1                CTRLO:    EQU   0FH   ; Control "O"
EFA1                CTRLQ:    EQU   11H   ; Control "Q"
EFA1                CTRLD:    EQU   04H   ; Control "D"
EFA1                CTRLU:    EQU   15H   ; Control "U"
EFA1                CTRLZ:    EQU   1AH   ; Control "Z"
EFA1                ESC:      EQU   1BH   ; Escape
EFA1                DEL:      EQU   7FH   ; Delete
EFA1                             ;LOCAL VARIABLES
EFA1                OCSW:     EQU   17C0H   ;SWITCH FOR OUTPUT
EFA1                CURRNT:   EQU   OCSW+1   ;POINTS FOR OUTPUT
EFA1                STKGOS:   EQU   OCSW+3   ;SAVES SP IN "GOSUB"
EFA1                VARNXT:   EQU   OCSW+5   ;TEMP STORAGE
EFA1                STKINP:   EQU   OCSW+7   ;SAVES SP IN "INPUT"
EFA1                LOPVAR:   EQU   OCSW+9   ;"FOR" LOOP SAVE AREA
EFA1                LOPINC:   EQU   OCSW+11   ;INCREMENT
EFA1                LOPLMT:   EQU   OCSW+13   ;LIMIT
EFA1                LOPLN:    EQU   OCSW+15   ;LINE NUMBER
EFA1                LOPPT:    EQU   OCSW+17   ;TEXT POINTER
EFA1                RANPNT:   EQU   OCSW+19   ;RANDOM NUMBER POINTER
EFA1                TXTUNF:   EQU   OCSW+21   ;->UNFILLED TEXT AREA
EFA1                TXTBGN:   EQU   OCSW+23   ;TEXT SAVE AREA BEGINS
EFA1                TXTEND:   EQU   3E00H   ;TEXT SAVE AREA ENDS
EFA1                             ;STACK, VARIABLES AND INPUT BUFFER
EFA1                VARBGN:   EQU   3E00H   ;VARIABLE LOCATION (SIZE OF 55)
EFA1                BUFFER:   EQU   3E37H   ;INPUT BUFFER (SIZE OF 80)
EFA1                BUFEND:   EQU   3E87H   ;BUFFER END
EFA1                STKLMT:   EQU   3E88H   ;TOP LIMIT FOR STACK
EFA1                STACK:    EQU   3EFFH   ;STACK
EFA1                             ;*************************************************************
EFA1                             ; *** ZERO PAGE SUBROUTINES ***
EFA1                             ; 
EFA1                             ; THE Z80 INSTRUCTION SET ALLOWS FOR 8 ROUTINES IN LOW MEMORY
EFA1                             ; THAT MAY BE CALLED BY RST 00H, 08H, 10H, 18H, 20H, 28H, 30H,
EFA1                             ; AND 38H.  THIS IS A ONE BYTE INSTRUCTION, AND IS FUNCTIONALLY
EFA1                             ; SIMILAR TO THE THREE BYTE INSTRUCTION "CALL XXXX". TINY BASIC
EFA1                             ; WILL USE THE RST INSTRUCTION FOR THE 7 MOST FREQUENTLY USED
EFA1                             ; SUBROUTINES. TWO OTHER SUBROUTINES (CRLF & TSTNUM) ARE ALSO
EFA1                             ; IN THIS SECTION. THEY CAN BE REACHED WITH "CALL".
EFA1                             ;*************************************************************
EFA1                             ; DWA:    MACRO WHERE
EFA1                             ;         .db   (WHERE >> 8) & 0FFH
EFA1                             ; ;        .db   (WHERE >> 8) + 128
EFA1                             ;         .db   WHERE & 0FFH
EFA1                             ;         ENDM
EFA1                             ; .macro DWA
EFA1                             ;         .db (%%1 >> 8) & 0FFH
EFA1                             ;         .db %%1 & 0FFH
EFA1                             ; .endm
EFA1                TINYBASIC:      
EFA1   31 FF 3E               LD   SP,STACK   ;*** COLD START ***
EFA4   C3 95 F6               JP   INIT   
EFA7   E3           RST08TB:   EX   (SP),HL   ;*** TSTC OR RST 08H ***
EFA8   CD C6 EF               CALL   RST28TB   ;IGNORE BLANKS AND
EFAB   BE                     CP   (HL)   ;TEST CHARACTER
EFAC   C3 02 F0               JP   TC1   ;REST OF THIS IS AT TC1
EFAF                CRLF:        
EFAF   3E 0D                  LD   A,CR   ;*** CRLF ***
EFB1   F5           RST10TB:   PUSH   AF   ;*** OUTC OR RST 10H ***
EFB2   3A C0 17               LD   A,(OCSW)   ;PRINT CHARACTER ONLY
EFB5   B7                     OR   A   ;IF OCSW SWITCH IS ON
EFB6   C3 B5 F6               JP   OUTC   ;REST OF THIS AT OUTC
EFB9   CD 54 F3     RST18TB:   CALL   EXPR2   ;*** EXPR OR RST 18H ***
EFBC   E5                     PUSH   HL   ;EVALUATE AN EXPRESSION
EFBD   C3 10 F3               JP   EXPR1   ;REST OF IT AT EXPR1
EFC0   7C           RST20TB:   LD   A,H   ;*** COMP OR RST 20H ***
EFC1   BA                     CP   D   ;COMPARE HL WITH DE
EFC2   C0                     RET   NZ   ;RETURN CORRECT C AND
EFC3   7D                     LD   A,L   ;Z FLAGS
EFC4   BB                     CP   E   ;BUT OLD A IS LOST
EFC5   C9                     RET      
EFC6   1A           RST28TB:   LD   A,(DE)   ;*** IGNBLK/RST 28H ***
EFC7   FE 20                  CP   SPACE   ;IGNORE BLANKS
EFC9   C0                     RET   NZ   ;IN TEXT (WHERE DE->)
EFCA   13                     INC   DE   ;AND RETURN THE FIRST
EFCB   18 F9                  JR   RST28TB   ;NON-BLANK CHAR. IN A
EFCD   F1           RST30TB:   POP   AF   ;*** FINISH/RST 30H ***
EFCE   CD B4 F4               CALL   FIN   ;CHECK END OF COMMAND
EFD1   C3 CD F4               JP   QWHAT   ;PRINT "WHAT?" IF WRONG
EFD4   CD C6 EF     RST38TB:   CALL   RST28TB   ;*** TSTV OR RST 38H ***
EFD7   D6 40                  SUB   40H   ;TEST VARIABLES
EFD9   D8                     RET   C   ;C:NOT A VARIABLE
EFDA   20 1A                  JR   NZ,TV1   ;NOT "@" ARRAY
EFDC   13                     INC   DE   ;IT IS THE "@" ARRAY
EFDD   CD 03 F4               CALL   PARN   ;@ SHOULD BE FOLLOWED
EFE0   29                     ADD   HL,HL   ;BY (EXPR) AS ITS INDEX
EFE1   38 56                  JR   C,QHOW   ;IS INDEX TOO BIG?
EFE3   D5                     PUSH   DE   ;WILL IT OVERWRITE
EFE4   EB                     EX   DE,HL   ;TEXT?
EFE5   CD 51 F4               CALL   SIZE   ;FIND SIZE OF FREE
EFE8   CD C0 EF               CALL   RST20TB   ;AND CHECK THAT
EFEB   DA FD F4               JP   C,ASORRY   ;IF SO, SAY "SORRY"
EFEE   21 00 3E               LD   HL,VARBGN   ;IF NOT GET ADDRESS
EFF1   CD 73 F4               CALL   SUBDE   ;OF @(EXPR) AND PUT IT
EFF4   D1                     POP   DE   ;IN HL
EFF5   C9                     RET      ;C FLAG IS CLEARED
EFF6                TV1:         
EFF6   FE 1B                  CP   1BH   ;NOT @, IS IT A TO Z?
EFF8   3F                     CCF      ;IF NOT RETURN C FLAG
EFF9   D8                     RET   C   
EFFA   13                     INC   DE   ;IF A THROUGH Z
EFFB   21 00 3E               LD   HL,VARBGN   ;COMPUTE ADDRESS OF
EFFE   07                     RLCA      ;THAT VARIABLE
EFFF   85                     ADD   A,L   ;AND RETURN IT IN HL
F000   6F                     LD   L,A   ;WITH C FLAG CLEARED
F001                             ;        XOR A
F001                             ;        ADC A,H
F001                             ;        LD H,A
F001   C9                     RET      
F002                TC1:         
F002   23                     INC   HL   ;COMPARE THE BYTE THAT
F003   28 07                  JR   Z,TC2   ;FOLLOWS THE RST INST.
F005   C5                     PUSH   BC   ;WITH THE TEXT (DE->)
F006   4E                     LD   C,(HL)   ;IF NOT =, ADD THE 2ND
F007   06 00                  LD   B,00H   ;BYTE THAT FOLLOWS THE
F009   09                     ADD   HL,BC   ;RST TO THE OLD PC
F00A   C1                     POP   BC   ;I.E., DO A RELATIVE
F00B   1B                     DEC   DE   ;JUMP IF NOT =
F00C                TC2:         
F00C   13                     INC   DE   ;IF =, SKIP THOSE BYTES
F00D   23                     INC   HL   ;AND CONTINUE
F00E   E3                     EX   (SP),HL   
F00F   C9                     RET      
F010                TSTNUM:      
F010   21 00 00               LD   HL,0000H   ;*** TSTNUM ***
F013   44                     LD   B,H   ;TEST IF THE TEXT IS
F014   CD C6 EF               CALL   RST28TB   ;A NUMBER
F017                TN1:         
F017   FE 30                  CP   "0"   ;IF NOT, RETURN 0 IN
F019   D8                     RET   C   ;B AND HL
F01A   FE 3A                  CP   ":"   ;IF NUMBERS, CONVERT
F01C   D0                     RET   NC   ;TO BINARY IN HL AND
F01D   3E F0                  LD   A,0F0H   ;SET B TO # OF DIGITS
F01F   A4                     AND   H   ;IF H>255, THERE IS NO
F020   20 17                  JR   NZ,QHOW   ;ROOM FOR NEXT DIGIT
F022   04                     INC   B   ;B COUNTS # OF DIGITS
F023   C5                     PUSH   BC   
F024   44                     LD   B,H   ;HL=10*HL+(NEW DIGIT)
F025   4D                     LD   C,L   
F026   29                     ADD   HL,HL   ;WHERE 10* IS DONE BY
F027   29                     ADD   HL,HL   ;SHIFT AND ADD
F028   09                     ADD   HL,BC   
F029   29                     ADD   HL,HL   
F02A   1A                     LD   A,(DE)   ;AND (DIGIT) IS FROM
F02B   13                     INC   DE   ;STRIPPING THE ASCII
F02C   E6 0F                  AND   0FH   ;CODE
F02E   85                     ADD   A,L   
F02F   6F                     LD   L,A   
F030   3E 00                  LD   A,00H   ;DO THIS TO MAINTAIN CARRY FLAG
F032   8C                     ADC   A,H   ;WHILE SETTING A TO ZERO
F033   67                     LD   H,A   
F034   C1                     POP   BC   
F035   1A                     LD   A,(DE)   ;DO THIS DIGIT AFTER
F036   F2 17 F0               JP   P,TN1   ;DIGIT. S SAYS OVERFLOW
F039                QHOW:        
F039   D5                     PUSH   DE   ;*** ERROR "HOW?" ***
F03A                AHOW:        
F03A   11 40 F0               LD   DE,HOW   
F03D   C3 D1 F4               JP   ERROR_ROUTINE   
F040   48 4F 57 3F 0D HOW:    DB   "HOW?",CR   
F045   4F 4B 0D     OK:       DB   "OK",CR   
F048   57 48 41 54 3F 0D WHAT:   DB   "WHAT?",CR   
F04E   53 4F 52 52 59 0D SORRY:   DB   "SORRY",CR   
F054                             ;*************************************************************
F054                             ; 
F054                             ; *** MAIN ***
F054                             ; 
F054                             ; THIS IS THE MAIN LOOP THAT COLLECTS THE TINY BASIC PROGRAM
F054                             ; AND STORES IT IN THE MEMORY.
F054                             ; 
F054                             ; AT START, IT PRINTS OUT "(CR)OK(CR)", AND INITIALIZES THE
F054                             ; STACK AND SOME OTHER INTERNAL VARIABLES.  THEN IT PROMPTS
F054                             ; ">" AND READS A LINE.  IF THE LINE STARTS WITH A NON-ZERO
F054                             ; NUMBER, THIS NUMBER IS THE LINE NUMBER.  THE LINE NUMBER
F054                             ; (IN 16 BIT BINARY) AND THE REST OF THE LINE (INCLUDING CR)
F054                             ; IS STORED IN THE MEMORY.  IF A LINE WITH THE SAME LINE
F054                             ; NUMBER IS ALREADY THERE, IT IS REPLACED BY THE NEW ONE.  IF
F054                             ; THE REST OF THE LINE CONSISTS OF A CR ONLY, IT IS NOT STORED
F054                             ; AND ANY EXISTING LINE WITH THE SAME LINE NUMBER IS DELETED.
F054                             ; 
F054                             ; AFTER A LINE IS INSERTED, REPLACED, OR DELETED, THE PROGRAM
F054                             ; LOOPS BACK AND ASKS FOR ANOTHER LINE.  THIS LOOP WILL BE
F054                             ; TERMINATED WHEN IT READS A LINE WITH ZERO OR NO LINE
F054                             ; NUMBER; AND CONTROL IS TRANSFERED TO "DIRECT".
F054                             ; 
F054                             ; TINY BASIC PROGRAM SAVE AREA STARTS AT THE MEMORY LOCATION
F054                             ; LABELED "TXTBGN" AND ENDS AT "TXTEND".  WE ALWAYS FILL THIS
F054                             ; AREA STARTING AT "TXTBGN", THE UNFILLED PORTION IS POINTED
F054                             ; BY THE CONTENT OF A MEMORY LOCATION LABELED "TXTUNF".
F054                             ; 
F054                             ; THE MEMORY LOCATION "CURRNT" POINTS TO THE LINE NUMBER
F054                             ; THAT IS CURRENTLY BEING INTERPRETED.  WHILE WE ARE IN
F054                             ; THIS LOOP OR WHILE WE ARE INTERPRETING A DIRECT COMMAND
F054                             ; (SEE NEXT SECTION). "CURRNT" SHOULD POINT TO A 0.
F054                             ;*************************************************************
F054                RSTART:      
F054   31 FF 3E               LD   SP,STACK   
F057                ST1:         
F057   3E FF                  LD   A,0FFH   
F059   32 C0 17               LD   (OCSW),A   ;ENSURE OUTPUT IS ON
F05C   CD AF EF               CALL   CRLF   ;AND JUMP TO HERE
F05F   11 45 F0               LD   DE,OK   ;DE->STRING
F062   97                     SUB   A   ;A=0
F063   CD 64 F5               CALL   PRTSTG   ;PRINT STRING UNTIL CR
F066   21 6D F0               LD   HL,ST2+1   ;LITERAL 0 STORED AT STG+1
F069   22 C1 17               LD   (CURRNT),HL   ;CURRENT->LINE # = 0
F06C                ST2:         
F06C   21 00 00               LD   HL,0000H   
F06F   22 C9 17               LD   (LOPVAR),HL   
F072   22 C3 17               LD   (STKGOS),HL   
F075                ST3:         
F075   3E 3E                  LD   A,">"   ;PROMPT ">" AND
F077   CD 02 F5               CALL   GETLN   ;READ A LINE
F07A   D5                     PUSH   DE   ;DE->END OF LINE
F07B   11 37 3E               LD   DE,BUFFER   ;DE->BEGINNING OF LINE
F07E   CD 10 F0               CALL   TSTNUM   ;TEST IF IT IS A NUMBER
F081   CD C6 EF               CALL   RST28TB   
F084   7C                     LD   A,H   ;HL=VALUE OF THE # OR
F085   B5                     OR   L   ;0 IF NO # WAS FOUND
F086   C1                     POP   BC   ;BC->END OF LINE
F087   CA EB F7               JP   Z,DIRECT   
F08A   1B                     DEC   DE   ;BACKUP DE AND SAVE
F08B   7C                     LD   A,H   ;VALUE OF LINE # THERE
F08C   12                     LD   (DE),A   
F08D   1B                     DEC   DE   
F08E   7D                     LD   A,L   
F08F   12                     LD   (DE),A   
F090   C5                     PUSH   BC   ;BC,DE->BEGIN, END
F091   D5                     PUSH   DE   
F092   79                     LD   A,C   
F093   93                     SUB   E   
F094   F5                     PUSH   AF   ;A=# OF BYTES IN LINE
F095   CD 3D F5               CALL   FNDLN   ;FIND THIS LINE IN SAVE
F098   D5                     PUSH   DE   ;AREA, DE->SAVE AREA
F099   20 10                  JR   NZ,ST4   ;NZ:NOT FOUND, INSERT
F09B   D5                     PUSH   DE   ;Z:FOUND, DELETE IT
F09C   CD 5A F5               CALL   FNDNXT   ;FIND NEXT LINE
F09F                             ;DE->NEXT LINE
F09F   C1                     POP   BC   ;BC->LINE TO BE DELETED
F0A0   2A D5 17               LD   HL,(TXTUNF)   ;HL->UNFILLED SAVE AREA
F0A3   CD 3A F6               CALL   MVUP1   ;MOVE UP TO DELETE
F0A6   60                     LD   H,B   ;TXTUNF->UNFILLED ARA
F0A7   69                     LD   L,C   
F0A8   22 D5 17               LD   (TXTUNF),HL   ;UPDATE
F0AB                ST4:         
F0AB   C1                     POP   BC   ;GET READY TO INSERT
F0AC   2A D5 17               LD   HL,(TXTUNF)   ;BUT FIRST CHECK IF
F0AF   F1                     POP   AF   ;THE LENGTH OF NEW LINE
F0B0   E5                     PUSH   HL   ;IS 3 (LINE # AND CR)
F0B1   FE 03                  CP   CTRLC   ;THEN DO NOT INSERT
F0B3   28 9F                  JR   Z,RSTART   ;MUST CLEAR THE STACK
F0B5   85                     ADD   A,L   ;COMPUTE NEW TXTUNF
F0B6   6F                     LD   L,A   
F0B7   3E 00                  LD   A,00H   
F0B9   8C                     ADC   A,H   
F0BA   67                     LD   H,A   ;HL->NEW UNFILLED AREA
F0BB   11 00 3E               LD   DE,TXTEND   ;CHECK TO SEE IF THERE
F0BE   CD C0 EF               CALL   RST20TB   ;IS ENOUGH SPACE
F0C1   D2 FC F4               JP   NC,QSORRY   ;SORRY, NO ROOM FOR IT
F0C4   22 D5 17               LD   (TXTUNF),HL   ;OK, UPDATE TXTUNF
F0C7   D1                     POP   DE   ;DE->OLD UNFILLED AREA
F0C8   CD 44 F6               CALL   MVDOWN   
F0CB   D1                     POP   DE   ;DE->BEGIN, HL->END
F0CC   E1                     POP   HL   
F0CD   CD 3A F6               CALL   MVUP1   ;MOVE NEW LINE TO SAVE
F0D0   18 A3                  JR   ST3   ;AREA
F0D2                             ;*************************************************************
F0D2                             ; 
F0D2                             ; WHAT FOLLOWS IS THE CODE TO EXECUTE DIRECT AND STATEMENT
F0D2                             ; COMMANDS.  CONTROL IS TRANSFERED TO THESE POINTS VIA THE
F0D2                             ; COMMAND TABLE LOOKUP CODE OF "DIRECT" AND "EXEC" IN LAST
F0D2                             ; SECTION.  AFTER THE COMMAND IS EXECUTED, CONTROL IS
F0D2                             ; TRANSFERED TO OTHERS SECTIONS AS FOLLOWS:
F0D2                             ; 
F0D2                             ; FOR "LIST", "NEW", AND "STOP": GO BACK TO "RSTART"
F0D2                             ; FOR "RUN": GO EXECUTE THE FIRST STORED LINE IF ANY, ELSE
F0D2                             ; GO BACK TO "RSTART".
F0D2                             ; FOR "GOTO" AND "GOSUB": GO EXECUTE THE TARGET LINE.
F0D2                             ; FOR "RETURN" AND "NEXT": GO BACK TO SAVED RETURN LINE.
F0D2                             ; FOR ALL OTHERS: IF "CURRENT" -> 0, GO TO "RSTART", ELSE
F0D2                             ; GO EXECUTE NEXT COMMAND.  (THIS IS DONE IN "FINISH".)
F0D2                             ;*************************************************************
F0D2                             ; 
F0D2                             ; *** NEW *** STOP *** RUN (& FRIENDS) *** & GOTO ***
F0D2                             ; 
F0D2                             ; "NEW(CR)" SETS "TXTUNF" TO POINT TO "TXTBGN"
F0D2                             ; 
F0D2                             ; "STOP(CR)" GOES BACK TO "RSTART"
F0D2                             ; 
F0D2                             ; "RUN(CR)" FINDS THE FIRST STORED LINE, STORE ITS ADDRESS (IN
F0D2                             ; "CURRENT"), AND START EXECUTE IT.  NOTE THAT ONLY THOSE
F0D2                             ; COMMANDS IN TAB2 ARE LEGAL FOR STORED PROGRAM.
F0D2                             ; 
F0D2                             ; THERE ARE 3 MORE ENTRIES IN "RUN":
F0D2                             ; "RUNNXL" FINDS NEXT LINE, STORES ITS ADDR. AND EXECUTES IT.
F0D2                             ; "RUNTSL" STORES THE ADDRESS OF THIS LINE AND EXECUTES IT.
F0D2                             ; "RUNSML" CONTINUES THE EXECUTION ON SAME LINE.
F0D2                             ; 
F0D2                             ; "GOTO EXPR(CR)" EVALUATES THE EXPRESSION, FIND THE TARGET
F0D2                             ; LINE, AND JUMP TO "RUNTSL" TO DO IT.
F0D2                             ;*************************************************************
F0D2                NEW:         
F0D2   CD C7 F4               CALL   ENDCHK   ;*** NEW(CR) ***
F0D5   21 D7 17               LD   HL,TXTBGN   
F0D8   22 D5 17               LD   (TXTUNF),HL   
F0DB                STOP:        
F0DB   CD C7 F4               CALL   ENDCHK   ;*** STOP(CR) ***
F0DE   C3 54 F0               JP   RSTART   
F0E1                RUN:         
F0E1   CD C7 F4               CALL   ENDCHK   ;*** RUN(CR) ***
F0E4   11 D7 17               LD   DE,TXTBGN   ;FIRST SAVED LINE
F0E7                RUNNXL:      
F0E7   21 00 00               LD   HL,00H   ;*** RUNNXL ***
F0EA   CD 45 F5               CALL   FNDLP   ;FIND WHATEVER LINE #
F0ED   DA 54 F0               JP   C,RSTART   ;C:PASSED TXTUNF, QUIT
F0F0                RUNTSL:      
F0F0   EB                     EX   DE,HL   ;*** RUNTSL ***
F0F1   22 C1 17               LD   (CURRNT),HL   ;SET "CURRENT"->LINE #
F0F4   EB                     EX   DE,HL   
F0F5   13                     INC   DE   ;BUMP PASS LINE #
F0F6   13                     INC   DE   
F0F7                RUNSML:      
F0F7   CD F4 F6               CALL   CHKIO   ;*** RUNSML ***
F0FA   21 5A F7               LD   HL,TAB2-1   ;FIND COMMAND IN TAB2
F0FD   C3 EE F7               JP   EXEC   ;AND EXECUTE IT
F100                GOTO:        
F100   CD B9 EF               CALL   RST18TB   ;*** GOTO EXPR ***
F103   D5                     PUSH   DE   ;SAVE FOR ERROR ROUTINE
F104   CD C7 F4               CALL   ENDCHK   ;MUST FIND A CR
F107   CD 3D F5               CALL   FNDLN   ;FIND THE TARGET LINE
F10A   C2 3A F0               JP   NZ,AHOW   ;NO SUCH LINE #
F10D   F1                     POP   AF   ;CLEAR THE PUSH DE
F10E   18 E0                  JR   RUNTSL   ;GO DO IT
F110                             ;*************************************************************
F110                             ; 
F110                             ; *** LIST *** & PRINT ***
F110                             ; 
F110                             ; LIST HAS TWO FORMS:
F110                             ; "LIST(CR)" LISTS ALL SAVED LINES
F110                             ; "LIST #(CR)" START LIST AT THIS LINE #
F110                             ; YOU CAN STOP THE LISTING BY CONTROL C KEY
F110                             ; 
F110                             ; PRINT COMMAND IS "PRINT ....;" OR "PRINT ....(CR)"
F110                             ; WHERE "...." IS A LIST OF EXPRESIONS, FORMATS, BACK-
F110                             ; ARROWS, AND STRINGS.  THESE ITEMS ARE SEPERATED BY COMMAS.
F110                             ; 
F110                             ; A FORMAT IS A POUND SIGN FOLLOWED BY A NUMBER.  IT CONTROLS
F110                             ; THE NUMBER OF SPACES THE VALUE OF A EXPRESION IS GOING TO
F110                             ; BE PRINTED.  IT STAYS EFFECTIVE FOR THE REST OF THE PRINT
F110                             ; COMMAND UNLESS CHANGED BY ANOTHER FORMAT.  IF NO FORMAT IS
F110                             ; SPECIFIED, 6 POSITIONS WILL BE USED.
F110                             ; 
F110                             ; IF A & IS THE FIRST CHARACTER, THE NUMBER FOLLOWING IS
F110                             ; PRINTED AS HEXADECIMAL.  IF NUMBER IS GREATER THAN 255
F110                             ; THEN H IS PRINTED FIRST THEN L WITH NO SPACE BETWEEN
F110                             ; 
F110                             ; IF A % IS THE FIRST CHARACTER, THE NUMBER IS PRINTED
F110                             ; AS AN ASCII CHARCTER.  IF THE CARACTER IS NOT PRINTABLE
F110                             ; A "." WILL BE PRINTED.
F110                             ; 
F110                             ; IF A $ IS THE FIRST CHARACTER, THE NUMBER IS PRINTED
F110                             ; AS AN ASCII CHARCTER BUT ALL ASCII CHARACTERS ARE PRINTED
F110                             ; BETWEEN 0 AND 128
F110                             ; 
F110                             ; A STRING IS QUOTED IN A PAIR OF SINGLE QUOTES OR A PAIR OF
F110                             ; DOUBLE QUOTES.
F110                             ; 
F110                             ; A UNDERSCORE MEANS GENERATE A (CR) WITHOUT (LF)
F110                             ; 
F110                             ; A (CRLF) IS GENERATED AFTER THE ENTIRE LIST HAS BEEN
F110                             ; PRINTED OR IF THE LIST IS A NULL LIST.  HOWEVER IF THE LIST
F110                             ; ENDED WITH A COMMA, NO (CRLF) IS GENERATED.
F110                             ;*************************************************************
F110                LIST:        
F110   CD 10 F0               CALL   TSTNUM   ;TEST IF THERE IS A #
F113   CD C7 F4               CALL   ENDCHK   ;IF NO # WE GET A 0
F116   CD 3D F5               CALL   FNDLN   ;FIND THIS OR NEXT LINE
F119                LS1:         
F119   DA 54 F0               JP   C,RSTART   ;C:PASSED TXTUNF
F11C   CD F9 F5               CALL   PRTLN   ;PRINT THE LINE
F11F   CD F4 F6               CALL   CHKIO   ;STOP IF HIT CONTROL-C
F122   CD 45 F5               CALL   FNDLP   ;FIND NEXT LINE
F125   18 F2                  JR   LS1   ;AND LOOP BACK
F127                PRINT:       
F127   0E 06                  LD   C,06H   ;C = # OF SPACES
F129   CD A7 EF               CALL   RST08TB   ;F NULL LIST & ";"
F12C   3B                     DB   ";"   
F12D   05                     DB   PR2-$-1   
F12E   CD AF EF               CALL   CRLF   ;GIVE CR-LF AND
F131   18 C4                  JR   RUNSML   ;CONTINUE SAME LINE
F133                PR2:         
F133   CD A7 EF               CALL   RST08TB   ;IF NULL LIST (CR)
F136   0D                     DB   CR   
F137   05                     DB   PR0-$-1   
F138   CD AF EF               CALL   CRLF   ;ALSO GIVE CR-LF AND
F13B   18 AA                  JR   RUNNXL   ;GO TO NEXT LINE
F13D                PR0:         
F13D   CD A7 EF               CALL   RST08TB   ;ELSE IS IT FORMAT?
F140   23                     DB   "#"   
F141   06                     DB   PR9-$-1   
F142   CD B9 EF               CALL   RST18TB   ;YES, EVALUATE EXPR.
F145   4D                     LD   C,L   ;AND SAVE IT IN C
F146   18 2C                  JR   PR3   ;LOOK FOR MORE TO PRINT
F148                PR9:         
F148   CD A7 EF               CALL   RST08TB   ;ELSE IS IT PRINT AS HEXIDECIMAL?
F14B   26                     DB   "&"   
F14C   08                     DB   PR10-$-1   
F14D   CD B9 EF               CALL   RST18TB   ;YES, EVALUATE EXPR.
F150   CD 1E F6               CALL   PRTHEX   
F153   18 1F                  JR   PR3   
F155                PR10:        
F155   CD A7 EF               CALL   RST08TB   ;ELSE IS IT PRINT AS ASCII?
F158   25                     DB   "%"   ;FOR ASCII PRINTING?
F159   08                     DB   PR11-$-1   
F15A   CD B9 EF               CALL   RST18TB   ;YES, EVALUATE EXPR.
F15D   CD 11 F6               CALL   PRTASC   ;PRINT ONLY PRINTABLE ASCII
F160   18 12                  JR   PR3   
F162                PR11:        
F162   CD A7 EF               CALL   RST08TB   ;ELSE IS IT CHR$?
F165   24                     DB   "$"   
F166   08                     DB   PR1-$-1   
F167   CD B9 EF               CALL   RST18TB   ;YES, EVALUATE EXPR.
F16A   CD 0D F6               CALL   PRTCHR   ;PRINT THE ASCII VALUE
F16D   18 05                  JR   PR3   
F16F                PR1:         
F16F   CD 8A F5               CALL   QTSTG   ;OR IS IT A STRING?
F172   18 10                  JR   PR8   ;IF NOT, MUST BE EXPR.
F174                PR3:         
F174   CD A7 EF               CALL   RST08TB   ;IF ",", GO FIND NEXT
F177   2C                     DB   ","   
F178   05                     DB   PR6-$-1   
F179   CD B4 F4               CALL   FIN   ;IN THE LIST.
F17C   18 BF                  JR   PR0   ;LIST CONTINUES
F17E                PR6:         
F17E   CD AF EF               CALL   CRLF   ;LIST ENDS
F181   CD CD EF               CALL   RST30TB   
F184                PR8:         
F184   CD B9 EF               CALL   RST18TB   ;EVALUATE THE EXPR
F187   C5                     PUSH   BC   
F188   CD B9 F5               CALL   PRTNUM   ;PRINT THE VALUE
F18B   C1                     POP   BC   
F18C   18 E6                  JR   PR3   ;MORE TO PRINT?
F18E                             ;*************************************************************
F18E                             ; 
F18E                             ; *** GOSUB *** & RETURN ***
F18E                             ; 
F18E                             ; "GOSUB EXPR;" OR "GOSUB EXPR (CR)" IS LIKE THE "GOTO"
F18E                             ; COMMAND, EXCEPT THAT THE CURRENT TEXT POINTER, STACK POINTER
F18E                             ; ETC. ARE SAVE SO THAT EXECUTION CAN BE CONTINUED AFTER THE
F18E                             ; SUBROUTINE "RETURN".  IN ORDER THAT "GOSUB" CAN BE NESTED
F18E                             ; (AND EVEN RECURSIVE), THE SAVE AREA MUST BE STACKED.
F18E                             ; THE STACK POINTER IS SAVED IN "STKGOS", THE OLD "STKGOS" IS
F18E                             ; SAVED IN THE STACK.  IF WE ARE IN THE MAIN ROUTINE, "STKGOS"
F18E                             ; IS ZERO (THIS WAS DONE BY THE "MAIN" SECTION OF THE CODE),
F18E                             ; BUT WE STILL SAVE IT AS A FLAG FOR NO FURTHER "RETURN"S.
F18E                             ; 
F18E                             ; "RETURN(CR)" UNDOS EVERYTHING THAT "GOSUB" DID, AND THUS
F18E                             ; RETURN THE EXECUTION TO THE COMMAND AFTER THE MOST RECENT
F18E                             ; "GOSUB".  IF "STKGOS" IS ZERO, IT INDICATES THAT WE
F18E                             ; NEVER HAD A "GOSUB" AND IS THUS AN ERROR.
F18E                             ;*************************************************************
F18E                GOSUB:       
F18E   CD 6D F6               CALL   PUSHA   ;SAVE THE CURRENT "FOR"
F191   CD B9 EF               CALL   RST18TB   ;PARAMETERS
F194   D5                     PUSH   DE   ;AND TEXT POINTER
F195   CD 3D F5               CALL   FNDLN   ;FIND THE TARGET LINE
F198   C2 3A F0               JP   NZ,AHOW   ;NOT THERE. SAY "HOW?"
F19B   2A C1 17               LD   HL,(CURRNT)   ;FOUND IT, SAVE OLD.
F19E   E5                     PUSH   HL   ;"CURRNT" OLD "STKGOS"
F19F   2A C3 17               LD   HL,(STKGOS)   
F1A2   E5                     PUSH   HL   
F1A3   21 00 00               LD   HL,0000H   ;AND LOAD NEW ONES
F1A6   22 C9 17               LD   (LOPVAR),HL   
F1A9   39                     ADD   HL,SP   
F1AA   22 C3 17               LD   (STKGOS),HL   
F1AD   C3 F0 F0               JP   RUNTSL   ;THEN RUN THAT LINE
F1B0                RETURN:      
F1B0   CD C7 F4               CALL   ENDCHK   ;THERE MUST BE A CR
F1B3   2A C3 17               LD   HL,(STKGOS)   ;OLD STACK POINTER
F1B6   7C                     LD   A,H   ;0 MEANS NOT EXIST
F1B7   B5                     OR   L   
F1B8   CA CD F4               JP   Z,QWHAT   ;SO, WE SAY: "WHAT?"
F1BB   F9                     LD   SP,HL   ;ELSE, RESTORE IT
F1BC   E1                     POP   HL   
F1BD   22 C3 17               LD   (STKGOS),HL   ;AND THE OLD "STKGOS"
F1C0   E1                     POP   HL   
F1C1   22 C1 17               LD   (CURRNT),HL   ;AND THE OLD "CURRNT"
F1C4   D1                     POP   DE   ;OLD TEXT POINTER
F1C5   CD 52 F6               CALL   POPA   ;OLD "FOR" PARAMETERS
F1C8   CD CD EF               CALL   RST30TB   ;AND WE ARE BACK HOME
F1CB                             ;*************************************************************
F1CB                             ; 
F1CB                             ; *** FOR *** & NEXT ***
F1CB                             ; 
F1CB                             ; "FOR" HAS TWO FORMS:
F1CB                             ; "FOR VAR=EXP1 TO EXP2 STEP EXP3" AND "FOR VAR=EXP1 TO EXP2"
F1CB                             ; THE SECOND FORM MEANS THE SAME THING AS THE FIRST FORM WITH
F1CB                             ; EXP3=1.  (I.E., WITH A STEP OF +1.)
F1CB                             ; TBI WILL FIND THE VARIABLE VAR, AND SET ITS VALUE TO THE
F1CB                             ; CURRENT VALUE OF EXP1.  IT ALSO EVALUATES EXP2 AND EXP3
F1CB                             ; AND SAVE ALL THESE TOGETHER WITH THE TEXT POINTER ETC. IN
F1CB                             ; THE "FOR" SAVE AREA, WHICH CONSISTS OF "LOPVAR", "LOPINC",
F1CB                             ; "LOPLMT", "LOPLN", AND "LOPPT".  IF THERE IS ALREADY SOME-
F1CB                             ; THING IN THE SAVE AREA (THIS IS INDICATED BY A NON-ZERO
F1CB                             ; "LOPVAR"), THEN THE OLD SAVE AREA IS SAVED IN THE STACK
F1CB                             ; BEFORE THE NEW ONE OVERWRITES IT.
F1CB                             ; TBI WILL THEN DIG IN THE STACK AND FIND OUT IF THIS SAME
F1CB                             ; VARIABLE WAS USED IN ANOTHER CURRENTLY ACTIVE "FOR" LOOP.
F1CB                             ; IF THAT IS THE CASE, THEN THE OLD "FOR" LOOP IS DEACTIVATED.
F1CB                             ; (PURGED FROM THE STACK..)
F1CB                             ; 
F1CB                             ; "NEXT VAR" SERVES AS THE LOGICAL (NOT NECESSARILLY PHYSICAL)
F1CB                             ; END OF THE "FOR" LOOP.  THE CONTROL VARIABLE VAR. IS CHECKED
F1CB                             ; WITH THE "LOPVAR".  IF THEY ARE NOT THE SAME, TBI DIGS IN
F1CB                             ; THE STACK TO FIND THE RIGHT ONE AND PURGES ALL THOSE THAT
F1CB                             ; DID NOT MATCH.  EITHER WAY, TBI THEN ADDS THE "STEP" TO
F1CB                             ; THAT VARIABLE AND CHECK THE RESULT WITH THE LIMIT.  IF IT
F1CB                             ; IS WITHIN THE LIMIT, CONTROL LOOPS BACK TO THE COMMAND
F1CB                             ; FOLLOWING THE "FOR".  IF OUTSIDE THE LIMIT, THE SAVE AREA
F1CB                             ; IS PURGED AND EXECUTION CONTINUES.
F1CB                             ;*************************************************************
F1CB                FOR:         
F1CB   CD 6D F6               CALL   PUSHA   ;SAVE THE OLD SAVE AREA
F1CE   CD 9B F4               CALL   SETVAL   ;SET THE CONTROL VAR.
F1D1   2B                     DEC   HL   ;HL IS ITS ADDRESS
F1D2   22 C9 17               LD   (LOPVAR),HL   ;SAVE THAT
F1D5   21 C6 F7               LD   HL,TAB5-1   ;USE "EXEC" TO LOOK
F1D8   C3 EE F7               JP   EXEC   ;FOR THE WORK "TO"
F1DB                FR1:         
F1DB   CD B9 EF               CALL   RST18TB   ;EVALUATE THE LIMITE
F1DE   22 CD 17               LD   (LOPLMT),HL   ;SAVE THAT
F1E1   21 CC F7               LD   HL,TAB6-1   ;USE "EXEC" TO LOOK
F1E4   C3 EE F7               JP   EXEC   ;FOR THE WORD "STEP"
F1E7                FR2:         
F1E7   CD B9 EF               CALL   RST18TB   ;FOUND IT, GET STEP
F1EA   18 03                  JR   FR4   
F1EC                FR3:         
F1EC   21 01 00               LD   HL,0001H   ;NOT FOUND, SET TO 1
F1EF                FR4:         
F1EF   22 CB 17               LD   (LOPINC),HL   ;SAVE THAT TOO
F1F2                FR5:         
F1F2   2A C1 17               LD   HL,(CURRNT)   ;SAVE CURRENT LINE #
F1F5   22 CF 17               LD   (LOPLN),HL   
F1F8   EB                     EX   DE,HL   ;AND TEXT POINTER
F1F9   22 D1 17               LD   (LOPPT),HL   
F1FC   01 0A 00               LD   BC,0AH   ;DIG INTO STACK TO
F1FF   2A C9 17               LD   HL,(LOPVAR)   ;FIND "LOPVAR"
F202   EB                     EX   DE,HL   
F203   60                     LD   H,B   
F204   68                     LD   L,B   ;HL=0 NOW
F205   39                     ADD   HL,SP   ;HERE IS THE STACK
F206                FR7:         
F206   09                     ADD   HL,BC   ;EACH LEVEL IS 10 DEEP - DIS = 09
F207   7D                     LD   A,L   
F208   81                     ADD   A,C   
F209   38 18                  JR   C,FR8   
F20B   7E                     LD   A,(HL)   
F20C   2B                     DEC   HL   
F20D   BA                     CP   D   ;SAME AS THIS ONE?
F20E   20 F6                  JR   NZ,FR7   
F210   7E                     LD   A,(HL)   ;THE OTHER HALF?
F211   BB                     CP   E   
F212   20 F2                  JR   NZ,FR7   
F214   EB                     EX   DE,HL   ;YES, FOUND ONE
F215   21 00 00               LD   HL,0000H   
F218   39                     ADD   HL,SP   ;TRY TO MOVE SP
F219   44                     LD   B,H   
F21A   4D                     LD   C,L   
F21B   21 0A 00               LD   HL,000AH   
F21E   19                     ADD   HL,DE   
F21F   CD 44 F6               CALL   MVDOWN   ;AND PURGE 10 WORDS
F222   F9                     LD   SP,HL   ;IN THE STACK
F223                FR8:         
F223   2A D1 17               LD   HL,(LOPPT)   ;JOB DONE, RESTORE DE
F226   EB                     EX   DE,HL   
F227   CD CD EF               CALL   RST30TB   ;AND CONTINUE
F22A                             ; 
F22A                NEXT:        
F22A   CD D4 EF               CALL   RST38TB   ;GET ADDRESS OF VAR.
F22D   DA CD F4               JP   C,QWHAT   ;NO VARIABLE, "WHAT?"
F230   22 C5 17               LD   (VARNXT),HL   ;YES, SAVE IT
F233                NX0:         
F233   D5                     PUSH   DE   ;SAVE TEXT POINTER
F234   EB                     EX   DE,HL   
F235   2A C9 17               LD   HL,(LOPVAR)   ;GET VAR. IN "FOR"
F238   7C                     LD   A,H   
F239   B5                     OR   L   ;0 SAYS NEVER HAD ONE
F23A   CA CE F4               JP   Z,AWHAT   ;SO WE ASK: "WHAT?"
F23D   CD C0 EF               CALL   RST20TB   ;ELSE WE CHECK THEM
F240   28 09                  JR   Z,NX3   ;OK, THEY AGREE
F242   D1                     POP   DE   ;NO, LET'S SEE
F243   CD 52 F6               CALL   POPA   ;PURGE CURRENT LOOP
F246   2A C5 17               LD   HL,(VARNXT)   ;AND POP ONE LEVEL
F249   18 E8                  JR   NX0   ;GO CHECK AGAIN
F24B                NX3:         
F24B   5E                     LD   E,(HL)   ;COME HERE WHEN AGREED
F24C   23                     INC   HL   
F24D   56                     LD   D,(HL)   ;DE=VALUE OF VAR.
F24E   2A CB 17               LD   HL,(LOPINC)   
F251   E5                     PUSH   HL   
F252   7C                     LD   A,H   
F253   AA                     XOR   D   
F254   7A                     LD   A,D   
F255   19                     ADD   HL,DE   ;ADD ONE STEP
F256   FA 5D F2               JP   M,NX4   
F259   AC                     XOR   H   
F25A   FA 80 F2               JP   M,NX5   
F25D                NX4:         
F25D   EB                     EX   DE,HL   
F25E   2A C9 17               LD   HL,(LOPVAR)   ;PUT IT BACK
F261   73                     LD   (HL),E   
F262   23                     INC   HL   
F263   72                     LD   (HL),D   
F264   2A CD 17               LD   HL,(LOPLMT)   ;HL->LIMIT
F267   F1                     POP   AF   ;OLD HL
F268   B7                     OR   A   
F269   F2 6D F2               JP   P,NX1   ;STEP > 0
F26C   EB                     EX   DE,HL   ;STEP < 0
F26D                NX1:         
F26D   CD 92 F4               CALL   CKHLDE   ;COMPARE WITH LIMIT
F270   D1                     POP   DE   ;RESTORE TEXT POINTER
F271   38 0F                  JR   C,NX2   ;OUTSIDE LIMIT
F273   2A CF 17               LD   HL,(LOPLN)   ;WITHIN LIMIT, GO
F276   22 C1 17               LD   (CURRNT),HL   ;BACK TO THE SAVED
F279   2A D1 17               LD   HL,(LOPPT)   ;"CURRNT" AND TEXT
F27C   EB                     EX   DE,HL   ;POINTER
F27D   CD CD EF               CALL   RST30TB   
F280                NX5:         
F280   E1                     POP   HL   
F281   D1                     POP   DE   
F282                NX2:         
F282   CD 52 F6               CALL   POPA   ;PURGE THIS LOOP
F285   CD CD EF               CALL   RST30TB   
F288                             ;*************************************************************
F288                             ; 
F288                             ; *** REM *** IF *** INPUT *** & LET (& DEFLT) ***
F288                             ; 
F288                             ; "REM" CAN BE FOLLOWED BY ANYTHING AND IS IGNORED BY TBI.
F288                             ; TBI TREATS IT LIKE AN "IF" WITH A FALSE CONDITION.
F288                             ; 
F288                             ; "IF" IS FOLLOWED BY AN EXPR. AS A CONDITION AND ONE OR MORE
F288                             ; COMMANDS (INCLUDING OTHER "IF"S) SEPERATED BY SEMI-COLONS.
F288                             ; NOTE THAT THE WORD "THEN" IS NOT USED.  TBI EVALUATES THE
F288                             ; EXPR. IF IT IS NON-ZERO, EXECUTION CONTINUES.  IF THE
F288                             ; EXPR. IS ZERO, THE COMMANDS THAT FOLLOWS ARE IGNORED AND
F288                             ; EXECUTION CONTINUES AT THE NEXT LINE.
F288                             ; 
F288                             ; "INPUT" COMMAND IS LIKE THE "PRINT" COMMAND, AND IS FOLLOWED
F288                             ; BY A LIST OF ITEMS.  IF THE ITEM IS A STRING IN SINGLE OR
F288                             ; DOUBLE QUOTES, OR IS A UNDERSCORE, IT HAS THE SAME EFFECT AS
F288                             ; IN "PRINT".  IF AN ITEM IS A VARIABLE, THIS VARIABLE NAME IS
F288                             ; PRINTED OUT FOLLOWED BY A COLON.  THEN TBI WAITS FOR AN
F288                             ; EXPR. TO BE TYPED IN.  THE VARIABLE IS THEN SET TO THE
F288                             ; VALUE OF THIS EXPR.  IF THE VARIABLE IS PROCEDED BY A STRING
F288                             ; (AGAIN IN SINGLE OR DOUBLE QUOTES), THE STRING WILL BE
F288                             ; PRINTED FOLLOWED BY A COLON.  TBI THEN WAITS FOR INPUT EXPR.
F288                             ; AND SET THE VARIABLE TO THE VALUE OF THE EXPR.
F288                             ; 
F288                             ; IF THE INPUT EXPR. IS INVALID, TBI WILL PRINT "WHAT?",
F288                             ; "HOW?" OR "SORRY" AND REPRINT THE PROMPT AND REDO THE INPUT.
F288                             ; THE EXECUTION WILL NOT TERMINATE UNLESS YOU TYPE CONTROL-C.
F288                             ; THIS IS HANDLED IN "INPERR".
F288                             ; 
F288                             ; "LET" IS FOLLOWED BY A LIST OF ITEMS SEPERATED BY COMMAS.
F288                             ; EACH ITEM CONSISTS OF A VARIABLE, AN EQUAL SIGN, AND AN EXPR.
F288                             ; TBI EVALUATES THE EXPR. AND SET THE VARIABLE TO THAT VALUE.
F288                             ; TBI WILL ALSO HANDLE "LET" COMMAND WITHOUT THE WORD "LET".
F288                             ; THIS IS DONE BY "DEFLT".
F288                             ;*************************************************************
F288                REM:         
F288   21 00 00               LD   HL,0000H   ;*** REM ***
F28B   18 03                  JR   IF1   
F28D                IFF:         
F28D   CD B9 EF               CALL   RST18TB   ;*** IF ***
F290                IF1:         
F290   7C                     LD   A,H   ;IS THE EXPR.=0?
F291   B5                     OR   L   
F292   C2 F7 F0               JP   NZ,RUNSML   ;NO, CONTINUE
F295   CD 5C F5               CALL   FNDSKP   ;YES, SKIP REST OF LINE
F298   D2 F0 F0               JP   NC,RUNTSL   ;AND RUN THE NEXT LINE
F29B   C3 54 F0               JP   RSTART   ;IF NO NEXT, RE-START
F29E                INPERR:      
F29E   2A C7 17               LD   HL,(STKINP)   ;*** INPERR ***
F2A1   F9                     LD   SP,HL   ;RESTORE OLD SP
F2A2   E1                     POP   HL   ;AND OLD "CURRNT"
F2A3   22 C1 17               LD   (CURRNT),HL   
F2A6   D1                     POP   DE   ;AND OLD TEXT POINTER
F2A7   D1                     POP   DE   ;REDO INPUT
F2A8                INPUT:       ;*** INPUT ***
F2A8                IP1:         
F2A8   D5                     PUSH   DE   ;SAVE IN CASE OF ERROR
F2A9   CD 8A F5               CALL   QTSTG   ;IS NEXT ITEM A STRING?
F2AC   18 07                  JR   IP2   ;NO
F2AE   CD D4 EF               CALL   RST38TB   ;YES, BUT FOLLOWED BY A
F2B1   38 40                  JR   C,IP4   ;VARIABLE? NO.
F2B3   18 12                  JR   IP3   ;YES. INPUT VARIABLE
F2B5                IP2:         
F2B5   D5                     PUSH   DE   ;SAVE FOR "PRTSTG"
F2B6   CD D4 EF               CALL   RST38TB   ;MUST BE VARIABLE NOW
F2B9   DA CD F4               JP   C,QWHAT   ;"WHAT?" IT IS NOT?
F2BC   1A                     LD   A,(DE)   ;GET READY FOR "PRTSTR"
F2BD   4F                     LD   C,A   
F2BE   97                     SUB   A   
F2BF   12                     LD   (DE),A   
F2C0   D1                     POP   DE   
F2C1   CD 64 F5               CALL   PRTSTG   ;PRINT STRING AS PROMPT
F2C4   79                     LD   A,C   ;RESTORE TEXT
F2C5   1B                     DEC   DE   
F2C6   12                     LD   (DE),A   
F2C7                IP3:         
F2C7   D5                     PUSH   DE   ;SAVE TEXT POINTER
F2C8   EB                     EX   DE,HL   
F2C9   2A C1 17               LD   HL,(CURRNT)   ;ALSO SAVE "CURRNT"
F2CC   E5                     PUSH   HL   
F2CD   21 A8 F2               LD   HL,IP1   ;A NEGATIVE NUMBER
F2D0   22 C1 17               LD   (CURRNT),HL   ;AS A FLAG
F2D3   21 00 00               LD   HL,0000H   ;SAVE SP TOO
F2D6   39                     ADD   HL,SP   
F2D7   22 C7 17               LD   (STKINP),HL   
F2DA   D5                     PUSH   DE   ;OLD HL
F2DB   3E 3A                  LD   A,3AH   ;PRINT THIS TOO
F2DD   CD 02 F5               CALL   GETLN   ;AND GET A LINE
F2E0   11 37 3E               LD   DE,BUFFER   ;POINTS TO BUFFER
F2E3   CD B9 EF               CALL   RST18TB   ;EVALUATE INPUT
F2E6   00                     NOP      ;CAN BE "CALL ENDCHK"
F2E7   00                     NOP      
F2E8   00                     NOP      
F2E9   D1                     POP   DE   ;OK,GET OLD HL
F2EA   EB                     EX   DE,HL   
F2EB   73                     LD   (HL),E   ;SAVE VALUE IN VAR.
F2EC   23                     INC   HL   
F2ED   72                     LD   (HL),D   
F2EE   E1                     POP   HL   ;GET OLD "CURRNT"
F2EF   22 C1 17               LD   (CURRNT),HL   
F2F2   D1                     POP   DE   ;AND OLD TEXT POINTER
F2F3                IP4:         
F2F3   F1                     POP   AF   ;PURGE JUNK IN STACK
F2F4   CD A7 EF               CALL   RST08TB   ;IS NEXT CH. ","?
F2F7   2C                     DB   ","   
F2F8   02                     DB   IP5-$-1   
F2F9   18 AD                  JR   IP1   ;YES, MORE ITEMS.
F2FB                IP5:         
F2FB   CD CD EF               CALL   RST30TB   
F2FE                DEFLT:       
F2FE   1A                     LD   A,(DE)   ;***  DEFLT ***
F2FF   FE 0D                  CP   CR   ;EMPTY LINE IS OK
F301   28 0A                  JR   Z,LT1   ;ELSE IT IS "LET"
F303                LET:         
F303   CD 9B F4               CALL   SETVAL   ;*** LET ***
F306   CD A7 EF               CALL   RST08TB   ;SET VALUE TO VAR
F309   2C                     DB   ","   ;IS NEXT CH. ","?
F30A   02                     DB   LT1-$-1   
F30B   18 F6                  JR   LET   ;ITEM BY ITEM
F30D                LT1:         
F30D   CD CD EF               CALL   RST30TB   ;UNTIL FINISH
F310                             ;*************************************************************
F310                             ; 
F310                             ; *** EXPR ***
F310                             ; 
F310                             ; "EXPR" EVALUATES ARITHMETICAL OR LOGICAL EXPRESSIONS.
F310                             ; <EXPR>::<EXPR2>
F310                             ;         <EXPR2><REL.OP.><EXPR2>
F310                             ; WHERE <REL.OP.> IS ONE OF THE OPERATORS IN TAB8 AND THE
F310                             ; RESULT OF THESE OPERATIONS IS 1 IF TRUE AND 0 IF FALSE.
F310                             ; <EXPR2>::=(+ OR -)<EXPR3>(+ OR -<EXPR3>)(....)
F310                             ; WHERE () ARE OPTIONAL AND (....) ARE OPTIONAL REPEATS.
F310                             ; <EXPR3>::=<EXPR4>(* OR /)<EXPR4>(....)
F310                             ; <EXPR4>::=<VARIABLE>
F310                             ;           <FUNCTION>
F310                             ;           (<EXPR>)
F310                             ; <EXPR> IS RECURSIVE SO THAT VARIABLE "@" CAN HAVE AN <EXPR>
F310                             ; AS INDEX, FUNCTIONS CAN HAVE AN <EXPR> AS ARGUMENTS, AND
F310                             ; <EXPR4> CAN BE AN <EXPR> IN PARANTHESE.
F310                             ;*************************************************************
F310                EXPR1:       
F310   21 D4 F7               LD   HL,TAB8-1   ;LOOKUP REL.OP.
F313   C3 EE F7               JP   EXEC   ;GO DO IT
F316                XP11:        
F316   CD 3F F3               CALL   XP18   ;REL.OP.">="
F319   D8                     RET   C   ;NO, RETURN HL=0
F31A   6F                     LD   L,A   ;YES, RETURN HL=1
F31B   C9                     RET      
F31C                XP12:        
F31C   CD 3F F3               CALL   XP18   ;REL.OP."#"
F31F   C8                     RET   Z   ;FALSE, RETURN HL=0
F320   6F                     LD   L,A   ;TRUE, RETURN HL=1
F321   C9                     RET      
F322                XP13:        
F322   CD 3F F3               CALL   XP18   ;REL.OP.">"
F325   C8                     RET   Z   ;FALSE
F326   D8                     RET   C   ;ALSO FALSE, HL=0
F327   6F                     LD   L,A   ;TRUE, HL=1
F328   C9                     RET      
F329                XP14:        
F329   CD 3F F3               CALL   XP18   ;REL.OP."<="
F32C   6F                     LD   L,A   ;SET HL=1
F32D   C8                     RET   Z   ;REL. TRUE, RETURN
F32E   D8                     RET   C   
F32F   6C                     LD   L,H   ;ELSE SET HL=0
F330   C9                     RET      
F331                XP15:        
F331   CD 3F F3               CALL   XP18   ;REL.OP."="
F334   C0                     RET   NZ   ;FALSE, RETURN HL=0
F335   6F                     LD   L,A   ;ELSE SET HL=1
F336   C9                     RET      
F337                XP16:        
F337   CD 3F F3               CALL   XP18   ;REL.OP."<"
F33A   D0                     RET   NC   ;FALSE, RETURN HL=0
F33B   6F                     LD   L,A   ;ELSE SET HL=1
F33C   C9                     RET      
F33D                XP17:        
F33D   E1                     POP   HL   ;NOT .REL.OP
F33E   C9                     RET      ;RETURN HL=<EXPR2>
F33F                XP18:        
F33F   79                     LD   A,C   ;SUBROUTINE FOR ALL
F340   E1                     POP   HL   ;REL.OP.'S
F341   C1                     POP   BC   
F342   E5                     PUSH   HL   ;REVERSE TOP OF STACK
F343   C5                     PUSH   BC   
F344   4F                     LD   C,A   
F345   CD 54 F3               CALL   EXPR2   ;GET 2ND <EXPR2>
F348   EB                     EX   DE,HL   ;VALUE IN DE NOW
F349   E3                     EX   (SP),HL   ;1ST <EXPR2> IN HL
F34A   CD 92 F4               CALL   CKHLDE   ;COMPARE 1ST WITH 2ND
F34D   D1                     POP   DE   ;RESTORE TEXT POINTER
F34E   21 00 00               LD   HL,0000H   ;SET HL=0, A=1
F351   3E 01                  LD   A,01H   
F353   C9                     RET      
F354                EXPR2:       
F354   CD A7 EF               CALL   RST08TB   ;NEGATIVE SIGN?
F357   2D                     DB   "-"   
F358   05                     DB   XP21-$-1   
F359   21 00 00               LD   HL,0000H   ;YES, FAKE "0-"
F35C   18 27                  JR   XP26   ;TREAT LIKE SUBTRACT
F35E                XP21:        
F35E   CD A7 EF               CALL   RST08TB   ;POSITIVE SIGN? IGNORE
F361   2B                     DB   "+"   
F362   00                     DB   XP22-$-1   
F363                XP22:        
F363   CD 8E F3               CALL   EXPR3   ;1ST <EXPR3>
F366                XP23:        
F366   CD A7 EF               CALL   RST08TB   ;ADD?
F369   2B                     DB   "+"   
F36A   15                     DB   XP25-$-1   
F36B   E5                     PUSH   HL   ;YES, SAVE VALUE
F36C   CD 8E F3               CALL   EXPR3   ;GET 2ND <EXPR3>
F36F                XP24:        
F36F   EB                     EX   DE,HL   ;2ND IN DE
F370   E3                     EX   (SP),HL   ;1ST IN HL
F371   7C                     LD   A,H   ;COMPARE SIGN
F372   AA                     XOR   D   
F373   7A                     LD   A,D   
F374   19                     ADD   HL,DE   
F375   D1                     POP   DE   ;RESTORE TEXT POINTER
F376   FA 66 F3               JP   M,XP23   ;1ST AND 2ND SIGN DIFFER
F379   AC                     XOR   H   ;1ST AND 2ND SIGN EQUAL
F37A   F2 66 F3               JP   P,XP23   ;SO IS RESULT
F37D   C3 39 F0               JP   QHOW   ;ELSE WE HAVE OVERFLOW
F380                XP25:        
F380   CD A7 EF               CALL   RST08TB   ;SUBTRACT?
F383   2D                     DB   "-"   
F384   8B                     DB   XP42-$-1   
F385                XP26:        
F385   E5                     PUSH   HL   ;YES, SAVE 1ST <EXPR3>
F386   CD 8E F3               CALL   EXPR3   ;GET 2ND <EXPR3>
F389   CD 7D F4               CALL   CHGSGN   ;NEGATE
F38C   18 E1                  JR   XP24   ;AND ADD THEM
F38E                             ; 
F38E                EXPR3:       
F38E   CD ED F3               CALL   EXPR4   ;GET 1ST <EXPR4>
F391                XP31:        
F391   CD A7 EF               CALL   RST08TB   ;MULTIPLY?
F394   2A                     DB   "*"   
F395   29                     DB   XP34-$-1   
F396   E5                     PUSH   HL   ;YES, SAVE 1ST
F397   CD ED F3               CALL   EXPR4   ;AND GET 2ND <EXPR4>
F39A   06 00                  LD   B,00H   ;CLEAR B FOR SIGN
F39C   CD 7A F4               CALL   CHKSGN   ;CHECK SIGN
F39F   E3                     EX   (SP),HL   ;1ST IN HL
F3A0   CD 7A F4               CALL   CHKSGN   ;CHECK SIGN OF 1ST
F3A3   EB                     EX   DE,HL   
F3A4   E3                     EX   (SP),HL   
F3A5   7C                     LD   A,H   ;IS HL > 255 ?
F3A6   B7                     OR   A   
F3A7   28 06                  JR   Z,XP32   ;NO
F3A9   7A                     LD   A,D   ;YES, HOW ABOUT DE
F3AA   B2                     OR   D   
F3AB   EB                     EX   DE,HL   ;PUT SMALLER IN HL
F3AC   C2 3A F0               JP   NZ,AHOW   ;ALSO >, WILL OVERFLOW
F3AF                XP32:        
F3AF   7D                     LD   A,L   ;THIS IS DUMB
F3B0   21 00 00               LD   HL,0000H   ;CLEAR RESULT
F3B3   B7                     OR   A   ;ADD AND COUNT
F3B4   28 2A                  JR   Z,XP35   
F3B6                XP33:        
F3B6   19                     ADD   HL,DE   
F3B7   DA 3A F0               JP   C,AHOW   ;OVERFLOW
F3BA   3D                     DEC   A   
F3BB   20 F9                  JR   NZ,XP33   
F3BD   18 21                  JR   XP35   ;FINISHED
F3BF                XP34:        
F3BF   CD A7 EF               CALL   RST08TB   ;DIVIDE?
F3C2   2F                     DB   "/"   
F3C3   4C                     DB   XP42-$-1   
F3C4   E5                     PUSH   HL   ;YES, SAVE 1ST <EXPR4>
F3C5   CD ED F3               CALL   EXPR4   ;AND GET THE SECOND ONE
F3C8   06 00                  LD   B,00H   ;CLEAR B FOR SIGN
F3CA   CD 7A F4               CALL   CHKSGN   ;CHECK SIGN OF 2ND
F3CD   E3                     EX   (SP),HL   ;GET 1ST IN HL
F3CE   CD 7A F4               CALL   CHKSGN   ;CHECK SIGN OF 1ST
F3D1   EB                     EX   DE,HL   
F3D2   E3                     EX   (SP),HL   
F3D3   EB                     EX   DE,HL   
F3D4   7A                     LD   A,D   ;DIVIDE BY 0?
F3D5   B3                     OR   E   
F3D6   CA 3A F0               JP   Z,AHOW   ;SAY "HOW?"
F3D9   C5                     PUSH   BC   ;ELSE SAVE SIGN
F3DA   CD 5E F4               CALL   DIVIDE   ;USE SUBROUTINE
F3DD   60                     LD   H,B   ;RESULT IN HL NOW
F3DE   69                     LD   L,C   
F3DF   C1                     POP   BC   ;GET SIGN BACK
F3E0                XP35:        
F3E0   D1                     POP   DE   ;AND TEXT POINTER
F3E1   7C                     LD   A,H   ;HL MUST BE +
F3E2   B7                     OR   A   
F3E3   FA 39 F0               JP   M,QHOW   ;ELSE IT IS OVERFLOW
F3E6   78                     LD   A,B   
F3E7   B7                     OR   A   
F3E8   FC 7D F4               CALL   M,CHGSGN   ;CHANGE SIGN IF NEEDED
F3EB   18 A4                  JR   XP31   ;LOOK FOR MORE TERMS
F3ED                EXPR4:       
F3ED   21 AE F7               LD   HL,TAB4-1   ;FIND FUNCTION IN TAB4
F3F0   C3 EE F7               JP   EXEC   ;AND GO DO IT
F3F3                XP40:        
F3F3   CD D4 EF               CALL   RST38TB   ;NO, NOT A FUNCTION
F3F6   38 05                  JR   C,XP41   ;NOR A VARIABLE
F3F8   7E                     LD   A,(HL)   ;VARIABLE
F3F9   23                     INC   HL   
F3FA   66                     LD   H,(HL)   ;VALUE IN HL
F3FB   6F                     LD   L,A   
F3FC   C9                     RET      
F3FD                XP41:        
F3FD   CD 10 F0               CALL   TSTNUM   ;OR IS IT A NUMBER
F400   78                     LD   A,B   ;# OF DIGIT
F401   B7                     OR   A   
F402   C0                     RET   NZ   ;OK
F403                PARN:        
F403   CD A7 EF               CALL   RST08TB   
F406   28                     DB   "("   
F407   09                     DB   XP43-$-1   
F408   CD B9 EF               CALL   RST18TB   ;"(EXPR)"
F40B   CD A7 EF               CALL   RST08TB   
F40E   29                     DB   ")"   
F40F   01                     DB   XP43-$-1   
F410                XP42:        
F410   C9                     RET      
F411                XP43:        
F411   C3 CD F4               JP   QWHAT   ;ELSE SAY: "WHAT?"
F414                RND:         
F414   CD 03 F4               CALL   PARN   ;*** RND(EXPR) ***
F417   7C                     LD   A,H   ;EXPR MUST BE +
F418   B7                     OR   A   
F419   FA 39 F0               JP   M,QHOW   
F41C   B5                     OR   L   ;AND NON-ZERO
F41D   CA 39 F0               JP   Z,QHOW   
F420   D5                     PUSH   DE   ;SAVE BOTH
F421   E5                     PUSH   HL   
F422   2A D3 17               LD   HL,(RANPNT)   ;GET MEMORY AS RANDOM
F425   11 A5 F8               LD   DE,LSTROM   ;NUMBER
F428   CD C0 EF               CALL   RST20TB   
F42B   38 03                  JR   C,RA1   ;WRAP AROUND IF LAST
F42D   21 A1 EF               LD   HL,tinyBasic   
F430                RA1:         
F430   5E                     LD   E,(HL)   
F431   23                     INC   HL   
F432   56                     LD   D,(HL)   
F433   22 D3 17               LD   (RANPNT),HL   
F436   E1                     POP   HL   
F437   EB                     EX   DE,HL   
F438   C5                     PUSH   BC   
F439   CD 5E F4               CALL   DIVIDE   ;RND (N)=MOD(M,N)+1
F43C   C1                     POP   BC   
F43D   D1                     POP   DE   
F43E   23                     INC   HL   
F43F   C9                     RET      
F440                ABS:         
F440   CD 03 F4               CALL   PARN   ;*** ABS (EXPR) ***
F443   1B                     DEC   DE   
F444   CD 7A F4               CALL   CHKSGN   ;CHECK SIGN
F447   13                     INC   DE   
F448   C9                     RET      
F449                PEEK:        
F449   CD 03 F4               CALL   PARN   ;*** PEEK (EXPR) ***
F44C   7E                     LD   A,(HL)   ;GET VALUE STORED AT EXPRESSION
F44D   6F                     LD   L,A   ;STORE VALUE BACK INTO HL
F44E   26 00                  LD   H,00H   
F450   C9                     RET      
F451                SIZE:        
F451   2A D5 17               LD   HL,(TXTUNF)   ;*** SIZE ***
F454   D5                     PUSH   DE   ;GET THE NUMBER OF FREE
F455   EB                     EX   DE,HL   ;BYTES BETWEEN "TXTUNF"
F456   21 00 3E               LD   HL,VARBGN   ;AND "VARBGN"
F459   CD 73 F4               CALL   SUBDE   
F45C   D1                     POP   DE   
F45D   C9                     RET      
F45E                             ;*************************************************************
F45E                             ; 
F45E                             ; *** DIVIDE *** SUBDE *** CHKSGN *** CHGSGN *** & CKHLDE ***
F45E                             ; 
F45E                             ; "DIVIDE" DIVIDES HL BY DE, RESULT IN BC, REMAINDER IN HL
F45E                             ; 
F45E                             ; "SUBDE" SUBSTRACTS DE FROM HL
F45E                             ; 
F45E                             ; "CHKSGN" CHECKS SIGN OF HL.  IF +, NO CHANGE.  IF -, CHANGE
F45E                             ; SIGN AND FLIP SIGN OF B.
F45E                             ; 
F45E                             ; "CHGSGN" CHECKS SIGN N OF HL AND B UNCONDITIONALLY.
F45E                             ; 
F45E                             ; "CKHLDE" CHECKS SIGN OF HL AND DE.  IF DIFFERENT, HL AND DE
F45E                             ; ARE INTERCHANGED.  IF SAME SIGN, NOT INTERCHANGED.  EITHER
F45E                             ; CASE, HL DE ARE THEN COMPARED TO SET THE FLAGS.
F45E                             ;*************************************************************
F45E                DIVIDE:      
F45E   E5                     PUSH   HL   ;*** DIVIDE ***
F45F   6C                     LD   L,H   ;DIVIDE H BY DE
F460   26 00                  LD   H,00H   
F462   CD 69 F4               CALL   DV1   
F465   41                     LD   B,C   ;SAVE RESULT IN B
F466   7D                     LD   A,L   ;(REMAINDER+L)/DE
F467   E1                     POP   HL   
F468   67                     LD   H,A   
F469                DV1:         
F469   0E FF                  LD   C,0FFH   ;RESULT IN C
F46B                DV2:         
F46B   0C                     INC   C   ;DUMB ROUTINE
F46C   CD 73 F4               CALL   SUBDE   ;DIVIDE BY SUBTRACT
F46F   30 FA                  JR   NC,DV2   ;AND COUNT
F471   19                     ADD   HL,DE   
F472   C9                     RET      
F473                SUBDE:       
F473   7D                     LD   A,L   ;*** SUBDE ***
F474   93                     SUB   E   ;SUBSTRACT DE FROM
F475   6F                     LD   L,A   ;HL
F476   7C                     LD   A,H   
F477   9A                     SBC   A,D   
F478   67                     LD   H,A   
F479   C9                     RET      
F47A                CHKSGN:      
F47A   7C                     LD   A,H   ;*** CHKSGN ***
F47B   B7                     OR   A   ;CHECK SIGN OF HL
F47C   F0                     RET   P   
F47D                CHGSGN:      
F47D   7C                     LD   A,H   ;*** CHGSGN ***
F47E   B5                     OR   L   
F47F   C8                     RET   Z   
F480   7C                     LD   A,H   
F481   F5                     PUSH   AF   
F482   2F                     CPL      ;CHANGE SIGN OF HL
F483   67                     LD   H,A   
F484   7D                     LD   A,L   
F485   2F                     CPL      
F486   6F                     LD   L,A   
F487   23                     INC   HL   
F488   F1                     POP   AF   
F489   AC                     XOR   H   
F48A   F2 39 F0               JP   P,QHOW   
F48D   78                     LD   A,B   ;AND ALSO FLIP B
F48E   EE 80                  XOR   80H   
F490   47                     LD   B,A   
F491   C9                     RET      
F492                CKHLDE:      
F492   7C                     LD   A,H   ;SAME SIGN?
F493   AA                     XOR   D   ;YES, COMPARE
F494   F2 98 F4               JP   P,CK1   ;NO, XCHANGE AND COMP
F497   EB                     EX   DE,HL   
F498                CK1:         
F498   C3 C0 EF               JP   RST20TB   
F49B                             ;*************************************************************
F49B                             ; 
F49B                             ; *** SETVAL *** FIN *** ENDCHK *** & ERROR (& FRIENDS) ***
F49B                             ; 
F49B                             ; "SETVAL" EXPECTS A VARIABLE, FOLLOWED BY AN EQUAL SIGN AND
F49B                             ; THEN AN EXPR.  IT EVALUATES THE EXPR. AND SET THE VARIABLE
F49B                             ; TO THAT VALUE.
F49B                             ; 
F49B                             ; "FIN" CHECKS THE END OF A COMMAND.  IF IT ENDED WITH ";",
F49B                             ; EXECUTION CONTINUES.  IF IT ENDED WITH A CR, IT FINDS THE
F49B                             ; NEXT LINE AND CONTINUE FROM THERE.
F49B                             ; 
F49B                             ; "ENDCHK" CHECKS IF A COMMAND IS ENDED WITH CR.  THIS IS
F49B                             ; REQUIRED IN CERTAIN COMMANDS.  (GOTO, RETURN, AND STOP ETC.)
F49B                             ; 
F49B                             ; "ERROR" PRINTS THE STRING POINTED BY DE (AND ENDS WITH CR).
F49B                             ; IT THEN PRINTS THE LINE POINTED BY "CURRNT" WITH A "?"
F49B                             ; INSERTED AT WHERE THE OLD TEXT POINTER (SHOULD BE ON TOP
F49B                             ; OF THE STACK) POINTS TO.  EXECUTION OF TB IS STOPPED
F49B                             ; AND TBI IS RESTARTED.  HOWEVER, IF "CURRNT" -> ZERO
F49B                             ; (INDICATING A DIRECT COMMAND), THE DIRECT COMMAND IS NOT
F49B                             ; PRINTED.  AND IF "CURRNT" -> NEGATIVE # (INDICATING "INPUT"
F49B                             ; COMMAND), THE INPUT LINE IS NOT PRINTED AND EXECUTION IS
F49B                             ; NOT TERMINATED BUT CONTINUED AT "INPERR".
F49B                             ; 
F49B                             ; RELATED TO "ERROR" ARE THE FOLLOWING:
F49B                             ; "QWHAT" SAVES TEXT POINTER IN STACK AND GET MESSAGE "WHAT?"
F49B                             ; "AWHAT" JUST GET MESSAGE "WHAT?" AND JUMP TO "ERROR".
F49B                             ; "QSORRY" AND "ASORRY" DO SAME KIND OF THING.
F49B                             ; "AHOW" AND "AHOW" IN THE ZERO PAGE SECTION ALSO DO THIS.
F49B                             ;*************************************************************
F49B                SETVAL:      
F49B   CD D4 EF               CALL   RST38TB   ;*** SETVAL ***
F49E   DA CD F4               JP   C,QWHAT   ;"WHAT?" NO VARIABLE
F4A1   E5                     PUSH   HL   ;SAVE ADDRESS OF VAR.
F4A2   CD A7 EF               CALL   RST08TB   ;PASS "=" SIGN
F4A5   3D                     DB   "="   
F4A6   0A                     DB   SV1-$-1   
F4A7   CD B9 EF               CALL   RST18TB   ;EVALUATE EXPR.
F4AA   44                     LD   B,H   ;VALUE IS IN BC NOW
F4AB   4D                     LD   C,L   
F4AC   E1                     POP   HL   ;GET ADDRESS
F4AD   71                     LD   (HL),C   ;SAVE VALUE
F4AE   23                     INC   HL   
F4AF   70                     LD   (HL),B   
F4B0   C9                     RET      
F4B1                SV1:         
F4B1   C3 CD F4               JP   QWHAT   ;NO "=" SIGN
F4B4                FIN:         
F4B4   CD A7 EF               CALL   RST08TB   ;*** FIN ***
F4B7   3B                     DB   ";"   
F4B8   04                     DB   FI1-$-1   
F4B9   F1                     POP   AF   ;";", PURGE RET. ADDR.
F4BA   C3 F7 F0               JP   RUNSML   ;CONTINUE SAME LINE
F4BD                FI1:         
F4BD   CD A7 EF               CALL   RST08TB   ;NOT ";", IS IT CR?
F4C0   0D                     DB   CR   
F4C1   04                     DB   FI2-$-1   
F4C2   F1                     POP   AF   ;YES, PURGE RET. ADDR.
F4C3   C3 E7 F0               JP   RUNNXL   ;RUN NEXT LINE
F4C6                FI2:         
F4C6   C9                     RET      ;ELSE RETURN TO CALLER
F4C7                ENDCHK:      
F4C7   CD C6 EF               CALL   RST28TB   ;*** ENDCHK ***
F4CA   FE 0D                  CP   CR   ;END WITH CR?
F4CC   C8                     RET   Z   ;OK, ELSE SAY: "WHAT?"
F4CD                QWHAT:       
F4CD   D5                     PUSH   DE   ;*** QWHAT ***
F4CE                AWHAT:       
F4CE   11 48 F0               LD   DE,WHAT   ;*** AWHAT ***
F4D1                ERROR_ROUTINE:      
F4D1   97                     SUB   A   ;*** ERROR ***
F4D2   CD 64 F5               CALL   PRTSTG   ;PRINT "WHAT?", "HOW?"
F4D5   D1                     POP   DE   ;OR "SORRY"
F4D6   1A                     LD   A,(DE)   ;SAVE THE CHARACTER
F4D7   F5                     PUSH   AF   ;AT WHERE OLD DE ->
F4D8   97                     SUB   A   ;AND PUT A 0 THERE
F4D9   12                     LD   (DE),A   
F4DA   2A C1 17               LD   HL,(CURRNT)   ;GET CURRENT LINE #
F4DD   E5                     PUSH   HL   
F4DE   7E                     LD   A,(HL)   ;CHECK THE VALUE
F4DF   23                     INC   HL   
F4E0   B6                     OR   (HL)   
F4E1   D1                     POP   DE   
F4E2   CA 54 F0               JP   Z,RSTART   ;IF ZERO, JUST RESTART
F4E5   7E                     LD   A,(HL)   ;IF NEGATIVE,
F4E6   B7                     OR   A   
F4E7   FA 9E F2               JP   M,INPERR   ;REDO INPUT
F4EA   CD F9 F5               CALL   PRTLN   ;ELSE PRINT THE LINE
F4ED   1B                     DEC   DE   ;UPTO WHERE THE 0 IS
F4EE   F1                     POP   AF   ;RESTORE THE CHARACTER
F4EF   12                     LD   (DE),A   
F4F0   3E 3F                  LD   A,"?"   ;PRINT A "?"
F4F2   CD B1 EF               CALL   RST10TB   
F4F5   97                     SUB   A   ;AND THE REST OF THE
F4F6   CD 64 F5               CALL   PRTSTG   ;LINE
F4F9   C3 54 F0               JP   RSTART   ;THEN RESTART
F4FC                QSORRY:      
F4FC   D5                     PUSH   DE   ;*** QSORRY ***
F4FD                ASORRY:      
F4FD   11 4E F0               LD   DE,SORRY   ;*** ASORRY ***
F500   18 CF                  JR   ERROR_ROUTINE   
F502                             ;*************************************************************
F502                             ; 
F502                             ; *** GETLN *** FNDLN (& FRIENDS) ***
F502                             ; 
F502                             ; "GETLN" READS A INPUT LINE INTO "BUFFER".  IT FIRST PROMPT
F502                             ; THE CHARACTER IN A (GIVEN BY THE CALLER), THEN IT FILLS
F502                             ; THE BUFFER AND ECHOS.  IT IGNORES LF'S AND NULLS, BUT STILL
F502                             ; ECHOS THEM BACK.  BACKSPACE IS USED TO CAUSE IT TO DELETE
F502                             ; THE LAST CHARACTER (IF THERE IS ONE), AND CTRL-Z IS USED TO
F502                             ; CAUSE IT TO DELETE THE WHOLE LINE AND START IT ALL OVER.
F502                             ; CR SIGNALS THE END OF A LINE, AND CAUSE "GETLN" TO RETURN.
F502                             ; 
F502                             ; "FNDLN" FINDS A LINE WITH A GIVEN LINE # (IN HL) IN THE
F502                             ; TEXT SAVE AREA.  DE IS USED AS THE TEXT POINTER.  IF THE
F502                             ; LINE IS FOUND, DE WILL POINT TO THE BEGINNING OF THAT LINE
F502                             ; (I.E., THE LOW BYTE OF THE LINE #), AND FLAGS ARE NC & Z.
F502                             ; IF THAT LINE IS NOT THERE AND A LINE WITH A HIGHER LINE #
F502                             ; IS FOUND, DE POINTS TO THERE AND FLAGS ARE NC & NZ.  IF
F502                             ; WE REACHED THE END OF TEXT SAVE AREA AND CANNOT FIND THE
F502                             ; LINE, FLAGS ARE C & NZ.
F502                             ; "FNDLN" WILL INITIALIZE DE TO THE BEGINNING OF THE TEXT SAVE
F502                             ; AREA TO START THE SEARCH.  SOME OTHER ENTRIES OF THIS
F502                             ; ROUTINE WILL NOT INITIALIZE DE AND DO THE SEARCH.
F502                             ; "FNDLNP" WILL START WITH DE AND SEARCH FOR THE LINE #.
F502                             ; "FNDNXT" WILL BUMP DE BY 2, FIND A CR AND THEN START SEARCH.
F502                             ; "FNDSKP" USE DE TO FIND A CR, AND THEN START SEARCH.
F502                             ;*************************************************************
F502                GETLN:       
F502   CD B1 EF               CALL   RST10TB   ;*** GETLN ***
F505   11 37 3E               LD   DE,BUFFER   ;PROMPT AND INIT.
F508                GL1:         
F508   CD F4 F6               CALL   CHKIO   ;CHECK KEYBOARD
F50B   28 FB                  JR   Z,GL1   ;NO INPUT, WAIT
F50D   FE 08                  CP   BKSP   ;DELETE LAST CHARACTER?
F50F   28 18                  JR   Z,GL3   ;YES
F511   CD B1 EF               CALL   RST10TB   ;INPUT, ECHO BACK
F514   FE 0A                  CP   LF   ;IGNORE LF
F516   28 F0                  JR   Z,GL1   
F518   B7                     OR   A   ;IGNORE NULL
F519   28 ED                  JR   Z,GL1   
F51B   FE 1A                  CP   CTRLZ   ;DELETE THE WHOLE LINE?
F51D   28 17                  JR   Z,GL4   ;YES
F51F   12                     LD   (DE),A   ;ELSE SAVE INPUT
F520   13                     INC   DE   ;AND BUMP POINTER
F521   FE 0D                  CP   CR   ;WAS IT CR
F523   C8                     RET   Z   ;YES, END OF LINE
F524   7B                     LD   A,E   ;ELSE MORE FREE ROOM?
F525   FE 87                  CP   BUFEND & 0FFH   
F527   20 DF                  JR   NZ,GL1   ;YES, GET NEXT INPUT
F529                GL3:         
F529   7B                     LD   A,E   ;DELETE LAST CHARACTER
F52A   FE 37                  CP   BUFFER & 0FFH   ;BUT DO WE HAVE ANY?
F52C   28 08                  JR   Z,GL4   ;NO, REDO WHOLE LINE
F52E   1B                     DEC   DE   ;YES, BACKUP POINTER
F52F   3E 08                  LD   A,BKSP   ;AND ECHO A BACK SPACE
F531   CD B1 EF               CALL   RST10TB   
F534   18 D2                  JR   GL1   ;GO GET NEXT INPUT
F536                GL4:         
F536   CD AF EF               CALL   CRLF   ;REDO ENTIRE LINE
F539                             ; LD A,VT                         ;CR, LF AND UP-ARROW
F539                             ; CALL RST10TB
F539   3E 3E                  LD   A,">"   
F53B   18 C5                  JR   GETLN   
F53D                FNDLN:       
F53D   7C                     LD   A,H   ;*** FNDLN ***
F53E   B7                     OR   A   ;CHECK SIGN OF HL
F53F   FA 39 F0               JP   M,QHOW   ;IT CANNOT BE -
F542   11 D7 17               LD   DE,TXTBGN   ;INIT TEXT POINTER
F545                FNDLP:       ;*** FDLNP ***
F545                FL1:         
F545   E5                     PUSH   HL   ;SAVE LINE #
F546   2A D5 17               LD   HL,(TXTUNF)   ;CHECK IF WE PASSED END
F549   2B                     DEC   HL   
F54A   CD C0 EF               CALL   RST20TB   
F54D   E1                     POP   HL   ;GET LINE # BACK
F54E   D8                     RET   C   ;C,NZ PASSED END
F54F   1A                     LD   A,(DE)   ;WE DID NOT, GET BYTE 1
F550   95                     SUB   L   ;IS THIS THE LINE?
F551   47                     LD   B,A   ;COMPARE LOW ORDER
F552   13                     INC   DE   
F553   1A                     LD   A,(DE)   ;GET BYTE 2
F554   9C                     SBC   A,H   ;COMPARE HIGH ORDER
F555   38 04                  JR   C,FL2   ;NO, NOT THERE YET
F557   1B                     DEC   DE   ;ELSE WE EITHER FOUND
F558   B0                     OR   B   ;IT, OR IT IS NOT THERE
F559   C9                     RET      ;NC,Z;FOUND, NC,NZ:NO
F55A                FNDNXT:      ;*** FNDNXT ***
F55A   13                     INC   DE   ;FIND NEXT LINE
F55B                FL2:         
F55B   13                     INC   DE   ;JUST PASSED BYTE 1 & 2
F55C                FNDSKP:      
F55C   1A                     LD   A,(DE)   ;*** FNDSKP ***
F55D   FE 0D                  CP   CR   ;TRY TO FIND CR
F55F   20 FA                  JR   NZ,FL2   ;KEEP LOOKING
F561   13                     INC   DE   ;FOUND CR, SKIP OVER
F562   18 E1                  JR   FL1   ;CHECK IF END OF TEXT
F564                             ;*************************************************************
F564                             ; 
F564                             ; *** PRTSTG *** QTSTG *** PRTNUM *** & PRTLN ***
F564                             ; 
F564                             ; "PRTSTG" PRINTS A STRING POINTED BY DE.  IT STOPS PRINTING
F564                             ; AND RETURNS TO CALLER WHEN EITHER A CR IS PRINTED OR WHEN
F564                             ; THE NEXT BYTE IS THE SAME AS WHAT WAS IN A (GIVEN BY THE
F564                             ; CALLER).  OLD A IS STORED IN C, OLD C IS LOST.
F564                             ; 
F564                             ; "QTSTG" LOOKS FOR A UNDERSCORE, SINGLE QUOTE, OR DOUBLE
F564                             ; QUOTE.  IF NONE OF THESE, RETURN TO CALLER.  IF UNDERSCORE,
F564                             ; OUTPUT A CR WITHOUT A LF.  IF SINGLE OR DOUBLE QUOTE, PRINT
F564                             ; THE STRING IN THE QUOTE AND DEMANDS A MATCHING UNQUOTE.
F564                             ; AFTER THE PRINTING THE NEXT 2 BYTES OF THE CALLER IS SKIPPED
F564                             ; OVER (USUALLY A JUMP INSTRUCTION.
F564                             ; 
F564                             ; "PRTNUM" PRINTS THE NUMBER IN HL.  LEADING BLANKS ARE ADDED
F564                             ; IF NEEDED TO PAD THE NUMBER OF SPACES TO THE NUMBER IN C.
F564                             ; HOWEVER, IF THE NUMBER OF DIGITS IS LARGER THAN THE # IN
F564                             ; C, ALL DIGITS ARE PRINTED ANYWAY.  NEGATIVE SIGN IS ALSO
F564                             ; PRINTED AND COUNTED IN, POSITIVE SIGN IS NOT.
F564                             ; 
F564                             ; "PRTLN" PRINTS A SAVED TEXT LINE WITH LINE # AND ALL.
F564                             ; 
F564                             ; "PRTCHR" PRINTS THE VALUE IN L AS AN ASCII CHARACTER.  THIS
F564                             ; WILL PRINT NON ASCII CHARACTERS TOO.  IE: ^G (BEL)
F564                             ; 
F564                             ; "PRTASC" PRINTS THE VALUE IN L AS AN ASCII
F564                             ; 
F564                             ; "PRTHEX" PRINTS THE VALUE IN HL AS A HEXIDECIMAL NUMBER.
F564                             ; HL IS TWO BYTES, SO TWO HEX VALUES WILL BE DISPLAYED.
F564                             ; IF H IS ZERO THEN ONLY ONE BYTE WILL BE DISPLAYED.
F564                             ; 
F564                             ;*************************************************************
F564                PRTSTG:      
F564   47                     LD   B,A   ;*** PRTSTG ***
F565   CD 8F CF               CALL   getGLCDTerm   
F568   B7                     OR   A   ;CHECK VALUE
F569   28 13                  JR   Z,PS1   
F56B   C5                     PUSH   BC   
F56C   48                     LD   C,B   ;*** PRTSTG ***
F56D   D5                     PUSH   DE   
F56E   E5                     PUSH   HL   
F56F   CD AD DB               CALL   sendStringToLCD   ;SEND TO GLCD TERMINAL
F572   E1                     POP   HL   
F573   D1                     POP   DE   
F574   C1                     POP   BC   
F575                PS0:         
F575   1A                     LD   A,(DE)   ;ADJUST DE (UGGHH)
F576   13                     INC   DE   
F577   B8                     CP   B   
F578   C8                     RET   Z   
F579   FE 0D                  CP   CR   
F57B   20 F8                  JR   NZ,PS0   
F57D   C9                     RET      
F57E                PS1:         
F57E   1A                     LD   A,(DE)   ;GET A CHARACTER
F57F   13                     INC   DE   ;BUMP POINTER
F580   B8                     CP   B   ;SAME AS OLD A?
F581   C8                     RET   Z   ;YES, RETURN
F582   CD B1 EF               CALL   RST10TB   ;NO, NEXT
F585   FE 0D                  CP   CR   ;WAS IT A CR?
F587   20 F5                  JR   NZ,PS1   ;NO, NEXT
F589   C9                     RET      ;YES, RETURN
F58A                QTSTG:       
F58A   CD A7 EF               CALL   RST08TB   ;*** QTSTG ***
F58D   22                     DB   22H   
F58E   0E                     DB   QT3-$-1   
F58F   3E 22                  LD   A,22H   ;IT IS A "
F591                QT1:         
F591   CD 64 F5               CALL   PRTSTG   ;PRINT UNTIL ANOTHER
F594   FE 0D                  CP   CR   ;WAS LAST ONE A CR?
F596   E1                     POP   HL   ;RETURN ADDRESS
F597   CA E7 F0               JP   Z,RUNNXL   ;WAS CR, RUN NEXT LINE
F59A                QT2:         
F59A   23                     INC   HL   ;SKIP 2 BYTES ON RETURN
F59B   23                     INC   HL   
F59C   E9                     JP   (HL)   ;RETURN
F59D                QT3:         
F59D   CD A7 EF               CALL   RST08TB   ;IS IT A '?
F5A0   27                     DB   27H   
F5A1   04                     DB   QT4-$-1   
F5A2   3E 27                  LD   A,27H   ;YES, DO THE SAME
F5A4   18 EB                  JR   QT1   ;AS IN "
F5A6                QT4:         
F5A6   CD A7 EF               CALL   RST08TB   ;IS IT UNDERSCORE?
F5A9   5F                     DB   "_"   
F5AA   0D                     DB   QT5-$-1   
F5AB   3E 0D                  LD   A,CR   ;YES, CR WITHOUT LF
F5AD   CD B1 EF               CALL   RST10TB   ;DO IT TWICE TO GIVE
F5B0   3E 0B                  LD   A,VT   ;YES, CR WITHOUT LF
F5B2   CD B1 EF               CALL   RST10TB   ;TTY ENOUGH TIME
F5B5   E1                     POP   HL   ;RETURN ADDRESS
F5B6   18 E2                  JR   QT2   
F5B8                QT5:         
F5B8   C9                     RET      ;NONE OF ABOVE
F5B9                             ; 
F5B9                PRTNUM:      
F5B9   06 00                  LD   B,00H   ;*** PRTNUM ***
F5BB   CD 7A F4               CALL   CHKSGN   ;CHECK SIGN
F5BE   F2 C4 F5               JP   P,PN1   ;NO SIGN
F5C1   06 2D                  LD   B,"-"   ;B=SIGN
F5C3   0D                     DEC   C   ;"-" TAKES SPACE
F5C4                PN1:         
F5C4   D5                     PUSH   DE   ;SAVE
F5C5   11 0A 00               LD   DE,000AH   ;DECIMAL
F5C8   D5                     PUSH   DE   ;SAVE AS FLAG
F5C9   0D                     DEC   C   ;C=SPACES
F5CA   C5                     PUSH   BC   ;SAVE SIGN & SPACE
F5CB                PN2:         
F5CB   CD 5E F4               CALL   DIVIDE   ;DIVIDE HL BY 10
F5CE   78                     LD   A,B   ;RESULT 0?
F5CF   B1                     OR   C   
F5D0   28 07                  JR   Z,PN3   ;YES, WE GOT ALL
F5D2   E3                     EX   (SP),HL   ;NO, SAVE REMAINDER
F5D3   2D                     DEC   L   ;AND COUNT SPACE
F5D4   E5                     PUSH   HL   ;HL IS OLD BC
F5D5   60                     LD   H,B   ;MOVE RESULT TO BC
F5D6   69                     LD   L,C   
F5D7   18 F2                  JR   PN2   ;AND DIVIDE BY 10
F5D9                PN3:         
F5D9   C1                     POP   BC   ;WE GOT ALL DIGITS IN
F5DA                PN4:         
F5DA   0D                     DEC   C   ;THE STACK
F5DB   79                     LD   A,C   ;LOOK AT SPACE COUNT
F5DC   B7                     OR   A   
F5DD   FA E7 F5               JP   M,PN5   ;NO LEADING BLANKS
F5E0   3E 20                  LD   A,20H   ;LEADING BLANKS
F5E2   CD B1 EF               CALL   RST10TB   
F5E5   18 F3                  JR   PN4   ;MORE?
F5E7                PN5:         
F5E7   78                     LD   A,B   ;PRINT SIGN
F5E8   B7                     OR   A   
F5E9   C4 B1 EF               CALL   NZ,RST10TB   
F5EC   5D                     LD   E,L   ;LAST REMAINDER IN E
F5ED                PN6:         
F5ED   7B                     LD   A,E   ;CHECK DIGIT IN E
F5EE   FE 0A                  CP   0AH   ;10 IS FLAG FOR NO MORE
F5F0   D1                     POP   DE   
F5F1   C8                     RET   Z   ;IF SO, RETURN
F5F2   C6 30                  ADD   A,30H   ;ELSE, CONVERT TO ASCII
F5F4   CD B1 EF               CALL   RST10TB   ;PRINT THE DIGIT
F5F7   18 F4                  JR   PN6   ;GO BACK FOR MORE
F5F9                PRTLN:       
F5F9   1A                     LD   A,(DE)   ;*** PRTLN ***
F5FA   6F                     LD   L,A   ;LOW ORDER LINE #
F5FB   13                     INC   DE   
F5FC   1A                     LD   A,(DE)   ;HIGH ORDER
F5FD   67                     LD   H,A   
F5FE   13                     INC   DE   
F5FF   0E 04                  LD   C,04H   ;PRINT 4 DIGIT LINE #
F601   CD B9 F5               CALL   PRTNUM   
F604   3E 20                  LD   A,20H   ;FOLLOWED BY A BLANK
F606   CD B1 EF               CALL   RST10TB   
F609   97                     SUB   A   ;AND THEN THE NEXT
F60A   C3 64 F5               JP   PRTSTG   
F60D                PRTCHR:      
F60D   7D                     LD   A,L   ;GET THE NUMBER
F60E                             ;AND DEL                         ;ONLY LOOK AT 0-128
F60E                PC1:         
F60E   C3 B1 EF               JP   RST10TB   ;PRINT VALUE IN A
F611                PRTASC:      
F611   7D                     LD   A,L   ;GET THE NUMBER
F612   FE 20                  CP   SPACE   ;IS IT LOWER THAN " " ?
F614   38 04                  JR   C,PA1   ;YES
F616   FE 7F                  CP   DEL   ;IS IT HIGHER THAN "~" ?
F618   38 F4                  JR   C,PC1   ;NO
F61A                PA1:         
F61A   3E 2E                  LD   A,"."   ;DISPLAY A . IF NON PRINTABLE
F61C   18 F0                  JR   PC1   
F61E                PRTHEX:      
F61E   7C                     LD   A,H   
F61F   B7                     OR   A   
F620   28 03                  JR   Z,PH1   
F622   CD 26 F6               CALL   A2HEX   
F625                PH1:         
F625   7D                     LD   A,L   
F626                A2HEX:       
F626   F5                     PUSH   AF   ;SAVE A FOR SECOND NIBBLE
F627   0F                     RRCA      ;SHIFT HIGH NIBBLE ACROSS
F628   0F                     RRCA      ; 
F629   0F                     RRCA      ; 
F62A   0F                     RRCA      ; 
F62B   CD 2F F6               CALL   PH2   ;CALL NIBBLE CONVERTER
F62E   F1                     POP   AF   ;RECOVER LOW NIBBLE
F62F                PH2:         
F62F   E6 0F                  AND   0FH   ;MASK OFF HIGH NIBBLE
F631   C6 90                  ADD   A,90H   ;CONVERT TO
F633   27                     DAA      ;ASCII
F634   CE 40                  ADC   A,40H   ;USING THIS
F636   27                     DAA      ;AMAZING ROUTINE
F637   C3 B1 EF               JP   RST10TB   ;DONE
F63A                             ;*************************************************************
F63A                             ; 
F63A                             ; *** MVUP *** MVDOWN *** POPA *** & PUSHA ***
F63A                             ; 
F63A                             ; "MVUP" MOVES A BLOCK UP FROM WHERE DE-> TO WHERE BC-> UNTIL
F63A                             ; DE = HL
F63A                             ; 
F63A                             ; "MVDOWN" MOVES A BLOCK DOWN FROM WHERE DE-> TO WHERE HL->
F63A                             ; UNTIL DE = BC
F63A                             ; 
F63A                             ; "POPA" RESTORES THE "FOR" LOOP VARIABLE SAVE AREA FROM THE
F63A                             ; STACK
F63A                             ; 
F63A                             ; "PUSHA" STACKS THE "FOR" LOOP VARIABLE SAVE AREA INTO THE
F63A                             ; STACK
F63A                             ;*************************************************************
F63A                MVUP1:       
F63A   CD C0 EF               CALL   RST20TB   ;*** MVUP ***
F63D   C8                     RET   Z   ;DE = HL, RETURN
F63E   1A                     LD   A,(DE)   ;GET ONE BYTE
F63F   02                     LD   (BC),A   ;MOVE IT
F640   13                     INC   DE   ;INCREASE BOTH POINTERS
F641   03                     INC   BC   
F642   18 F6                  JR   MVUP1   ;UNTIL DONE
F644                MVDOWN:      
F644   78                     LD   A,B   ;*** MVDOWN ***
F645   92                     SUB   D   ;TEST IF DE = BC
F646   C2 4C F6               JP   NZ,MD1   ;NO, GO MOVE
F649   79                     LD   A,C   ;MAYBE, OTHER BYTE?
F64A   93                     SUB   E   
F64B   C8                     RET   Z   ;YES, RETURN
F64C                MD1:         
F64C   1B                     DEC   DE   ;ELSE MOVE A BYTE
F64D   2B                     DEC   HL   ;BUT FIRST DECREASE
F64E   1A                     LD   A,(DE)   ;BOTH POINTERS AND
F64F   77                     LD   (HL),A   ;THEN DO IT
F650   18 F2                  JR   MVDOWN   ;LOOP BACK
F652                POPA:        
F652   C1                     POP   BC   ;BC = RETURN ADDR.
F653   E1                     POP   HL   ;RESTORE LOPVAR, BUT
F654   22 C9 17               LD   (LOPVAR),HL   ;=0 MEANS NO MORE
F657   7C                     LD   A,H   
F658   B5                     OR   L   
F659   28 10                  JR   Z,PP1   ;YEP, GO RETURN
F65B   E1                     POP   HL   ;NOP, RESTORE OTHERS
F65C   22 CB 17               LD   (LOPINC),HL   
F65F   E1                     POP   HL   
F660   22 CD 17               LD   (LOPLMT),HL   
F663   E1                     POP   HL   
F664   22 CF 17               LD   (LOPLN),HL   
F667   E1                     POP   HL   
F668   22 D1 17               LD   (LOPPT),HL   
F66B                PP1:         
F66B   C5                     PUSH   BC   ;BC = RETURN ADDR.
F66C   C9                     RET      
F66D                PUSHA:       
F66D   21 88 3E               LD   HL,STKLMT   ;*** PUSHA ***
F670   CD 7D F4               CALL   CHGSGN   
F673   C1                     POP   BC   ;BC=RETURN ADDRESS
F674   39                     ADD   HL,SP   ;IS STACK NEAR THE TOP?
F675   D2 FC F4               JP   NC,QSORRY   ;YES, SORRY FOR THAT
F678   2A C9 17               LD   HL,(LOPVAR)   ;ELSE SAVE LOOP VAR'S
F67B   7C                     LD   A,H   ;BUT IF LOPVAR IS 0
F67C   B5                     OR   L   ;THAT WILL BE ALL
F67D   28 13                  JR   Z,PU1   
F67F   2A D1 17               LD   HL,(LOPPT)   ;ELSE, MORE TO SAVE
F682   E5                     PUSH   HL   
F683   2A CF 17               LD   HL,(LOPLN)   
F686   E5                     PUSH   HL   
F687   2A CD 17               LD   HL,(LOPLMT)   
F68A   E5                     PUSH   HL   
F68B   2A CB 17               LD   HL,(LOPINC)   
F68E   E5                     PUSH   HL   
F68F   2A C9 17               LD   HL,(LOPVAR)   
F692                PU1:         
F692   E5                     PUSH   HL   
F693   C5                     PUSH   BC   ;BC = RETURN ADDR.
F694   C9                     RET      
F695                             ;*************************************************************
F695                             ; 
F695                             ; *** OUTC *** OUTP *** XON *** XOFF *** CHKIO ***
F695                             ; 
F695                             ; THESE ARE THE ONLY I/O ROUTINES IN TBI.
F695                             ; "OUTC" IS CONTROLLED BY A SOFTWARE SWITCH "OCSW".  IF OCSW=0
F695                             ; "OUTC" WILL JUST RETURN TO THE CALLER.  IF OCSW IS NOT 0,
F695                             ; IT WILL OUTPUT THE BYTE IN A.  IF THAT IS A CR, A LF IS ALSO
F695                             ; SEND OUT.  ONLY THE FLAGS MAY BE CHANGED AT RETURN. ALL REG.
F695                             ; ARE RESTORED.
F695                             ; 
F695                             ; "OUTP" LETS THE USER SEND DATA TO AN OUTPUT PORT ON THE
F695                             ; CONTROLING HARDWARE.  THE FORMAT IS "OUT <PORT>,<DATA>"
F695                             ; WHERE <PORT> IS THE PORT NUMBER AND <DATA> IS THE DATA
F695                             ; TO OUTPUT.  BOTH PORT NUMBER AND DATA ARE EXPRESIONS AND
F695                             ; ARE TO BE LESS THAN 256.
F695                             ; 
F695                             ; "XON" AND "XOFF" PROGRAMATICALLY TURN ON OR OFF THE
F695                             ; OUTPUT SWITCH.  THIS IS THE SAME AS PRESSING CONTROL-O
F695                             ; ON THE KEYBOARD.  THE CAN BE USED TO DISABLE TX_RDY,
F695                             ; THE SERIAL OUTPUT ROUTINE, IF THE SAME PORT IS BEING
F695                             ; USED.
F695                             ; 
F695                             ; "CHKIO" CHECKS THE INPUT.  IF NO INPUT, IT WILL RETURN TO
F695                             ; THE CALLER WITH THE Z FLAG SET.  IF THERE IS INPUT, Z FLAG
F695                             ; IS CLEARED AND THE INPUT BYTE IS IN A.  HOWEVER, IF THE
F695                             ; INPUT IS A CONTROL-O, THE "OCSW" SWITCH IS COMPLIMENTED, AND
F695                             ; Z FLAG IS RETURNED.  IF A CONTROL-C IS READ, "CHKIO" WILL
F695                             ; RESTART TBI AND DO NOT RETURN TO THE CALLER.
F695                             ; 
F695                             ; Do not modify these routines.  Routines requiring
F695                             ; modification are : SERIAL_INIT, RX_RDY, and TX_RDY.
F695                             ;*************************************************************
F695                INIT:        
F695   CD 18 F8               CALL   SERIAL_INIT   ;INITIALIZE THE SIO
F698   AF                     XOR   A   
F699   11 23 F7               LD   DE,MSG1   ;PRINT THE BOOT MESSAGES
F69C   CD 64 F5               CALL   PRTSTG   
F69F   AF                     XOR   A   
F6A0   11 36 F7               LD   DE,MSG2   
F6A3   CD 64 F5               CALL   PRTSTG   
F6A6   21 A1 EF               LD   HL,tinyBasic   
F6A9   22 D3 17               LD   (RANPNT),HL   
F6AC   21 D7 17               LD   HL,TXTBGN   
F6AF   22 D5 17               LD   (TXTUNF),HL   
F6B2   C3 54 F0               JP   RSTART   
F6B5                OUTC:        
F6B5   20 02                  JR   NZ,OUTC2   ;IT IS ON
F6B7   F1                     POP   AF   ;IT IS OFF
F6B8   C9                     RET      ;RESTORE AF AND RETURN
F6B9                OUTC2:       
F6B9   F1                     POP   AF   ;RESTORE THE REGISTER
F6BA   CD 23 F8               CALL   TX_RDY   ;SEND THE BYTE
F6BD   FE 0D                  CP   CR   
F6BF   C0                     RET   NZ   
F6C0   3E 0A                  LD   A,LF   
F6C2   CD B1 EF               CALL   RST10TB   
F6C5   3E 0D                  LD   A,CR   
F6C7   C9                     RET      
F6C8                OUTP:        
F6C8   CD B9 EF               CALL   RST18TB   ;GET PORT NUMBER
F6CB   AF                     XOR   A   ;IS PORT > 255?
F6CC   BC                     CP   H   
F6CD   C2 39 F0               JP   NZ,QHOW   ;YES, NOT A VALID PORT
F6D0   CD A7 EF               CALL   RST08TB   ;IF "," THEN GET DATA
F6D3   2C                     DB   ","   
F6D4   11                     DB   OT1-$-1   
F6D5   E5                     PUSH   HL   
F6D6   CD B9 EF               CALL   RST18TB   ;GET DATA TO OUTPUT
F6D9   AF                     XOR   A   ;IS DATA > 255?
F6DA   BC                     CP   H   
F6DB   C2 39 F0               JP   NZ,QHOW   ;YES, NOT A DATA VALUE
F6DE   7D                     LD   A,L   ;RETRIVE DATA
F6DF   E1                     POP   HL   
F6E0   4D                     LD   C,L   ;RETRIVE PORT
F6E1   ED 79                  OUT   (C),A   ;SEND IT OUT
F6E3   CD CD EF               CALL   RST30TB   
F6E6                OT1:         
F6E6   C3 CD F4               JP   QWHAT   
F6E9                XON:         
F6E9   3E FF                  LD   A,0FFH   ;SET SWTICH TO ON
F6EB   18 01                  JR   XO1   
F6ED                XOFF:        
F6ED   AF                     XOR   A   ;SET SWITCH TO OFF
F6EE                XO1:         
F6EE   32 C0 17               LD   (OCSW),A   ;SAVE NEW SWITCH
F6F1   CD CD EF               CALL   RST30TB   ;CONTINUE
F6F4                CHKIO:       
F6F4   CD 5F F8               CALL   RX_RDY   ;CHECK IF CHARACTER AVAILABLE
F6F7   C8                     RET   Z   ;RETURN IF NO CHARACTER AVAILABLE
F6F8   C5                     PUSH   BC   ;IF IT'S A LF, IGNORE AND RETURN
F6F9   47                     LD   B,A   ; AS IF THERE WAS NO CHARACTER.
F6FA   D6 0A                  SUB   LF   
F6FC   28 0F                  JR   Z,CHKIO2   
F6FE   78                     LD   A,B   ;OTHERWISE RESTORE "A" AND "BC"
F6FF   C1                     POP   BC   ; AND CONTINUE ON.
F700   FE 0F                  CP   CTRLO   ;IS IT CONTROL-0?
F702   20 0C                  JR   NZ,CI1   ;NO, MORE CHECKING
F704   3A C0 17               LD   A,(OCSW)   ;CONTROL-0 FLIPS OCSW
F707   2F                     CPL      ;ON TO OFF, OFF TO ON
F708   32 C0 17               LD   (OCSW),A   
F70B   18 E7                  JR   CHKIO   ;GET ANOTHER INPUT
F70D                CHKIO2:      
F70D   AF                     XOR   A   ;CLEAR A
F70E   C1                     POP   BC   ;RESTORE THE "BC" PAIR
F70F   C9                     RET      ;RETURN WITH "Z" SET.
F710                CI1:         
F710   FE 61                  CP   61H   ;IS IT LOWER THAN "a" ?
F712   38 06                  JR   C,CI2   ;YES
F714   FE 7B                  CP   7BH   ;IS IT HIGHT THAN "z" ?
F716   30 02                  JR   NC,CI2   ;YES
F718   E6 DF                  AND   0DFH   ;MAKE IT UPPER CASE
F71A                CI2:         
F71A   FE 03                  CP   CTRLC   ;IS IT CONTROL-C?
F71C   CA 54 F0               JP   Z,RSTART   ;YES, RESTART TBI
F71F   FE 04                  CP   CTRLD   ;IS IT CONTROL-D?
F721   C0                     RET   NZ   ;NO, RETURN "NZ"
F722   C7                     RST   00H   ;RESTART MONITOR AND EXIT
F723   54 45 43 2D 31 47 20 54 49 4E 59 20 42 41 53 49 43 20 0D MSG1:   DB   "TEC-1G TINY BASIC ",CR   ;CLEAR SCREEN AND BOOT MESSAGE
F736   43 52 41 43 4B 45 44 20 42 59 20 42 20 43 48 49 48 41 20 17 0D MSG2:   DB   "CRACKED BY B CHIHA ",23,CR   
F74B                             ;*************************************************************
F74B                             ; 
F74B                             ; *** TABLES *** DIRECT *** & EXEC ***
F74B                             ; 
F74B                             ; THIS SECTION OF THE CODE TESTS A STRING AGAINST A TABLE.
F74B                             ; WHEN A MATCH IS FOUND, CONTROL IS TRANSFERED TO THE SECTION
F74B                             ; OF CODE ACCORDING TO THE TABLE.
F74B                             ; 
F74B                             ; AT "EXEC", DE SHOULD POINT TO THE STRING AND HL SHOULD POINT
F74B                             ; TO THE TABLE-1.  AT "DIRECT", DE SHOULD POINT TO THE STRING.
F74B                             ; HL WILL BE SET UP TO POINT TO TAB1-1, WHICH IS THE TABLE OF
F74B                             ; ALL DIRECT AND STATEMENT COMMANDS.
F74B                             ; 
F74B                             ; A "." IN THE STRING WILL TERMINATE THE TEST AND THE PARTIAL
F74B                             ; MATCH WILL BE CONSIDERED AS A MATCH.  E.G., "P.", "PR.",
F74B                             ; "PRI.", "PRIN.", OR "PRINT" WILL ALL MATCH "PRINT".
F74B                             ; 
F74B                             ; THE TABLE CONSISTS OF ANY NUMBER OF ITEMS.  EACH ITEM
F74B                             ; IS A STRING OF CHARACTERS WITH BIT 7 SET TO 0 AND
F74B                             ; A JUMP ADDRESS STORED HI-LOW WITH BIT 7 OF THE HIGH
F74B                             ; BYTE SET TO 1.
F74B                             ; 
F74B                             ; END OF TABLE IS AN ITEM WITH A JUMP ADDRESS ONLY.  IF THE
F74B                             ; STRING DOES NOT MATCH ANY OF THE OTHER ITEMS, IT WILL
F74B                             ; MATCH THIS NULL ITEM AS DEFAULT.
F74B                             ;*************************************************************
F74B                TAB1:        ;DIRECT COMMANDS
F74B   4C 49 53 54            DB   "LIST"   
F74F   F1                     DB   LIST/100H   
F750   10                     DB   LIST   
F751   52 55 4E               DB   "RUN"   
F754   F0                     DB   RUN/100H   
F755   E1                     DB   RUN   
F756   4E 45 57               DB   "NEW"   
F759   F0                     DB   NEW/100H   
F75A   D2                     DB   NEW   
F75B                TAB2:        ;DIRECT/STATEMENT
F75B   4E 45 58 54            DB   "NEXT"   
F75F   F2                     DB   NEXT/100H   
F760   2A                     DB   NEXT   
F761   4C 45 54               DB   "LET"   
F764   F3                     DB   LET/100H   
F765   03                     DB   LET   
F766   49 46                  DB   "IF"   
F768   F2                     DB   IFF/100H   
F769   8D                     DB   IFF   
F76A   47 4F 54 4F            DB   "GOTO"   
F76E   F1                     DB   GOTO/100H   
F76F   00                     DB   GOTO   
F770   47 4F 53 55 42         DB   "GOSUB"   
F775   F1                     DB   GOSUB/100H   
F776   8E                     DB   GOSUB   
F777   52 45 54 55 52 4E      DB   "RETURN"   
F77D   F1                     DB   RETURN/100H   
F77E   B0                     DB   RETURN   
F77F   52 45 4D               DB   "REM"   
F782   F2                     DB   REM/100H   
F783   88                     DB   REM   
F784   46 4F 52               DB   "FOR"   
F787   F1                     DB   FOR/100H   
F788   CB                     DB   FOR   
F789   49 4E 50 55 54         DB   "INPUT"   
F78E   F2                     DB   INPUT/100H   
F78F   A8                     DB   INPUT   
F790   50 52 49 4E 54         DB   "PRINT"   
F795   F1                     DB   PRINT/100H   
F796   27                     DB   PRINT   
F797   4F 55 54               DB   "OUT"   
F79A   F6                     DB   OUTP/100H   
F79B   C8                     DB   OUTP   
F79C   53 54 4F 50            DB   "STOP"   
F7A0   F0                     DB   STOP/100H   
F7A1   DB                     DB   STOP   
F7A2   58 4F 4E               DB   "XON"   
F7A5   F6                     DB   XON/100H   
F7A6   E9                     DB   XON   
F7A7   58 4F 46 46            DB   "XOFF"   
F7AB   F6                     DB   XOFF/100H   
F7AC   ED                     DB   XOFF   
F7AD   F2                     DB   DEFLT/100H   
F7AE   FE                     DB   DEFLT   
F7AF                TAB4:        ;FUNCTIONS
F7AF   52 4E 44               DB   "RND"   
F7B2   F4                     DB   RND/100H   
F7B3   14                     DB   RND   
F7B4   41 42 53               DB   "ABS"   
F7B7   F4                     DB   ABS/100H   
F7B8   40                     DB   ABS   
F7B9   50 45 45 4B            DB   "PEEK"   
F7BD   F4                     DB   PEEK/100H   
F7BE   49                     DB   PEEK   
F7BF   53 49 5A 45            DB   "SIZE"   
F7C3   F4                     DB   SIZE/100H   
F7C4   51                     DB   SIZE   
F7C5   F3                     DB   XP40/100H   
F7C6   F3                     DB   XP40   
F7C7                TAB5:        ;"TO" IN "FOR"
F7C7   54 4F                  DB   "TO"   
F7C9   F1                     DB   FR1/100H   
F7CA   DB                     DB   FR1   
F7CB   F4                     DB   QWHAT/100H   
F7CC   CD                     DB   QWHAT   
F7CD                TAB6:        ;"STEP" IN "FOR"
F7CD   53 54 45 50            DB   "STEP"   
F7D1   F1                     DB   FR2/100H   
F7D2   E7                     DB   FR2   
F7D3   F1                     DB   FR3/100H   
F7D4   EC                     DB   FR3   
F7D5                TAB8:        ;RELATION OPERATORS
F7D5   3E 3D                  DB   ">="   
F7D7   F3                     DB   XP11/100H   
F7D8   16                     DB   XP11   
F7D9   23                     DB   "#"   
F7DA   F3                     DB   XP12/100H   
F7DB   1C                     DB   XP12   
F7DC   3E                     DB   ">"   
F7DD   F3                     DB   XP13/100H   
F7DE   22                     DB   XP13   
F7DF   3D                     DB   "="   
F7E0   F3                     DB   XP15/100H   
F7E1   31                     DB   XP15   
F7E2   3C 3D                  DB   "<="   
F7E4   F3                     DB   XP14/100H   
F7E5   29                     DB   XP14   
F7E6   3C                     DB   "<"   
F7E7   F3                     DB   XP16/100H   
F7E8   37                     DB   XP16   
F7E9   F3                     DB   XP17/100H   
F7EA   3D                     DB   XP17   
F7EB   21 4A F7     DIRECT:   LD   HL,TAB1-1   ;*** DIRECT ***
F7EE                EXEC:        ;*** EXEC ***
F7EE   CD C6 EF     EX0:      CALL   RST28TB   ;IGNORE LEADING BLANKS
F7F1   D5                     PUSH   DE   ;SAVE POINTER
F7F2                EX1:         
F7F2   1A                     LD   A,(DE)   ;IF FOUND "." IN STRING
F7F3   13                     INC   DE   ;BEFORE ANY MISMATCH
F7F4   FE 2E                  CP   "."   ;WE DECLARE A MATCH
F7F6   28 12                  JR   Z,EX3   
F7F8   23                     INC   HL   ;HL->TABLE
F7F9   BE                     CP   (HL)   ;IF MATCH, TEST NEXT
F7FA   28 F6                  JR   Z,EX1   
F7FC   3E 7F                  LD   A,7FH   ;ELSE SEE IF BIT 7
F7FE   1B                     DEC   DE   ;OF TABLE IS SET, WHICH
F7FF   BE                     CP   (HL)   ;IS THE JUMP ADDR. (HI)
F800   38 0E                  JR   C,EX5   ;C:YES, MATCHED
F802                EX2:         
F802   23                     INC   HL   ;NC:NO, FIND JUMP ADDR.
F803   BE                     CP   (HL)   
F804   30 FC                  JR   NC,EX2   
F806   23                     INC   HL   ;BUMP TO NEXT TAB. ITEM
F807   D1                     POP   DE   ;RESTORE STRING POINTER
F808   18 E4                  JR   EX0   ;TEST AGAINST NEXT ITEM
F80A                EX3:         
F80A   3E 7F                  LD   A,7FH   ;PARTIAL MATCH, FIND
F80C                EX4:         
F80C   23                     INC   HL   ;JUMP ADDR., WHICH IS
F80D   BE                     CP   (HL)   ;FLAGGED BY BIT 7
F80E   30 FC                  JR   NC,EX4   
F810                EX5:         
F810   7E                     LD   A,(HL)   ;LOAD HL WITH THE JUMP
F811   23                     INC   HL   ;ADDRESS FROM THE TABLE
F812   6E                     LD   L,(HL)   
F813                             ;AND 7FH                         ;MASK OFF BIT 7
F813   00                     NOP      
F814   00                     NOP      
F815   67                     LD   H,A   
F816   F1                     POP   AF   ;CLEAN UP THE GABAGE
F817   E9                     JP   (HL)   ;AND WE GO DO IT
F818                             ;-------------------------------------------------------------------------------
F818                             ;///////////////////////////////////////////////////////////////////////////////
F818                             ;-------------------------------------------------------------------------------
F818                             ;COMPUTER SPECIFIC ROUTINES.
F818                             ;-------------------------------------------------------------------------------
F818                SERIAL_INIT:      
F818   21 00 20               LD   HL,2000H   ;POWER UP DELAY
F81B   CD E2 C6               CALL   timeDelay   
F81E   3E 40                  LD   A,40H   
F820   D3 01                  OUT   (DIGITS),A   ;MAKE THE OUTPUT PORT HIGH
F822   C9                     RET      
F823                             ;-------------------------------------------------------------------------------
F823                TX_RDY:      
F823                             ; This routine sends the character to the output port.  Port is always
F823                             ; ready as init and last part sets output port to high for two stop bits
F823   F5                     PUSH   AF   
F824   C5                     PUSH   BC   
F825   E5                     PUSH   HL   
F826   D5                     PUSH   DE   
F827   F5                     PUSH   AF   
F828   CD 8F CF               CALL   getGLCDTerm   ;CHECK OUTPUT
F82B   B7                     OR   A   ;CHECK VALUE
F82C   28 07                  JR   Z,SERIAL   
F82E                GLCD:        
F82E   F1                     POP   AF   
F82F   4F                     LD   C,A   
F830   CD 3C DB               CALL   sendCharToLCD   
F833   18 25                  JR   TXEXIT   
F835                SERIAL:      
F835   F1                     POP   AF   
F836   21 1B 00               LD   HL,BAUD   ;HL HOLDS THE BIT TIME DELAY
F839   4F                     LD   C,A   ;STORE CHRACTER IN C FOR BIT SENDING
F83A   AF                     XOR   A   ;TRANSMIT THE START BIT
F83B   D3 01                  OUT   (DIGITS),A   
F83D   CD E2 C6               CALL   timeDelay   
F840   06 08                  LD   B,08H   ;TRANSMIT 8 BITS OF DATA
F842   CB 09                  RRC   C   ;SHIFT BIT 0 TO BIT 7
F844                NXTBIT:      
F844   CB 09                  RRC   C   ;SHIFT BITS TO D6
F846   79                     LD   A,C   ;SEND FIRST LSB
F847   E6 40                  AND   40H   ;FOR ONE BIT TIME
F849   D3 01                  OUT   (DIGITS),A   
F84B   CD E2 C6               CALL   timeDelay   
F84E   10 F4                  DJNZ   NXTBIT   ;DO FOR ALL BITS
F850   3E 40                  LD   A,40H   ;SEND THE TWO STOP BITS
F852   D3 01                  OUT   (DIGITS),A   
F854   CD E2 C6               CALL   timeDelay   
F857   CD E2 C6               CALL   timeDelay   
F85A                TXEXIT:      
F85A   D1                     POP   DE   
F85B   E1                     POP   HL   
F85C   C1                     POP   BC   
F85D   F1                     POP   AF   
F85E   C9                     RET      
F85F                             ;-------------------------------------------------------------------------------
F85F                RX_RDY:      
F85F                             ; This routine is for checkif if a character is available over
F85F                             ; serial. If a character is available, it returns to the calling
F85F                             ; function with the character in "A" and the Z-flag reset.
F85F                             ; However, if a character is not available, it returns with the
F85F                             ; Z-flag set.
F85F   C5                     PUSH   BC   
F860   E5                     PUSH   HL   
F861   D5                     PUSH   DE   
F862   CD 8F CF               CALL   getGLCDTerm   ;CHECK INPUT
F865   B7                     OR   A   ;CHECK VALUE
F866   28 0A                  JR   Z,SERIALI   
F868                GLCDI:       
F868   CD 1F CC               CALL   matrixScan   ;READ MATRIX KEYBOARD
F86B   CD E2 D0               CALL   parseMatrixScan   ;PARSE KEY PRESS
F86E   30 0C                  JR   NC,NOCHAR   
F870   18 2F                  JR   RX_EXIT   ;EXIT
F872                SERIALI:      
F872   06 20                  LD   B,20H   ;CHECK FOR START BIT 20H TIMES BEFORE EXITING
F874                LSTARTBIT:      
F874   DB 03                  IN   A,(SYS_INPUT)   
F876   CB 7F                  BIT   7,A   
F878   28 05                  JR   Z,GETCHAR   ;START BIT FOUND, GET CHARACTER
F87A   10 F8                  DJNZ   LSTARTBIT   ;KEEP CHECKING FOR START BIT
F87C                NOCHAR:      
F87C   AF                     XOR   A   ;SET ZERO FLAG
F87D   18 22                  JR   RX_EXIT   ;EXIT
F87F                GETCHAR:      ;START BIT DETECTED
F87F   21 1B 00               LD   HL,BAUD   ;DELAY FOR HALF A
F882   CB 3C                  SRL   H   ;BIT TIME TO SAMPLE THE MIDDLE
F884   CB 1D                  RR   L   ;OF THE BIT CELL
F886   CD E2 C6               CALL   timeDelay   
F889   DB 03                  IN   A,(SYS_INPUT)   
F88B   CB 7F                  BIT   7,A   ;CHECK THE START BIT IS STILL LOW
F88D   20 E5                  JR   NZ,LSTARTBIT   
F88F   06 08                  LD   B,08H   ;VALID START BIT DETECTED
F891                GETBITS:      
F891   21 1B 00               LD   HL,BAUD   
F894   CD E2 C6               CALL   timeDelay   ;DELAY FOR ONE FULL BIT TIME
F897   DB 03                  IN   A,(SYS_INPUT)   
F899   CB 17                  RL   A   
F89B   CB 19                  RR   C   ;SHIFT BIT INTO OUTPUT REGISTER
F89D   10 F2                  DJNZ   GETBITS   
F89F   79                     LD   A,C   
F8A0   B7                     OR   A   ;CLEAR CARRY FLAG AND RESET ZERO FLAG
F8A1                RX_EXIT:      
F8A1   D1                     POP   DE   
F8A2   E1                     POP   HL   
F8A3   C1                     POP   BC   
F8A4   C9                     RET      
F8A5                             ;-------------------------------------------------------------------------------
F8A5                             ;///////////////////////////////////////////////////////////////////////////////
F8A5                             ;-------------------------------------------------------------------------------
F8A5                LSTROM:      ;ALL ABOVE CAN BE ROM
F8A5                             ;HERE DOWN MUST BE RAM
F8A5                          .END      
F8A5                             ; ----------------------------------------------------------------------------
F8A5                             ; 
F8A5                             ; DS1302 RTC API Routines for MON3 - For use with GPIO RTC Card
F8A5                             ; 
F8A5                             ; Written By Craig Hart, 2024
F8A5                             ; 
F8A5                             ; ----------------------------------------------------------------------------
F8A5                             ; 
F8A5                             ; C register - API Call #
F8A5                             ; B register - API Function
F8A5                             ; 
F8A5                             ; Calls return C=1 if failed, C=0 if success
F8A5                             ; 
F8A5                RTCAPI:      
F8A5   78                     LD   a,b   
F8A6   FE 13                  CP   DSAPIFnMax   ; Valid API Number?
F8A8   38 02                  JR   c,APIOk   
F8AA   37           APIERR:   SCF      ; set C flag = Error
F8AB   C9                     RET      
F8AC   87           APIOK:    ADD   a,a   ; 2 byte table
F8AD   E5                     PUSH   hl   
F8AE   C5                     PUSH   bc   
F8AF   06 00                  LD   b,0   
F8B1   4F                     LD   c,a   
F8B2   21 DE FD               LD   hl,DSAPIFunctions   
F8B5   09                     ADD   hl,bc   
F8B6   4E                     LD   c,(hl)   
F8B7   23                     INC   hl   
F8B8   46                     LD   b,(hl)   
F8B9   C5                     PUSH   bc   
F8BA   DD E1                  POP   ix   
F8BC   C1                     POP   bc   
F8BD   E1                     POP   hl   
F8BE   DD E9                  JP   (ix)   
F8C0                             ; ----------------------------------------------------------------------------
F8C0                             ; Determine if a DS1302 is pesent
F8C0                             ; 
F8C0                             ; If all registers return FFh, no DS1302 exists
F8C0                             ; ----------------------------------------------------------------------------
F8C0                CHECKDS1302PRESENT:      
F8C0   D5                     PUSH   de   
F8C1   11 00 8E               LD   de,8E00H   ; clear write protect bit
F8C4   CD 9C FA               CALL   rtc_wr   
F8C7   11 00 90               LD   de,9000H   ; clear trickle charge bits
F8CA   CD 9C FA               CALL   rtc_wr   
F8CD   16 81                  LD   d,81H   
F8CF   CD B1 FA               CALL   rtc_rd   
F8D2   FE 5A                  CP   5AH   ; should come back 00..59h
F8D4   30 0C                  JR   nc,noDS1302   
F8D6   16 8B                  LD   d,8BH   
F8D8   CD B1 FA               CALL   rtc_rd   
F8DB   FE 08                  CP   08H   ; should come back 01..07
F8DD   30 03                  JR   nc,noDS1302   
F8DF   D1                     POP   de   
F8E0   B7                     OR   a   ; clear C flag
F8E1   C9                     RET      
F8E2                NODS1302:      
F8E2   D1                     POP   de   
F8E3   37                     SCF      ; set C flag
F8E4   C9                     RET      
F8E5                             ; ----------------------------------------------------------------------------
F8E5                             ; Reset the DS1302 fully to a known date/time condition
F8E5                             ; does not clear RTC bytes
F8E5                             ; ----------------------------------------------------------------------------
F8E5                RESETDS1302:      
F8E5   D5                     PUSH   de   
F8E6   11 00 8E               LD   de,8E00H   ; clear write protect bit
F8E9   CD 9C FA               CALL   rtc_wr   
F8EC   11 00 90               LD   de,9000H   ; clear trickle charge bits
F8EF   CD 9C FA               CALL   rtc_wr   
F8F2   11 00 80               LD   de,8000H   ; seconds 00
F8F5   CD 9C FA               CALL   rtc_wr   
F8F8   11 00 82               LD   de,8200H   ; minutes 00
F8FB   CD 9C FA               CALL   rtc_wr   
F8FE   11 90 84               LD   de,8490H   ; hours 01, 12 hour mode
F901   CD 9C FA               CALL   rtc_wr   
F904   11 01 86               LD   de,8601H   ; date 01
F907   CD 9C FA               CALL   rtc_wr   
F90A   11 01 88               LD   de,8801H   ; month 01
F90D   CD 9C FA               CALL   rtc_wr   
F910   11 01 8A               LD   de,8A01H   ; day 01 (Monday)
F913   CD 9C FA               CALL   rtc_wr   
F916   11 00 8C               LD   de,8C00H   ; year 00 (2000)
F919   CD 9C FA               CALL   rtc_wr   
F91C   D1                     POP   de   
F91D   B7                     OR   a   ; clear Z flag
F91E   C9                     RET      
F91F                             ; ----------------------------------------------------------------------------
F91F                             ; Returns time
F91F                             ; 
F91F                             ; H = hour      ; bit 5 = am/pm flag (in 12 hr mode). 1=PM
F91F                             ; L = minute
F91F                             ; D = second
F91F                             ; ----------------------------------------------------------------------------
F91F                GETTIME:      
F91F   16 85                  LD   d,85H   ; hour
F921   CD B1 FA               CALL   rtc_rd   
F924   E6 3F                  AND   3FH   ; strip off bits
F926   67                     LD   h,a   
F927   16 83                  LD   d,83H   ; min
F929   CD B1 FA               CALL   rtc_rd   
F92C   6F                     LD   l,a   
F92D   16 81                  LD   d,81H   ; sec
F92F   CD B1 FA               CALL   rtc_rd   
F932   57                     LD   d,a   
F933   B7                     OR   a   
F934   C9                     RET      
F935                             ; ----------------------------------------------------------------------------
F935                             ; Sets time; preserves 12/24 hour mode
F935                             ; 
F935                             ; H = hour             ; bit 5 = am/pm in 12hr mode
F935                             ; L = minute
F935                             ; D = second
F935                             ; ----------------------------------------------------------------------------
F935                SETTIME:      
F935   5A                     LD   e,d   
F936   16 80                  LD   d,80H   ; secs
F938   CD 9C FA               CALL   rtc_wr   
F93B   7C                     LD   a,h   ; mask off junk bits
F93C   E6 3F                  AND   3FH   
F93E   67                     LD   h,a   
F93F   CD AA F9               CALL   get1224Mode   ; get 12/24 flag
F942   B4                     OR   h   
F943   5F                     LD   e,a   
F944   16 84                  LD   d,84H   ; hour
F946   CD 9C FA               CALL   rtc_wr   
F949   5D                     LD   e,l   
F94A   16 82                  LD   d,82H   ; mins
F94C   CD 9C FA               CALL   rtc_wr   
F94F   B7                     OR   a   
F950   C9                     RET      
F951                             ; ----------------------------------------------------------------------------
F951                             ; Returns date
F951                             ; 
F951                             ; H = date
F951                             ; L = month
F951                             ; DE = year 2000..2099
F951                             ; ----------------------------------------------------------------------------
F951                GETDATE:      
F951   C5                     PUSH   bc   
F952   16 87                  LD   d,87H   ; date
F954   CD B1 FA               CALL   rtc_rd   
F957   67                     LD   h,a   
F958   16 89                  LD   d,89H   ; month
F95A   CD B1 FA               CALL   rtc_rd   
F95D   6F                     LD   l,a   
F95E   16 8D                  LD   d,8DH   ; year
F960   CD B1 FA               CALL   rtc_rd   
F963   5F                     LD   e,a   
F964   16 20                  LD   d,20H   ; Add "20"xxh
F966   C1                     POP   bc   
F967   B7                     OR   a   
F968   C9                     RET      
F969                             ; ----------------------------------------------------------------------------
F969                             ; sets date
F969                             ; 
F969                             ; H = date
F969                             ; L = month
F969                             ; DE = year (Decimal) 2000..2099
F969                             ; ----------------------------------------------------------------------------
F969                SETDATE:      
F969   16 8C                  LD   d,8CH   ; year  (just ignore "20"xxh)
F96B   CD 9C FA               CALL   rtc_wr   
F96E   16 88                  LD   d,88H   ; month
F970   5D                     LD   e,l   
F971   CD 9C FA               CALL   rtc_wr   
F974   16 86                  LD   d,86H   ; date
F976   5C                     LD   e,h   
F977   CD 9C FA               CALL   rtc_wr   
F97A   B7                     OR   a   
F97B   C9                     RET      
F97C                             ; ----------------------------------------------------------------------------
F97C                             ; Returns day in D
F97C                             ; returns HL points to day ASCIIZ String
F97C                             ; ----------------------------------------------------------------------------
F97C                GETDAY:      
F97C   16 8B                  LD   d,8BH   ; day
F97E   CD B1 FA               CALL   rtc_rd   
F981   E6 07                  AND   07H   
F983   57                     LD   d,a   
F984   21 7B FD               LD   hl,daysList   
F987   3D                     DEC   a   
F988   FE 00                  CP   0   
F98A   28 09                  JR   z,foundDay   
F98C   47                     LD   b,a   
F98D                DAYLOOP:      
F98D   7E                     LD   a,(HL)   
F98E   23                     INC   hl   
F98F   FE 00                  CP   0   
F991   20 FA                  JR   nz,dayLoop   
F993   10 F8                  DJNZ   dayLoop   
F995                FOUNDDAY:      
F995   B7                     OR   a   
F996   C9                     RET      
F997                             ; ----------------------------------------------------------------------------
F997                             ; sets day from D - 01..07
F997                             ; ----------------------------------------------------------------------------
F997                SETDAY:      
F997   7A                     LD   a,d   
F998   FE 00                  CP   0   
F99A   20 02                  JR   nz,validDay   
F99C   37                     SCF      
F99D   C9                     RET      
F99E                VALIDDAY:      
F99E   D5                     PUSH   de   
F99F   E6 07                  AND   07H   
F9A1   5F                     LD   e,a   
F9A2   16 8A                  LD   d,8AH   ; day
F9A4   CD 9C FA               CALL   rtc_wr   
F9A7   D1                     POP   de   
F9A8   B7                     OR   a   
F9A9   C9                     RET      
F9AA                             ; ----------------------------------------------------------------------------
F9AA                             ; Returns 12hr / 24hr mode. A = 00h = 24 hour mode, 80h = 12 hr mode
F9AA                             ; ----------------------------------------------------------------------------
F9AA                GET1224MODE:      
F9AA   D5                     PUSH   de   
F9AB   16 85                  LD   d,85H   ; hour
F9AD   CD B1 FA               CALL   rtc_rd   
F9B0   E6 80                  AND   80H   ; mask bits
F9B2   D1                     POP   de   
F9B3   B7                     OR   a   
F9B4   C9                     RET      
F9B5                             ; ----------------------------------------------------------------------------
F9B5                             ; Sets 12hr mode
F9B5                             ; no prameters
F9B5                             ; ----------------------------------------------------------------------------
F9B5                SET12HRMODE:      
F9B5   16 85                  LD   d,85H   ; hour
F9B7   CD B1 FA               CALL   rtc_rd   
F9BA   CB 7F                  BIT   7,a   ; is it already 12 hr mode?
F9BC   28 02                  JR   z,pr12   
F9BE   37                     SCF      ; already 12 hour mode dude!
F9BF   C9                     RET      
F9C0   E6 3F        PR12:     AND   3FH   ; 24 hour to 12 hour - strip bits
F9C2   FE 00                  CP   00H   
F9C4   20 04                  JR   nz,notMidnight   
F9C6   3E 92                  LD   a,92H   ; 12am + 12 hour flag
F9C8   18 34                  JR   setHour   
F9CA                NOTMIDNIGHT:      
F9CA   FE 12                  CP   12H   
F9CC   28 09                  JR   z,setpm   ; 12pm exactly?
F9CE   30 04                  JR   nc,ispm   ; >12 ?
F9D0   F6 80                  OR   80H   ; <12, so hours same, set 12 hour flag
F9D2   18 2A                  JR   setHour   
F9D4   D6 12        ISPM:     SUB   12H   ; convert to 12 hr time
F9D6   27                     DAA      
F9D7   F6 A0        SETPM:    OR   0A0H   ; set 12 hour flag + PM fag
F9D9   18 23                  JR   setHour   
F9DB                             ; ----------------------------------------------------------------------------
F9DB                             ; Sets 24hr mode
F9DB                             ; no prameters
F9DB                             ; ----------------------------------------------------------------------------
F9DB                SET24HRMODE:      
F9DB   16 85                  LD   d,85H   ; hour
F9DD   CD B1 FA               CALL   rtc_rd   
F9E0   CB 7F                  BIT   7,a   ; is it already 24 hr mode?
F9E2   20 02                  JR   nz,pr24   
F9E4   37                     SCF      ; already 24 hour mode dude!
F9E5   C9                     RET      
F9E6   E6 3F        PR24:     AND   3FH   ; strip bits 7 and 6 to set 24h mode
F9E8   CB 6F                  BIT   5,a   ; was it pm?
F9EA   28 0B                  JR   z,fixt   ; am? if so am is same as 24hr
F9EC   E6 1F                  AND   1FH   ; clear PM flag
F9EE   FE 12                  CP   12H   ; is it 12pm? no change
F9F0   28 0C                  JR   z,setHour   
F9F2   C6 12                  ADD   a,12H   ; adjust by adding 12 hours
F9F4   27                     DAA      ; in BCD
F9F5   18 07                  JR   setHour   
F9F7   FE 12        FIXT:     CP   12H   ; 12am = 00 hours
F9F9   20 01                  JR   nz,nofix   
F9FB   AF                     XOR   a   
F9FC   E6 1F        NOFIX:    AND   1FH   ; clear PM flag
F9FE                             ; sethour is a Shared function of above 2 calls
F9FE                SETHOUR:      
F9FE   5F                     LD   e,a   ; set clock
F9FF   16 84                  LD   d,84H   
FA01   CD 9C FA               CALL   rtc_wr   
FA04   B7                     OR   a   
FA05   C9                     RET      
FA06                             ; ----------------------------------------------------------------------------
FA06                             ; formatTime takes in a time, and outputs it as a well structured string
FA06                             ; 
FA06                             ; note -- must supply bit 7 if 12hr!!!
FA06                             ; 
FA06                             ; H = hour      ; bit 7 = 12/24hr. bit 5 = am/pm flag (in 12 hr mode). 1=PM
FA06                             ; L = minute
FA06                             ; D = second
FA06                             ; 
FA06                             ; IY = pointer to where to write output
FA06                             ; ----------------------------------------------------------------------------
FA06                FORMATTIME:      
FA06   D5                     PUSH   de   
FA07   FD E5                  PUSH   iy   
FA09   D1                     POP   de   
FA0A   7C                     LD   a,h   ; get hours
FA0B   CB 7F                  BIT   7,a   ; 1 = 12 hour
FA0D   28 02                  JR   z,is24   
FA0F   E6 1F                  AND   1FH   
FA11   E6 3F        IS24:     AND   3FH   
FA13   CD AD C8               CALL   AToString   
FA16   3E 3A                  LD   a,":"   ; add deliminator
FA18   12                     LD   (de),a   
FA19   13                     INC   de   
FA1A   7D                     LD   a,l   ; get minutes
FA1B   CD AD C8               CALL   AToString   
FA1E   3E 3A                  LD   a,":"   ; add deliminator
FA20   12                     LD   (de),a   
FA21   13                     INC   de   
FA22   C1                     POP   bc   
FA23   78                     LD   a,b   ; set seconds
FA24   CD AD C8               CALL   AToString   
FA27   7C                     LD   a,h   ; work out if AM or PM, or 24 hour mode
FA28   CB 7F                  BIT   7,a   
FA2A   28 14                  JR   z,noampm   ; skip AM/PM if 24 hour mode
FA2C   3E 20                  LD   a," "   ; add space
FA2E   12                     LD   (de),a   
FA2F   13                     INC   de   
FA30   06 41                  LD   b,"A"   
FA32   7C                     LD   a,h   ; is it AM or PM
FA33   E6 20                  AND   20H   
FA35   28 02                  JR   z,isam   
FA37   06 50                  LD   b,"P"   
FA39   78           ISAM:     LD   a,b   ; copy 2 bytes AM or PM to buffer
FA3A   12                     LD   (de),a   
FA3B   13                     INC   de   
FA3C   3E 4D                  LD   a,"M"   
FA3E   12                     LD   (de),a   
FA3F   13                     INC   de   
FA40   AF           NOAMPM:   XOR   a   ; null terminate string
FA41   12                     LD   (de),a   
FA42   C9                     RET      
FA43                             ; ----------------------------------------------------------------------------
FA43                             ; formatDate takes in a date, and outputs it as a well structured string
FA43                             ; 
FA43                             ; H = date
FA43                             ; L = month
FA43                             ; DE = year
FA43                             ; 
FA43                             ; IY = pointer to where to write output
FA43                             ; ----------------------------------------------------------------------------
FA43                FORMATDATE:      
FA43   D5                     PUSH   de   
FA44   FD E5                  PUSH   iy   
FA46   D1                     POP   de   
FA47   7C                     LD   a,h   
FA48   CD AD C8               CALL   AToString   
FA4B   3E 2F                  LD   a,"/"   
FA4D   12                     LD   (de),a   
FA4E   13                     INC   de   
FA4F   7D                     LD   a,l   
FA50   CD AD C8               CALL   AToString   
FA53   3E 2F                  LD   a,"/"   
FA55   12                     LD   (de),a   
FA56   13                     INC   de   
FA57   C1                     POP   bc   ; year now in BC
FA58   78                     LD   a,b   
FA59   CD AD C8               CALL   AToString   
FA5C   79                     LD   a,c   
FA5D   CD AD C8               CALL   AToString   
FA60   3E 00                  LD   a,0   
FA62   12                     LD   (de),a   
FA63   C9                     RET      
FA64                             ; ----------------------------------------------------------------------------
FA64                             ; Input:        D = byte to return 0..30
FA64                             ; Output:       A = byte read
FA64                             ; ----------------------------------------------------------------------------
FA64                READRTCBYTE:      
FA64   7A                     LD   a,d   
FA65   16 00                  LD   d,0   
FA67   FE 1F                  CP   31   
FA69   D0                     RET   nc   ;exit if greater then 30
FA6A   87                     ADD   a,a   ;Double in to get read index
FA6B   C6 C1                  ADD   a,0C1H   
FA6D   57                     LD   d,a   
FA6E   CD B1 FA               CALL   rtc_rd   
FA71   B7                     OR   a   
FA72   C9                     RET      
FA73                             ; ----------------------------------------------------------------------------
FA73                             ; Input:        DE = register and byte to write, D=0..30
FA73                             ; ----------------------------------------------------------------------------
FA73                WRITERTCBYTE:      
FA73   7A                     LD   a,d   
FA74   FE 1F                  CP   31   
FA76   D0                     RET   nc   ;exit if greater then 30
FA77   87                     ADD   a,a   ;Double it to get write index
FA78   C6 C0                  ADD   a,0C0H   
FA7A   57                     LD   d,a   
FA7B   CD 9C FA               CALL   rtc_wr   
FA7E   B7                     OR   a   
FA7F   C9                     RET      
FA80                             ; ----------------------------------------------------------------------------
FA80                             ; Reads all 31 RTC RAM bytes to userbuffer
FA80                             ; input: HL = location to write to (31 bytes to be written)
FA80                             ; ----------------------------------------------------------------------------
FA80                BURSTRTCREAD:      
FA80   C5                     PUSH   bc   
FA81   D5                     PUSH   de   
FA82   0E FC                  LD   c,RTC_PORT   
FA84   3E 10                  LD   a,10H   ; raise CS, enable data out
FA86   ED 79                  OUT   (c),a   
FA88   16 FF                  LD   d,0FFH   ; ram burst
FA8A   CD C4 FA               CALL   bytelpW   ; write D to select the register
FA8D   06 1F                  LD   b,31   
FA8F   CD D6 FA     BREAD:    CALL   bytelpR   ; read value (into D)
FA92   72                     LD   (hl),d   
FA93   23                     INC   hl   
FA94   10 F9                  DJNZ   bRead   
FA96   AF                     XOR   a   ; drop CS & clear CF
FA97   ED 79                  OUT   (c),a   
FA99   D1                     POP   de   
FA9A   C1                     POP   bc   
FA9B   C9                     RET      
FA9C                             ; ----------------------------------------------------------------------------
FA9C                             ; Write cycle. Writes 2 bytes
FA9C                             ; D = command/register
FA9C                             ; E = data byte
FA9C                             ; ----------------------------------------------------------------------------
FA9C                RTC_WR:      
FA9C   F5                     PUSH   af   
FA9D   C5                     PUSH   bc   
FA9E   0E FC                  LD   c,RTC_PORT   
FAA0   3E 10                  LD   a,10H   ; raise CS, enable data in
FAA2   ED 79                  OUT   (c),a   
FAA4   CD C4 FA               CALL   bytelpW   ; write D to select the register
FAA7   53                     LD   d,e   
FAA8   CD C4 FA               CALL   bytelpW   ; write E - the data
FAAB   AF                     XOR   a   ; drop CS
FAAC   ED 79                  OUT   (c),a   
FAAE   C1                     POP   bc   
FAAF   F1                     POP   af   
FAB0   C9                     RET      
FAB1                             ; ----------------------------------------------------------------------------
FAB1                             ; Read cycle. Writes command and reads result
FAB1                             ; D = command/register needed
FAB1                             ; A = result
FAB1                             ; ----------------------------------------------------------------------------
FAB1                RTC_RD:      
FAB1   C5                     PUSH   bc   
FAB2   0E FC                  LD   c,RTC_PORT   
FAB4   3E 10                  LD   a,10H   ; raise CS, enable data out
FAB6   ED 79                  OUT   (c),a   
FAB8   CD C4 FA               CALL   bytelpW   ; write D to select the register
FABB   CD D6 FA               CALL   bytelpR   ; read value (into D)
FABE   AF                     XOR   a   ; drop CS
FABF   ED 79                  OUT   (c),a   
FAC1   7A                     LD   a,d   ; return value in A
FAC2   C1                     POP   bc   
FAC3   C9                     RET      
FAC4                             ; ----------------------------------------------------------------------------
FAC4                             ; write one byte to the DS1302
FAC4                             ; byte in D
FAC4                             ; ----------------------------------------------------------------------------
FAC4                BYTELPW:      
FAC4   C5                     PUSH   bc   
FAC5   06 08                  LD   b,8   
FAC7   CB 3A        BLP:      SRL   d   ; data bit 0 to carry
FAC9   3E 20                  LD   a,20H   
FACB   1F                     RRA      ; carry to data bit 7
FACC   ED 79                  OUT   (c),a   ; setup bus - drops clock
FACE   F6 40                  OR   40H   ; raise CLK
FAD0   ED 79                  OUT   (c),a   
FAD2   10 F3                  DJNZ   blp   
FAD4   C1                     POP   bc   
FAD5   C9                     RET      
FAD6                             ; ----------------------------------------------------------------------------
FAD6                             ; Read one byte from the DS1302
FAD6                             ; byte read is returned in D
FAD6                             ; ----------------------------------------------------------------------------
FAD6                BYTELPR:      
FAD6   C5                     PUSH   bc   
FAD7   06 08                  LD   b,8   
FAD9   16 00                  LD   d,0   
FADB   3E 30        BLP2:     LD   a,30H   
FADD   F6 40                  OR   40H   ; raise CLK
FADF   ED 79                  OUT   (c),a   
FAE1   E6 BF                  AND   0BFH   ; drop CLK
FAE3   ED 79                  OUT   (c),a   
FAE5   ED 58                  IN   e,(c)   ; read value
FAE7   CB 3B                  SRL   e   
FAE9   CB 1A                  RR   d   
FAEB   10 EE                  DJNZ   blp2   
FAED   C1                     POP   bc   
FAEE   C9                     RET      
FAEF                             ; ----------------------------------------------------------------------------
FAEF                             ; Conversion routine - BCD to true Binary
FAEF                             ; input:  A = BCD value
FAEF                             ; output: A = binary value
FAEF                             ; ----------------------------------------------------------------------------
FAEF                BCDTOBIN:      
FAEF   C5                     PUSH   bc   
FAF0   4F                     LD   c,a   
FAF1   E6 F0                  AND   0F0H   
FAF3   CB 3F                  SRL   a   
FAF5   47                     LD   b,a   
FAF6   CB 3F                  SRL   a   
FAF8   CB 3F                  SRL   a   
FAFA   80                     ADD   a,b   
FAFB   47                     LD   b,a   
FAFC   79                     LD   a,c   
FAFD   E6 0F                  AND   0FH   
FAFF   80                     ADD   a,b   
FB00   C1                     POP   bc   
FB01   C9                     RET      
FB02                             ; ----------------------------------------------------------------------------
FB02                             ; Conversion routine - Binary to BCD
FB02                             ; input:  A = binary value
FB02                             ; output: A = BCD value
FB02                             ; ----------------------------------------------------------------------------
FB02                BINTOBCD:      
FB02   C5                     PUSH   bc   
FB03   06 0A                  LD   b,10   
FB05   0E FF                  LD   c,-1   
FB07   0C           DIV10:    INC   c   
FB08   90                     SUB   b   
FB09   30 FC                  JR   nc,div10   
FB0B   80                     ADD   a,b   
FB0C   47                     LD   b,a   
FB0D   79                     LD   a,c   
FB0E   87                     ADD   a,a   
FB0F   87                     ADD   a,a   
FB10   87                     ADD   a,a   
FB11   87                     ADD   a,a   
FB12   B0                     OR   b   
FB13   C1                     POP   bc   
FB14   C9                     RET      
FB15                             ; ----------------------------------------------------------------------------
FB15                             ; Stand Alone, RTC configuration and PRAM Viewer
FB15                             ; Setting time:
FB15                             ;       0 sets hours
FB15                             ;       1 sets minutes
FB15                             ;       2 resets seconds to 00
FB15                             ;       3 toggles 12/24 hour time
FB15                             ; 
FB15                             ; Setting calendar:
FB15                             ;       4 sets day of week
FB15                             ;       5 sets date
FB15                             ;       6 sets month
FB15                             ;       7 sets year
FB15                             ; 
FB15                             ; Special Keys:
FB15                             ; 
FB15                             ; A - Reset the DS1302 to 01/01/2000, 01:00.00am & 12hr mode
FB15                             ; D - DUMPs the RTC RAM to LCD (Addr to exit dump mode) where
FB15                             ;       + Moves down RAM list
FB15                             ;       - Moves up RAM list
FB15                             ;       AD Exits back to RTC Setup
FB15                             ; Addr - Exit
FB15                             ; ----------------------------------------------------------------------------
FB15                RTCSETUP:      
FB15                             ; clear the LCD
FB15   06 01                  LD   b,01H   ;clear LCD
FB17   0E 0F                  LD   c,15   ;command to LCD
FB19   D7                     RST   10H   
FB1A                             ; setup RTC chip
FB1A   CD C0 F8               CALL   checkDS1302Present   
FB1D                             ;Carry set = No RTC
FB1D   30 22                  JR   nc,clockLoop   ;RTC Found, continue with program
FB1F   21 2C FB               LD   hl,noRTC   ;Load HL with no RTC Found text
FB22   0E 0D                  LD   c,13   ;string to LCD
FB24   D7                     RST   10H   
FB25   11 75 FD               LD   de,segDisp   
FB28   E7                     RST   20H   
FB29   30 FA                  JR   nc,$-4   
FB2B   C9                     RET      ;exit back to calling routine
FB2C   52 54 43 20 4D 6F 64 75 6C 65 20 6E 6F 74 20 66 6F 75 6E 64 00 NORTC:   DB   "RTC Module not found",0   
FB41                             ; Main Loop
FB41                CLOCKLOOP:      
FB41                             ; read RTC and store time
FB41   CD 3E FD               CALL   getRTCTime   
FB44                             ; display time and date on LCD
FB44   3A 01 09               LD   a,(RTC_OSEC)   ;get old seconds
FB47   47                     LD   b,a   ;save old seconds
FB48   3A 00 09               LD   a,(RTC_SECS)   ;get current seconds
FB4B   B8                     CP   b   ;are they the same?
FB4C   28 59                  JR   z,keyRTC   ;yes, skip updating LCD
FB4E                             ; seconds have changed, update LCD
FB4E   32 01 09               LD   (RTC_OSEC),a   ;save new seconds in old
FB51                RTCUPDATE:      
FB51   06 02                  LD   b,02H   ;set LCD Cursor to top left
FB53   0E 0F                  LD   c,15   ;command to LCD
FB55   D7                     RST   10H   
FB56   CD 3E FD               CALL   getRTCTime   
FB59                             ;format time
FB59   FD 21 08 09            LD   iy,RTC_BUFF   ;get LCD buffer
FB5D   CD 06 FA               CALL   formatTime   
FB60   21 08 09               LD   hl,RTC_BUFF   ;get new buffer
FB63   0E 0D                  LD   c,13   ;string to LCD
FB65   D7                     RST   10H   
FB66                             ; LCD section, calendar
FB66   06 C0                  LD   b,0C0H   ;Cursor to row 2
FB68   0E 0F                  LD   c,15   ;command to LCD
FB6A   D7                     RST   10H   
FB6B   CD 7C F9               CALL   getDay   ;get Day as a string
FB6E   0E 0D                  LD   c,13   ;string to LCD
FB70   D7                     RST   10H   
FB71   FD 21 08 09            LD   iy,RTC_BUFF   ;get LCD buffer
FB75   3E 20                  LD   a," "   ;add space
FB77   FD 77 00               LD   (iy),a   
FB7A   FD 23                  INC   iy   
FB7C   CD 51 F9               CALL   getDate   
FB7F   7C                     LD   a,h   ;save day
FB80   32 04 09               LD   (RTC_DAY),a   
FB83   7D                     LD   a,l   ;save month
FB84   32 05 09               LD   (RTC_MONTH),a   
FB87   ED 53 06 09            LD   (RTC_YEAR),de   ;save year
FB8B   CD 43 FA               CALL   formatDate   
FB8E                             ; display date on LCD
FB8E   21 08 09               LD   hl,RTC_BUFF   
FB91   0E 0D                  LD   c,13   ;string to LCD
FB93   D7                     RST   10H   
FB94                             ; display help on LCD
FB94   06 94                  LD   b,94H   ;Cursor to row 3
FB96   0E 0F                  LD   c,15   ;command to LCD
FB98   D7                     RST   10H   
FB99   21 B4 FD               LD   hl,helpList   ;Load HL help text
FB9C   0E 0D                  LD   c,13   ;string to LCD
FB9E   D7                     RST   10H   
FB9F   06 D4                  LD   b,0D4H   ;Cursor to row 4
FBA1   0E 0F                  LD   c,15   ;command to LCD
FBA3   D7                     RST   10H   
FBA4   0E 0D                  LD   c,13   ;string to LCD
FBA6   D7                     RST   10H   
FBA7                             ; keystroke handling section
FBA7                KEYRTC:      
FBA7   11 75 FD               LD   de,segDisp   
FBAA   E7                     RST   20H   
FBAB   D2 41 FB               JP   nc,clockLoop   ;loop if no key or repeat key
FBAE   FE 13                  CP   13H   ;Addr key?
FBB0   C8                     RET   z   ;exit program
FBB1                KEYTRYF:      
FBB1   FE 0F                  CP   0FH   ;F = reset clock
FBB3   20 06                  JR   nz,keyTry0   
FBB5   CD E5 F8               CALL   resetDS1302   
FBB8   C3 41 FB               JP   clockLoop   
FBBB                KEYTRY0:      
FBBB   B7                     OR   a   ;Hours adjust
FBBC   20 33                  JR   nz,keyTry1   
FBBE   3A 03 09               LD   a,(RTC_HOURS)   
FBC1   CB 7F                  BIT   7,a   ;check if 24 hours
FBC3   20 09                  JR   nz,set12   
FBC5   3C                     INC   a   ;set to next hour
FBC6   27                     DAA      
FBC7   FE 24                  CP   24H   ;is it 24
FBC9   20 17                  JR   nz,saveTime   
FBCB   AF                     XOR   a   
FBCC   18 14                  JR   saveTime   
FBCE   4F           SET12:    LD   c,a   
FBCF   E6 A0                  AND   0A0H   ;mask out bits 7 and 5
FBD1   57                     LD   d,a   
FBD2   79                     LD   a,c   ;restore A
FBD3   E6 1F                  AND   1FH   ;mask off junk bits
FBD5   3C                     INC   a   
FBD6   27                     DAA      
FBD7   FE 13                  CP   13H   ;is it 13 o'clock?
FBD9   20 06                  JR   nz,noflip   
FBDB   7A                     LD   a,d   ;get AM/PM bits
FBDC   EE 20                  XOR   20H   ;toggle bit 5
FBDE   3C                     INC   a   ;make it 1 o'clock
FBDF   18 01                  JR   saveTime   
FBE1   B2           NOFLIP:   OR   d   ;add AM/PM bits
FBE2                SAVETIME:      
FBE2   67                     LD   h,a   ;save adjusted hours
FBE3   3A 02 09               LD   a,(RTC_MINS)   ;save minutes
FBE6   6F                     LD   l,a   
FBE7   3A 00 09               LD   a,(RTC_SECS)   ;save seconds
FBEA   57                     LD   d,a   
FBEB                             ;Set the time with HL,D
FBEB                STTIME:      
FBEB   CD 35 F9               CALL   setTime   ;set time
FBEE   C3 51 FB               JP   RTCUpdate   
FBF1                KEYTRY1:      
FBF1   FE 01                  CP   1   ;minutes adjust
FBF3   20 0E                  JR   nz,keyTry2   
FBF5   CD 1F F9               CALL   getTime   
FBF8   7D                     LD   a,l   ;get minutes
FBF9   3C                     INC   a   
FBFA   27                     DAA      
FBFB   FE 60                  CP   60H   ;is it over 59?
FBFD   20 01                  JR   nz,$+3   ;skip xor
FBFF   AF                     XOR   a   ;reset to zero
FC00   6F                     LD   l,a   ;save minutes
FC01   18 E8                  JR   stTime   
FC03                KEYTRY2:      
FC03   FE 02                  CP   2   ;seconds adjust
FC05   20 07                  JR   nz,keyTry3   
FC07   CD 1F F9               CALL   getTime   
FC0A   16 00                  LD   d,0   ;reset to zero seconds
FC0C   18 DD                  JR   stTime   
FC0E                KEYTRY3:      
FC0E   FE 03                  CP   3   ;12/24 hour mode
FC10   20 18                  JR   nz,keyTry4   
FC12   06 01                  LD   b,01H   ;clear LCD screen to fix AM/PM sign
FC14   0E 0F                  LD   c,15   ;command to LCD
FC16   D7                     RST   10H   
FC17   3A 03 09               LD   a,(RTC_HOURS)   ;get hours
FC1A   CB 7F                  BIT   7,a   ;is it 12 hour mode?
FC1C   20 06                  JR   nz,to24   
FC1E   CD B5 F9               CALL   set12HrMode   
FC21   C3 51 FB               JP   RTCUpdate   
FC24   CD DB F9     TO24:     CALL   set24HrMode   
FC27   C3 51 FB               JP   RTCUpdate   
FC2A                KEYTRY4:      
FC2A   FE 04                  CP   4   ;get day
FC2C   20 17                  JR   nz,keyTry5   
FC2E   CD 7C F9               CALL   getDay   
FC31   7A                     LD   a,d   
FC32   3C                     INC   a   
FC33   FE 08                  CP   8   
FC35   20 02                  JR   nz,$+4   
FC37   3E 01                  LD   a,1   
FC39   57                     LD   d,a   
FC3A   CD 97 F9               CALL   setDay   
FC3D   06 01                  LD   b,01H   ;clear LCD screen to fix AM/PM sign
FC3F   0E 0F                  LD   c,15   ;command to LCD
FC41   D7                     RST   10H   
FC42   C3 51 FB               JP   RTCUpdate   
FC45                KEYTRY5:      
FC45   FE 05                  CP   5   ;get day of month
FC47   20 16                  JR   nz,keyTry6   
FC49   3A 04 09               LD   a,(RTC_DAY)   
FC4C   3C                     INC   a   
FC4D   27                     DAA      
FC4E   FE 32                  CP   32H   
FC50   20 02                  JR   nz,$+4   
FC52   3E 01                  LD   a,1   
FC54   67                     LD   h,a   
FC55   3A 05 09               LD   a,(RTC_MONTH)   
FC58   6F                     LD   l,a   
FC59   ED 5B 06 09            LD   de,(RTC_YEAR)   
FC5D   18 32                  JR   setYear   
FC5F                KEYTRY6:      
FC5F   FE 06                  CP   6   ;get month
FC61   20 16                  JR   nz,keyTry7   
FC63   3A 05 09               LD   a,(RTC_MONTH)   
FC66   3C                     INC   a   
FC67   27                     DAA      
FC68   FE 13                  CP   13H   
FC6A   20 02                  JR   nz,$+4   
FC6C   3E 01                  LD   a,1   
FC6E   6F                     LD   l,a   
FC6F   3A 04 09               LD   a,(RTC_DAY)   
FC72   67                     LD   h,a   
FC73   ED 5B 06 09            LD   de,(RTC_YEAR)   
FC77   18 18                  JR   setYear   
FC79                KEYTRY7:      
FC79   FE 07                  CP   7   ;get year
FC7B   20 1A                  JR   nz,keyTry8   
FC7D   ED 5B 06 09            LD   de,(RTC_YEAR)   
FC81   7B                     LD   a,e   
FC82   3C                     INC   a   
FC83   27                     DAA      
FC84   5F                     LD   e,a   
FC85   ED 53 06 09            LD   (RTC_YEAR),de   
FC89   3A 04 09               LD   a,(RTC_DAY)   
FC8C   67                     LD   h,a   
FC8D   3A 05 09               LD   a,(RTC_MONTH)   
FC90   6F                     LD   l,a   
FC91                SETYEAR:      
FC91   CD 69 F9               CALL   setDate   
FC94   C3 51 FB               JP   RTCUpdate   
FC97                KEYTRY8:      
FC97   FE 08                  CP   8   ;PRAM view
FC99   C2 41 FB               JP   nz,clockLoop   
FC9C   CD A2 FC               CALL   dumpRAM   ;Display PRAM
FC9F   C3 41 FB               JP   clockLoop   
FCA2                             ; Display the contents of the RTC RAM (PRAM) bytes (31 bytes) on the LCD
FCA2                DUMPRAM:      
FCA2   21 1D 09               LD   hl,RTC_RAM   
FCA5   CD 80 FA               CALL   burstRTCRead   ;put RAM data in RTC_RAM location
FCA8   AF                     XOR   a   
FCA9   32 3C 09               LD   (RAM_PTR),a   
FCAC                DUMPLOOP:      
FCAC   3A 3C 09               LD   a,(RAM_PTR)   ;get pointer (0,1 or 2)
FCAF   87                     ADD   a,a   ;x2
FCB0   47                     LD   b,a   
FCB1   87                     ADD   a,a   ;x4
FCB2   80                     ADD   a,b   ;x6
FCB3   21 1D 09               LD   hl,RTC_RAM   ;index HL to pointer position
FCB6   85                     ADD   a,l   
FCB7   6F                     LD   l,a   
FCB8   06 01                  LD   b,01H   ;clear LCD
FCBA   0E 0F                  LD   c,15   ;command to LCD
FCBC   D7                     RST   10H   
FCBD   CD 09 FD               CALL   displayRAMline   
FCC0   06 C0                  LD   b,0C0H   ;set second row
FCC2   0E 0F                  LD   c,15   ;command to LCD
FCC4   D7                     RST   10H   
FCC5   CD 09 FD               CALL   displayRAMline   
FCC8   06 94                  LD   b,94H   ;set third row
FCCA   0E 0F                  LD   c,15   ;command to LCD
FCCC   D7                     RST   10H   
FCCD   CD 09 FD               CALL   displayRAMline   
FCD0   06 D4                  LD   b,0D4H   ;set forth row
FCD2   0E 0F                  LD   c,15   ;command to LCD
FCD4   D7                     RST   10H   
FCD5   CD 09 FD               CALL   displayRAMline   
FCD8                             ;get key input
FCD8                DUMPKEY:      
FCD8   11 75 FD               LD   de,segDisp   
FCDB   E7                     RST   20H   
FCDC   30 FA                  JR   nc,dumpKey   
FCDE   FE 13                  CP   13H   ;is it Addr?
FCE0   20 06                  JR   nz,keyTryPlus   
FCE2   06 01                  LD   b,01H   ;clear LCD
FCE4   0E 0F                  LD   c,15   ;command to LCD
FCE6   D7                     RST   10H   
FCE7   C9                     RET      
FCE8                KEYTRYPLUS:      
FCE8   FE 10                  CP   10H   ;is it plus key?
FCEA   20 0D                  JR   nz,keyTryMinus   
FCEC   3A 3C 09               LD   a,(RAM_PTR)   ;get pointer
FCEF   FE 02                  CP   2   ;is it at bottom?
FCF1   28 E5                  JR   z,dumpKey   ;yet, get key again
FCF3   3C                     INC   a   
FCF4   32 3C 09               LD   (RAM_PTR),a   ;save it
FCF7   18 B3                  JR   dumpLoop   
FCF9                KEYTRYMINUS:      
FCF9   FE 11                  CP   11H   ;is it minus key?
FCFB   20 DB                  JR   nz,dumpKey   ;get key again
FCFD   3A 3C 09               LD   a,(RAM_PTR)   ;get pointer
FD00   B7                     OR   a   ;is it at top?
FD01   28 D5                  JR   z,dumpKey   ;yet, get key again
FD03   3D                     DEC   a   
FD04   32 3C 09               LD   (RAM_PTR),a   ;save it
FD07   18 A3                  JR   dumpLoop   
FD09                DISPLAYRAMLINE:      
FD09   CD 12 FD               CALL   genRAMline   ;input HL, output DE
FD0C   EB                     EX   de,hl   
FD0D   0E 0D                  LD   c,13   ;string to LCD
FD0F   D7                     RST   10H   
FD10   EB                     EX   de,hl   
FD11   C9                     RET      
FD12                             ; fill RTC_BUFF with line to display on LCD
FD12                             ; someting like this 06:06 07 08 09 0A 0B
FD12                             ; input: HL = address of first byte to display
FD12                             ; outptu: DE = address of LCD ASCII line
FD12                GENRAMLINE:      
FD12                             ;get index
FD12   11 1D 09               LD   de,RTC_RAM   
FD15   B7                     OR   a   
FD16   ED 52                  SBC   hl,de   ;get index difference
FD18   7D                     LD   a,l   ;store index in a
FD19   19                     ADD   hl,de   ;restore HL
FD1A   06 06                  LD   b,6   ;six bytes by default
FD1C   FE 1E                  CP   1EH   ;is it on the last line?
FD1E   20 02                  JR   nz,$+4   ;yes, only display one byte
FD20   06 01                  LD   b,1   ;one byte
FD22   0E 09                  LD   c,9   ;A to string
FD24   11 08 09               LD   de,RTC_BUFF   ;convert A to "AA"
FD27   D7                     RST   10H   
FD28   3E 3A                  LD   a,":"   ;add colon
FD2A   12                     LD   (de),a   
FD2B   13                     INC   de   
FD2C                RAMDISPLOOP:      
FD2C   7E                     LD   a,(hl)   
FD2D   23                     INC   hl   
FD2E   0E 09                  LD   c,9   ;A to string
FD30   D7                     RST   10H   
FD31   3E 20                  LD   a," "   ;add space
FD33   12                     LD   (de),a   
FD34   13                     INC   de   
FD35   10 F5                  DJNZ   RAMdisploop   
FD37   1B                     DEC   de   
FD38   AF                     XOR   a   
FD39   12                     LD   (de),a   ;terminate with zero
FD3A   11 08 09               LD   de,RTC_BUFF   ;reset to start of buffer
FD3D   C9                     RET      
FD3E                             ; Get current time and save in local RAM.
FD3E                             ; Returns: H = hour      ; bit 5 = am/pm flag (in 12 hr mode). 1=PM
FD3E                             ;          L = minute
FD3E                             ;          D = second
FD3E                GETRTCTIME:      
FD3E   CD 1F F9               CALL   getTime   
FD41   7A                     LD   a,d   ;save seconds
FD42   32 00 09               LD   (RTC_SECS),a   
FD45   7D                     LD   a,l   ;save minutes
FD46   32 02 09               LD   (RTC_MINS),a   
FD49                             ; check if 12 or 24 hours
FD49   CD AA F9               CALL   get1224Mode   ;A = 00H, 24 hour mode, 80h, 12 hr mode
FD4C   B4                     OR   h   ;set bit 7 if 12 hour mode in hours data and save it
FD4D   67                     LD   h,a   
FD4E   32 03 09               LD   (RTC_HOURS),a   
FD51   C9                     RET      
FD52                             ; Checks the state of the RTC checksum (RAM at 31 slot).  Checksum is the twos
FD52                             ; compliment of the first 16 bytes of RAM.  It will then compare the result
FD52                             ; with the stored checksum in slot 31.
FD52                             ; Input: none
FD52                             ; Output: A = 00 if match or something else if no match
FD52                             ;         Zero Flag = set if calculated checksum = stored checksum
FD52                             ; Destroy: A
FD52                CHECKRTCCHECKSUM:      
FD52   CD 5D FD               CALL   getRTCChecksum   
FD55   6F                     LD   l,a   
FD56   16 1E                  LD   d,30   
FD58   CD 64 FA               CALL   readRTCByte   ;get stored checksum
FD5B   95                     SUB   l   
FD5C   C9                     RET      ;Zero flag set if checksum = stored checksum
FD5D                             ; Calculate checksum for MON3 stored values.  First 16 bytes of RAM are reserved
FD5D                             ; for MON3.  Calculate the checksum of the first 16 bytes.  Checksum is the
FD5D                             ; twos compliment of the sum of the 16 bytes
FD5D                             ; Input: none
FD5D                             ; Output: A = calculated checksum
FD5D                GETRTCCHECKSUM:      
FD5D   E5                     PUSH   hl   
FD5E   C5                     PUSH   bc   
FD5F   21 1D 09               LD   hl,RTC_RAM   
FD62   CD 80 FA               CALL   burstRTCRead   ;put RAM data in RTC_RAM location
FD65   21 1D 09               LD   hl,RTC_RAM   ;index HL to start position
FD68   06 10                  LD   b,16   ;B=16 bytes to parse
FD6A   AF                     XOR   a   ;A=initial checksum
FD6B                CHECKSUMLOOP:      
FD6B   4E                     LD   c,(hl)   ;get RAM value
FD6C   81                     ADD   a,c   
FD6D   23                     INC   hl   ;move to next RAM value
FD6E   10 FB                  DJNZ   checksumloop   
FD70   ED 44                  NEG      ;get the twos compliment
FD72   C1                     POP   bc   
FD73   E1                     POP   hl   
FD74   C9                     RET      ;Zero flag set if checksum = stored checksum
FD75                             ; ----------------------------------------------------------------------------
FD75                             ; RAM Locations
FD75                             ; ----------------------------------------------------------------------------
FD75                RTC_BASE:   EQU   0900H   ;Start of RAM location
FD75                RTC_SECS:   EQU   RTC_BASE   ;Seconds (1-byte)
FD75                RTC_OSEC:   EQU   RTC_BASE+1   ;Old Seconds (1-byte)
FD75                RTC_MINS:   EQU   RTC_BASE+2   ;Minutes (1-byte)
FD75                RTC_HOURS:   EQU   RTC_BASE+3   ;Hours (1-byte)
FD75                RTC_DAY:   EQU   RTC_BASE+4   ;Day of Week (1-byte)
FD75                RTC_MONTH:   EQU   RTC_BASE+5   ;Month (1-byte)
FD75                RTC_YEAR:   EQU   RTC_BASE+6   ;Year (2-bytes)
FD75                RTC_BUFF:   EQU   RTC_BASE+8   ;LCD Buffer (21-bytes)
FD75                RTC_RAM:   EQU   RTC_BASE+29   ;RAM Data (31-byte)
FD75                RAM_PTR:   EQU   RTC_BASE+60   ;RAM Pointer (1-byte)
FD75                             ; ----------------------------------------------------------------------------
FD75                             ; constants
FD75                             ; ----------------------------------------------------------------------------
FD75                RTC_PORT:   EQU   0FCH   
FD75   A7 C7 C6 4B C6 C3 SEGDISP:   DB   0A7H,0C7H,0C6H,4BH,0C6H,0C3H   
FD7B   4D 6F 6E 64 61 79 00 DAYSLIST:   DB   "Monday",0   
FD82   54 75 65 73 64 61 79 00 DB   "Tuesday",0   
FD8A   57 65 64 6E 65 73 64 61 79 00 DB   "Wednesday",0   
FD94   54 68 75 72 73 64 61 79 00 DB   "Thursday",0   
FD9D   46 72 69 64 61 79 00   DB   "Friday",0   
FDA4   53 61 74 75 72 64 61 79 00 DB   "Saturday",0   
FDAD   53 75 6E 64 61 79 00   DB   "Sunday",0   
FDB4   48 3A 4D 3A 53 20 50 4D 3A 30 2D 33 2C 20 50 52 41 4D 3A 38 00 HELPLIST:   DB   "H:M:S PM:0-3, PRAM:8",0   
FDC9   57 44 20 44 2F 4D 2F 59 3A 34 2D 37 2C 20 52 53 45 54 3A 46 00 DB   "WD D/M/Y:4-7, RSET:F",0   
FDDE   C0 F8        DSAPIFUNCTIONS:   DW   checkDS1302Present   
FDE0   E5 F8                  DW   resetDS1302   
FDE2   1F F9                  DW   getTime   
FDE4   35 F9                  DW   setTime   
FDE6   51 F9                  DW   getDate   
FDE8   69 F9                  DW   setDate   
FDEA   7C F9                  DW   getDay   
FDEC   97 F9                  DW   setDay   
FDEE   AA F9                  DW   get1224Mode   
FDF0   B5 F9                  DW   set12HrMode   
FDF2   DB F9                  DW   set24HrMode   
FDF4   64 FA                  DW   readRTCByte   
FDF6   73 FA                  DW   writeRTCByte   
FDF8   80 FA                  DW   burstRTCRead   
FDFA   EF FA                  DW   bcdToBin   
FDFC   02 FB                  DW   binToBcd   
FDFE   06 FA                  DW   formatTime   
FE00   43 FA                  DW   formatDate   
FE02   15 FB                  DW   RTCSetup   
FE04                DSAPIFNMAX:   EQU   ($-DSAPIFunctions)/2   
FE04                             ; 
FFEC                          .ORG   BASE_ADDR+3FECH   ; 16k
FFEC                             ; 
FFEC   E8 07        RELMAJOR:   DW   07E8h   ; 2024 - for the API
FFEE   15 00        RELMINOR:   DW   0015h   
FFF0   4D 4F 4E 33 2E 31 47 00 SOFTWARE:   DB   "MON3.1G",0   
FFF8   32 30 32 34 2E 31 35 00 RELEASE:   DB   REL_TXT,0   
10000               REL_TXT:   EQU   "2024.15"   
10000                            ; 
10000                         .END      
10000                            ; 
10000                         .BINFROM   0C000H   


KEYB:               0000 DEFINED AT LINE 16
                    > USED AT LINE 331
                    > USED AT LINE 730
                    > USED AT LINE 1105
DIGITS:             0001 DEFINED AT LINE 17
                    > USED AT LINE 900
                    > USED AT LINE 908
                    > USED AT LINE 982
                    > USED AT LINE 988
                    > USED AT LINE 1271
                    > USED AT LINE 1281
                    > USED AT LINE 1287
                    > USED AT LINE 1388
                    > USED AT LINE 2536
                    > USED AT LINE 2546
                    > USED AT LINE 93 IN packages.z80
                    > USED AT LINE 1959 IN packages.z80
                    > USED AT LINE 1985 IN packages.z80
                    > USED AT LINE 1993 IN packages.z80
                    > USED AT LINE 1997 IN packages.z80
SEGS:               0002 DEFINED AT LINE 18
                    > USED AT LINE 980
                    > USED AT LINE 991
                    > USED AT LINE 1272
                    > USED AT LINE 1282
                    > USED AT LINE 1288
                    > USED AT LINE 1386
                    > USED AT LINE 2538
                    > USED AT LINE 2547
SYS_INPUT:          0003 DEFINED AT LINE 19
                    > USED AT LINE 300
                    > USED AT LINE 334
                    > USED AT LINE 351
                    > USED AT LINE 727
                    > USED AT LINE 1089
                    > USED AT LINE 1305
                    > USED AT LINE 1313
                    > USED AT LINE 1321
                    > USED AT LINE 2299
                    > USED AT LINE 2030 IN packages.z80
                    > USED AT LINE 2043 IN packages.z80
                    > USED AT LINE 2051 IN packages.z80
LCD_INST:           0004 DEFINED AT LINE 20
                    > USED AT LINE 187
                    > USED AT LINE 1034
                    > USED AT LINE 1042
                    > USED AT LINE 1075
LCD_DATA:           0084 DEFINED AT LINE 21
                    > USED AT LINE 1003
                    > USED AT LINE 1024
                    > USED AT LINE 2412
                    > USED AT LINE 2434
LED8X8H:            0005 DEFINED AT LINE 22
                    > USED AT LINE 296
LED8X8V:            0006 DEFINED AT LINE 23
                    > USED AT LINE 297
GLCD_INST:          0007 DEFINED AT LINE 24
                    > USED AT LINE 63 IN packages.z80
                    > USED AT LINE 93 IN packages.z80
                    > USED AT LINE 96 IN packages.z80
                    > USED AT LINE 116 IN packages.z80
                    > USED AT LINE 129 IN packages.z80
                    > USED AT LINE 132 IN packages.z80
                    > USED AT LINE 138 IN packages.z80
                    > USED AT LINE 614 IN packages.z80
                    > USED AT LINE 620 IN packages.z80
                    > USED AT LINE 656 IN packages.z80
                    > USED AT LINE 687 IN packages.z80
GLCD_DATA:          0087 DEFINED AT LINE 25
                    > USED AT LINE 101 IN packages.z80
                    > USED AT LINE 103 IN packages.z80
                    > USED AT LINE 121 IN packages.z80
                    > USED AT LINE 625 IN packages.z80
                    > USED AT LINE 664 IN packages.z80
                    > USED AT LINE 694 IN packages.z80
SDIO:               00FD DEFINED AT LINE 26
                    > USED AT LINE 299
MATRIX:             00FE DEFINED AT LINE 27
SYS_CTRL:           00FF DEFINED AT LINE 28
                    > USED AT LINE 315
                    > USED AT LINE 432
                    > USED AT LINE 517
                    > USED AT LINE 1361
                    > USED AT LINE 1364
                    > USED AT LINE 2908
                    > USED AT LINE 2969
SHADOW:             0001 DEFINED AT LINE 31
                    > USED AT LINE 313
                    > USED AT LINE 318
                    > USED AT LINE 2877
                    > USED AT LINE 2878
                    > USED AT LINE 2928
                    > USED AT LINE 2932
PROTECT:            0002 DEFINED AT LINE 32
                    > USED AT LINE 305
                    > USED AT LINE 1358
                    > USED AT LINE 2940
                    > USED AT LINE 2944
EXPAND:             0004 DEFINED AT LINE 33
                    > USED AT LINE 308
                    > USED AT LINE 2893
                    > USED AT LINE 2952
                    > USED AT LINE 2956
                    > USED AT LINE 2978
                    > USED AT LINE 2981
CART:               0010 DEFINED AT LINE 34
                    > USED AT LINE 302
CAPSLOCK:           0080 DEFINED AT LINE 35
                    > USED AT LINE 311
                    > USED AT LINE 2901
                    > USED AT LINE 2905
                    > USED AT LINE 2964
                    > USED AT LINE 2967
MCB_AD_DATA:        0004 DEFINED AT LINE 45
                    > USED AT LINE 502
MCB_LCD_SEG:        0008 DEFINED AT LINE 46
                    > USED AT LINE 1193
MCB_DIS_DE:         0010 DEFINED AT LINE 47
                    > USED AT LINE 1201
MCB_MEN_PAR:        0020 DEFINED AT LINE 48
                    > USED AT LINE 2744
MCB_RTC:            0040 DEFINED AT LINE 49
                    > USED AT LINE 709
                    > USED AT LINE 2505
MCB_SD_CARD:        0080 DEFINED AT LINE 50
BAUD:               001B DEFINED AT LINE 53
                    > USED AT LINE 1267
                    > USED AT LINE 1309
                    > USED AT LINE 1319
                    > USED AT LINE 1982 IN packages.z80
                    > USED AT LINE 2039 IN packages.z80
                    > USED AT LINE 2049 IN packages.z80
CR:                 000D DEFINED AT LINE 63 IN packages.z80
                    > USED AT LINE 1519
                    > USED AT LINE 1572
                    > USED AT LINE 3322
                    > USED AT LINE 774 IN packages.z80
                    > USED AT LINE 827 IN packages.z80
                    > USED AT LINE 128 IN packages.z80
                    > USED AT LINE 244 IN packages.z80
                    > USED AT LINE 245 IN packages.z80
                    > USED AT LINE 246 IN packages.z80
                    > USED AT LINE 247 IN packages.z80
                    > USED AT LINE 488 IN packages.z80
                    > USED AT LINE 847 IN packages.z80
                    > USED AT LINE 1238 IN packages.z80
                    > USED AT LINE 1246 IN packages.z80
                    > USED AT LINE 1329 IN packages.z80
                    > USED AT LINE 1377 IN packages.z80
                    > USED AT LINE 1434 IN packages.z80
                    > USED AT LINE 1443 IN packages.z80
                    > USED AT LINE 1453 IN packages.z80
                    > USED AT LINE 1470 IN packages.z80
                    > USED AT LINE 1708 IN packages.z80
                    > USED AT LINE 1712 IN packages.z80
                    > USED AT LINE 1778 IN packages.z80
LF:                 000A DEFINED AT LINE 60 IN packages.z80
                    > USED AT LINE 1521
                    > USED AT LINE 1574
                    > USED AT LINE 772 IN packages.z80
                    > USED AT LINE 1321 IN packages.z80
                    > USED AT LINE 1710 IN packages.z80
                    > USED AT LINE 1748 IN packages.z80
SPACE:              0020 DEFINED AT LINE 55 IN packages.z80
                    > USED AT LINE 862
                    > USED AT LINE 1638
                    > USED AT LINE 1680
                    > USED AT LINE 1755
                    > USED AT LINE 776 IN packages.z80
                    > USED AT LINE 787 IN packages.z80
                    > USED AT LINE 794 IN packages.z80
                    > USED AT LINE 808 IN packages.z80
                    > USED AT LINE 147 IN packages.z80
                    > USED AT LINE 1545 IN packages.z80
COLON:              000: DEFINED AT LINE 58
                    > USED AT LINE 860
                    > USED AT LINE 1751
                    > USED AT LINE 2470
K_FN:               0002 DEFINED AT LINE 61
                    > USED AT LINE 340
                    > USED AT LINE 735
                    > USED AT LINE 1166
K_PLUS:             0010 DEFINED AT LINE 62
                    > USED AT LINE 480
                    > USED AT LINE 619
K_MINUS:            0011 DEFINED AT LINE 63
                    > USED AT LINE 490
                    > USED AT LINE 642
K_GO:               0012 DEFINED AT LINE 64
                    > USED AT LINE 506
                    > USED AT LINE 657
                    > USED AT LINE 1148
                    > USED AT LINE 2305
K_ADDR:             0013 DEFINED AT LINE 65
                    > USED AT LINE 497
                    > USED AT LINE 684
                    > USED AT LINE 1144
                    > USED AT LINE 2311
                    > USED AT LINE 2490
KEY_SPEED:          0020 DEFINED AT LINE 68
                    > USED AT LINE 462
                    > USED AT LINE 3189
USER_ADDR:          4000 DEFINED AT LINE 69
                    > USED AT LINE 328
                    > USED AT LINE 378
                    > USED AT LINE 2577
                    > USED AT LINE 3222
                    > USED AT LINE 3231
BASE_ADDR:          C000 DEFINED AT LINE 70
                    > USED AT LINE 159
                    > USED AT LINE 163
                    > USED AT LINE 168
                    > USED AT LINE 170
                    > USED AT LINE 172
                    > USED AT LINE 174
                    > USED AT LINE 176
                    > USED AT LINE 183
                    > USED AT LINE 193
                    > USED AT LINE 200
                    > USED AT LINE 207
                    > USED AT LINE 234
                    > USED AT LINE 241
                    > USED AT LINE 289
                    > USED AT LINE 3212
                    > USED AT LINE 3413
                    > USED AT LINE 3477
                    > USED AT LINE 3516
                    > USED AT LINE 3519
LCD_ROW1:           0080 DEFINED AT LINE 71
                    > USED AT LINE 2409
                    > USED AT LINE 2431
                    > USED AT LINE 3251
LCD_ROW2:           00C0 DEFINED AT LINE 72
                    > USED AT LINE 828
                    > USED AT LINE 2417
                    > USED AT LINE 2439
                    > USED AT LINE 3251
LCD_ROW3:           0094 DEFINED AT LINE 73
LCD_ROW4:           00D4 DEFINED AT LINE 74
MENU_PTR:           007E DEFINED AT LINE 75
                    > USED AT LINE 831
                    > USED AT LINE 2786
MON_RAM:            0800 DEFINED AT LINE 78
                    > USED AT LINE 80
                    > USED AT LINE 83
STACK_SIZE:         0080 DEFINED AT LINE 79
                    > USED AT LINE 80
STACK_TOP:          0880 DEFINED AT LINE 80
                    > USED AT LINE 86
                    > USED AT LINE 87
                    > USED AT LINE 88
                    > USED AT LINE 89
                    > USED AT LINE 90
                    > USED AT LINE 91
                    > USED AT LINE 92
                    > USED AT LINE 93
                    > USED AT LINE 94
                    > USED AT LINE 95
                    > USED AT LINE 96
                    > USED AT LINE 97
                    > USED AT LINE 98
                    > USED AT LINE 99
                    > USED AT LINE 100
                    > USED AT LINE 101
                    > USED AT LINE 102
                    > USED AT LINE 103
                    > USED AT LINE 104
                    > USED AT LINE 105
                    > USED AT LINE 106
                    > USED AT LINE 107
                    > USED AT LINE 108
                    > USED AT LINE 111
                    > USED AT LINE 292
                    > USED AT LINE 430
                    > USED AT LINE 2313
TOP_RAM:            7FFF DEFINED AT LINE 81
                    > USED AT LINE 578
                    > USED AT LINE 586
                    > USED AT LINE 596
                    > USED AT LINE 604
                    > USED AT LINE 607
ROMSIG:             0800 DEFINED AT LINE 83
                    > USED AT LINE 345
                    > USED AT LINE 358
DISP_BUFF:          0880 DEFINED AT LINE 86
                    > USED AT LINE 916
                    > USED AT LINE 948
                    > USED AT LINE 971
                    > USED AT LINE 1603
                    > USED AT LINE 2718
DISP_DATA:          0884 DEFINED AT LINE 87
                    > USED AT LINE 954
CEL:                0886 DEFINED AT LINE 88
                    > USED AT LINE 329
                    > USED AT LINE 363
                    > USED AT LINE 443
                    > USED AT LINE 478
                    > USED AT LINE 486
                    > USED AT LINE 540
                    > USED AT LINE 552
                    > USED AT LINE 577
                    > USED AT LINE 590
                    > USED AT LINE 595
                    > USED AT LINE 805
                    > USED AT LINE 878
                    > USED AT LINE 2061
                    > USED AT LINE 2070
                    > USED AT LINE 2495
                    > USED AT LINE 2516
                    > USED AT LINE 2528
MCB:                0888 DEFINED AT LINE 89
                    > USED AT LINE 369
                    > USED AT LINE 434
                    > USED AT LINE 438
                    > USED AT LINE 466
                    > USED AT LINE 546
                    > USED AT LINE 708
                    > USED AT LINE 745
                    > USED AT LINE 788
                    > USED AT LINE 950
                    > USED AT LINE 1192
                    > USED AT LINE 1195
                    > USED AT LINE 1200
                    > USED AT LINE 1202
                    > USED AT LINE 2504
                    > USED AT LINE 2743
                    > USED AT LINE 2828
                    > USED AT LINE 2853
KEY_BUFF:           0889 DEFINED AT LINE 90
                    > USED AT LINE 519
                    > USED AT LINE 1100
                    > USED AT LINE 1111
                    > USED AT LINE 1161
                    > USED AT LINE 3175
                    > USED AT LINE 3184
                    > USED AT LINE 3193
KEY_PRESS:          088A DEFINED AT LINE 91
                    > USED AT LINE 1095
                    > USED AT LINE 1098
                    > USED AT LINE 1103
                    > USED AT LINE 1118
                    > USED AT LINE 1159
                    > USED AT LINE 1164
                    > USED AT LINE 1183
                    > USED AT LINE 1607
KEY_AUTO:           088B DEFINED AT LINE 92
                    > USED AT LINE 536
                    > USED AT LINE 3020
                    > USED AT LINE 3022
KEY_REPEAT:         088C DEFINED AT LINE 93
                    > USED AT LINE 454
                    > USED AT LINE 3171
KEY_BEEP:           088D DEFINED AT LINE 94
                    > USED AT LINE 892
                    > USED AT LINE 3011
                    > USED AT LINE 3013
KEY_SECOND:         088E DEFINED AT LINE 95
                    > USED AT LINE 734
                    > USED AT LINE 1123
GLCD_TERM:          088F DEFINED AT LINE 96
                    > USED AT LINE 2869
                    > USED AT LINE 2920
                    > USED AT LINE 2988
                    > USED AT LINE 2990
DIS_ADDR:           0890 DEFINED AT LINE 97
                    > USED AT LINE 779
                    > USED AT LINE 2067
                    > USED AT LINE 2076
USER_INT:           0892 DEFINED AT LINE 98
                    > USED AT LINE 203
USER_NMI:           0894 DEFINED AT LINE 99
                    > USED AT LINE 237
MENU_POS:           0896 DEFINED AT LINE 100
                    > USED AT LINE 631
                    > USED AT LINE 637
                    > USED AT LINE 639
                    > USED AT LINE 649
                    > USED AT LINE 654
                    > USED AT LINE 2683
                    > USED AT LINE 2729
                    > USED AT LINE 2776
MENU_SEL:           0897 DEFINED AT LINE 101
                    > USED AT LINE 625
                    > USED AT LINE 629
                    > USED AT LINE 644
                    > USED AT LINE 647
                    > USED AT LINE 664
                    > USED AT LINE 693
                    > USED AT LINE 2684
                    > USED AT LINE 2778
MENU_CNT:           0898 DEFINED AT LINE 102
                    > USED AT LINE 622
                    > USED AT LINE 2686
                    > USED AT LINE 2732
MENU_CFG:           0899 DEFINED AT LINE 103
                    > USED AT LINE 2687
                    > USED AT LINE 2715
                    > USED AT LINE 2794
MENU_IDX:           089B DEFINED AT LINE 104
                    > USED AT LINE 425
                    > USED AT LINE 2662
                    > USED AT LINE 2665
                    > USED AT LINE 2694
                    > USED AT LINE 2696
CAPS_LOCK:          089C DEFINED AT LINE 105
                    > USED AT LINE 310
                    > USED AT LINE 2862
                    > USED AT LINE 2902
                    > USED AT LINE 2963
                    > USED AT LINE 2965
SYS_MODE:           089D DEFINED AT LINE 106
                    > USED AT LINE 316
                    > USED AT LINE 317
                    > USED AT LINE 431
                    > USED AT LINE 513
                    > USED AT LINE 1356
                    > USED AT LINE 1363
                    > USED AT LINE 2876
                    > USED AT LINE 2892
                    > USED AT LINE 2904
                    > USED AT LINE 2909
                    > USED AT LINE 2931
                    > USED AT LINE 2943
                    > USED AT LINE 2955
                    > USED AT LINE 2966
                    > USED AT LINE 2970
                    > USED AT LINE 2980
PROT_MODE:          089E DEFINED AT LINE 107
                    > USED AT LINE 306
                    > USED AT LINE 515
                    > USED AT LINE 2885
                    > USED AT LINE 2941
XPND_MODE:          089F DEFINED AT LINE 108
                    > USED AT LINE 307
                    > USED AT LINE 2953
                    > USED AT LINE 2977
                    > USED AT LINE 2979
MON_FRAM:           08A0 DEFINED AT LINE 111
                    > USED AT LINE 114
                    > USED AT LINE 117
                    > USED AT LINE 121
                    > USED AT LINE 124
                    > USED AT LINE 127
                    > USED AT LINE 148
PARAM_DATA:         08C0 DEFINED AT LINE 114
                    > USED AT LINE 130
                    > USED AT LINE 144
DATA_BASE:          08A0 DEFINED AT LINE 117
                    > USED AT LINE 118
                    > USED AT LINE 330
                    > USED AT LINE 821
                    > USED AT LINE 882
DATA_ROW:           0900 DEFINED AT LINE 118
                    > USED AT LINE 764
                    > USED AT LINE 767
                    > USED AT LINE 1060
                    > USED AT LINE 1064
                    > USED AT LINE 1560
                    > USED AT LINE 1563
CEL_QJMP:           08A2 DEFINED AT LINE 121
                    > USED AT LINE 379
                    > USED AT LINE 380
                    > USED AT LINE 381
                    > USED AT LINE 2462
                    > USED AT LINE 2496
                    > USED AT LINE 2517
                    > USED AT LINE 2637
                    > USED AT LINE 2640
                    > USED AT LINE 2643
MENU_CFG_D:         08A8 DEFINED AT LINE 124
                    > USED AT LINE 2667
                    > USED AT LINE 2700
RNG_SEED:           08B0 DEFINED AT LINE 127
                    > USED AT LINE 414
                    > USED AT LINE 3040
                    > USED AT LINE 3046
COPY_START:         08C0 DEFINED AT LINE 130
                    > USED AT LINE 131
                    > USED AT LINE 132
                    > USED AT LINE 133
                    > USED AT LINE 134
                    > USED AT LINE 135
                    > USED AT LINE 136
                    > USED AT LINE 137
                    > USED AT LINE 138
                    > USED AT LINE 139
                    > USED AT LINE 140
                    > USED AT LINE 141
                    > USED AT LINE 583
                    > USED AT LINE 603
                    > USED AT LINE 1796
                    > USED AT LINE 1820
                    > USED AT LINE 1830
                    > USED AT LINE 1854
                    > USED AT LINE 1859
                    > USED AT LINE 1909
                    > USED AT LINE 2091
                    > USED AT LINE 2097
                    > USED AT LINE 2105
                    > USED AT LINE 2110
                    > USED AT LINE 2115
                    > USED AT LINE 2647
COPY_END:           08C2 DEFINED AT LINE 131
                    > USED AT LINE 588
                    > USED AT LINE 605
                    > USED AT LINE 1806
                    > USED AT LINE 1822
                    > USED AT LINE 1832
                    > USED AT LINE 1858
                    > USED AT LINE 1914
                    > USED AT LINE 2650
COPY_DEST:          08C4 DEFINED AT LINE 132
                    > USED AT LINE 585
                    > USED AT LINE 601
                    > USED AT LINE 1799
                    > USED AT LINE 1824
                    > USED AT LINE 1834
                    > USED AT LINE 1853
                    > USED AT LINE 1863
                    > USED AT LINE 2094
                    > USED AT LINE 2653
COPY_PTR:           08C6 DEFINED AT LINE 133
                    > USED AT LINE 1866
                    > USED AT LINE 1868
                    > USED AT LINE 1893
                    > USED AT LINE 1926
                    > USED AT LINE 1931
COPY_EBLK:          08C8 DEFINED AT LINE 134
                    > USED AT LINE 1865
                    > USED AT LINE 1932
COPY_CORR:          08CA DEFINED AT LINE 135
                    > USED AT LINE 1857
                    > USED AT LINE 1918
REST_START:         08CC DEFINED AT LINE 136
                    > USED AT LINE 1840
                    > USED AT LINE 2095
                    > USED AT LINE 2100
                    > USED AT LINE 2109
REST_END:           08CE DEFINED AT LINE 137
                    > USED AT LINE 1842
                    > USED AT LINE 2102
REST_DEST:          08D0 DEFINED AT LINE 138
                    > USED AT LINE 1844
                    > USED AT LINE 2092
TEMP_START:         08D2 DEFINED AT LINE 139
                    > USED AT LINE 2106
                    > USED AT LINE 2114
                    > USED AT LINE 2135
                    > USED AT LINE 2155
TEMP_END:           08D4 DEFINED AT LINE 140
                    > USED AT LINE 2157
TEMP_DEST:          08D6 DEFINED AT LINE 141
DATA_FROM:          08C0 DEFINED AT LINE 144
                    > USED AT LINE 145
                    > USED AT LINE 1486
                    > USED AT LINE 1497
                    > USED AT LINE 1509
                    > USED AT LINE 44 IN packages.z80
                    > USED AT LINE 120 IN packages.z80
DATA_TO:            08C2 DEFINED AT LINE 145
                    > USED AT LINE 1499
                    > USED AT LINE 1524
                    > USED AT LINE 1536
                    > USED AT LINE 1578
                    > USED AT LINE 1593
BP_BASE_SP:         0900 DEFINED AT LINE 148
                    > USED AT LINE 149
                    > USED AT LINE 150
                    > USED AT LINE 151
                    > USED AT LINE 152
                    > USED AT LINE 153
                    > USED AT LINE 2265
                    > USED AT LINE 2273
                    > USED AT LINE 2355
                    > USED AT LINE 2386
BP_HL:              0902 DEFINED AT LINE 149
                    > USED AT LINE 2352
                    > USED AT LINE 2372
BP_REGS:            0914 DEFINED AT LINE 150
                    > USED AT LINE 2359
BP_PC:              0914 DEFINED AT LINE 151
                    > USED AT LINE 196
                    > USED AT LINE 2268
BP_ORIG_SP:         0916 DEFINED AT LINE 152
                    > USED AT LINE 2358
                    > USED AT LINE 2373
                    > USED AT LINE 2385
                    > USED AT LINE 2401
BP_LCD:             0918 DEFINED AT LINE 153
                    > USED AT LINE 2411
                    > USED AT LINE 2433
BOOT:               C000 DEFINED AT LINE 160
RST08:              C008 DEFINED AT LINE 164
RST10:              C010 DEFINED AT LINE 169
RST18:              C018 DEFINED AT LINE 173
RST20:              C020 DEFINED AT LINE 177
RST28:              C028 DEFINED AT LINE 184
BUSYLOOP:           C029 DEFINED AT LINE 186
                    > USED AT LINE 189
RST30:              C030 DEFINED AT LINE 194
RST38:              C038 DEFINED AT LINE 201
APICALL2:           C040 DEFINED AT LINE 212
                    > USED AT LINE 174
APIGOOD2:           C047 DEFINED AT LINE 216
                    > USED AT LINE 214
NMI:                C066 DEFINED AT LINE 235
APICALL:            C070 DEFINED AT LINE 246
                    > USED AT LINE 170
APIGOOD:            C07A DEFINED AT LINE 253
                    > USED AT LINE 250
RESTARTHANDLE:      C090 DEFINED AT LINE 273
INTHANDLER:         C091 DEFINED AT LINE 277
                    > USED AT LINE 3232
NMIHANDLER:         C093 DEFINED AT LINE 281
                    > USED AT LINE 3233
PREINIT:            C100 DEFINED AT LINE 291
                    > USED AT LINE 161
                    > USED AT LINE 3417
HARDBOOT:           C146 DEFINED AT LINE 326
                    > USED AT LINE 319
SKIPMATRIX:         C167 DEFINED AT LINE 342
                    > USED AT LINE 336
HARDINIT:           C175 DEFINED AT LINE 349
                    > USED AT LINE 333
                    > USED AT LINE 341
SKIPRTC:            C1AB DEFINED AT LINE 376
                    > USED AT LINE 368
LCDBANNERS:         C1B7 DEFINED AT LINE 382
                    > USED AT LINE 375
PRESOFTBOOT:        C1D4 DEFINED AT LINE 417
                    > USED AT LINE 348
SOFTBOOT:           C1E8 DEFINED AT LINE 429
                    > USED AT LINE 520
                    > USED AT LINE 571
                    > USED AT LINE 687
                    > USED AT LINE 2314
                    > USED AT LINE 3369
                    > USED AT LINE 3397
                    > USED AT LINE 3399
                    > USED AT LINE 3401
                    > USED AT LINE 3403
                    > USED AT LINE 3405
                    > USED AT LINE 3407
                    > USED AT LINE 3409
                    > USED AT LINE 3411
RESETMCB:           C1F3 DEFINED AT LINE 435
                    > USED AT LINE 488
UPDATEMCB:          C1F5 DEFINED AT LINE 437
                    > USED AT LINE 504
SETDISPBUFFER:      C1F8 DEFINED AT LINE 441
                    > USED AT LINE 549
                    > USED AT LINE 558
                    > USED AT LINE 581
                    > USED AT LINE 592
                    > USED AT LINE 599
                    > USED AT LINE 609
                    > USED AT LINE 615
                    > USED AT LINE 636
                    > USED AT LINE 640
                    > USED AT LINE 653
                    > USED AT LINE 655
                    > USED AT LINE 710
                    > USED AT LINE 714
                    > USED AT LINE 718
                    > USED AT LINE 722
SETLCD:             C205 DEFINED AT LINE 447
                    > USED AT LINE 2832
                    > USED AT LINE 2856
MAINLOOP:           C208 DEFINED AT LINE 451
                    > USED AT LINE 457
                    > USED AT LINE 461
                    > USED AT LINE 627
                    > USED AT LINE 646
                    > USED AT LINE 691
KEYDELAY:           C217 DEFINED AT LINE 458
                    > USED AT LINE 455
KEYFIRST:           C21E DEFINED AT LINE 463
                    > USED AT LINE 459
KEYPROCESSSEGS:     C227 DEFINED AT LINE 472
KEYPLUS:            C230 DEFINED AT LINE 479
UPDATECEL:          C23B DEFINED AT LINE 485
                    > USED AT LINE 495
KEYMINUS:           C241 DEFINED AT LINE 489
                    > USED AT LINE 481
KEYADDRESS:         C24E DEFINED AT LINE 496
                    > USED AT LINE 491
KEYGO:              C25F DEFINED AT LINE 505
                    > USED AT LINE 498
RUNROUTINE:         C26B DEFINED AT LINE 511
                    > USED AT LINE 682
KEYHEX:             C282 DEFINED AT LINE 523
                    > USED AT LINE 507
SKIPAUTOINC:        C29F DEFINED AT LINE 541
                    > USED AT LINE 538
ENTERNIBBLE:        C2A2 DEFINED AT LINE 544
                    > USED AT LINE 534
UPDATEADDRESS:      C2AC DEFINED AT LINE 551
                    > USED AT LINE 526
KEYFN:              C2BB DEFINED AT LINE 560
                    > USED AT LINE 528
FNPLUS:             C2CD DEFINED AT LINE 575
                    > USED AT LINE 483
FNMINUS:            C2F4 DEFINED AT LINE 593
                    > USED AT LINE 493
FNAD:               C31A DEFINED AT LINE 610
                    > USED AT LINE 500
KEYPROCESSLCD:      C326 DEFINED AT LINE 618
                    > USED AT LINE 468
KEYPLUSLCD:         C32A DEFINED AT LINE 621
KEYMINUSLCD:        C350 DEFINED AT LINE 641
                    > USED AT LINE 620
KEYGOLCD:           C36E DEFINED AT LINE 656
                    > USED AT LINE 643
MENUGO:             C379 DEFINED AT LINE 663
                    > USED AT LINE 660
LCDRUNNING:         C38B DEFINED AT LINE 674
                    > USED AT LINE 510
KEYADDRESSLCD:      C39E DEFINED AT LINE 683
                    > USED AT LINE 658
KEYHEXLCD:          C3A9 DEFINED AT LINE 688
                    > USED AT LINE 685
CHECKFNKEY:         C3E3 DEFINED AT LINE 726
                    > USED AT LINE 482
                    > USED AT LINE 492
                    > USED AT LINE 499
                    > USED AT LINE 527
CHECKSECOND:        C3ED DEFINED AT LINE 733
                    > USED AT LINE 729
UPDATELCD:          C3F3 DEFINED AT LINE 740
                    > USED AT LINE 448
LCDDATAVIEW:        C40A DEFINED AT LINE 750
LCDDATAROW:         C417 DEFINED AT LINE 756
                    > USED AT LINE 772
LCDDISVIEW:         C4A4 DEFINED AT LINE 835
                    > USED AT LINE 749
LCDDISROW:          C4AF DEFINED AT LINE 841
                    > USED AT LINE 849
DRAWDISROW:         C4BD DEFINED AT LINE 856
                    > USED AT LINE 781
                    > USED AT LINE 847
SETDATABASE:        C4E0 DEFINED AT LINE 877
                    > USED AT LINE 557
                    > USED AT LINE 751
                    > USED AT LINE 2529
BEEP:               C4EB DEFINED AT LINE 891
                    > USED AT LINE 442
                    > USED AT LINE 512
                    > USED AT LINE 2451
BEEPALWAYS:         C4F0 DEFINED AT LINE 895
                    > USED AT LINE 3418
BEEPLOOP:           C4F4 DEFINED AT LINE 899
                    > USED AT LINE 905
CELTOSEG:           C504 DEFINED AT LINE 914
                    > USED AT LINE 444
CONVATOSEG:         C511 DEFINED AT LINE 926
                    > USED AT LINE 918
                    > USED AT LINE 920
                    > USED AT LINE 3419
CONVNIBTOSEG:       C51A DEFINED AT LINE 934
                    > USED AT LINE 932
SETDOTS:            C525 DEFINED AT LINE 947
                    > USED AT LINE 445
SETDOT:             C541 DEFINED AT LINE 963
                    > USED AT LINE 952
                    > USED AT LINE 957
                    > USED AT LINE 966
SCANDISPLAYBUFF:    C547 DEFINED AT LINE 970
                    > USED AT LINE 452
                    > USED AT LINE 1611
SCANSEGMENTS:       C54A DEFINED AT LINE 976
                    > USED AT LINE 180
                    > USED AT LINE 2298
                    > USED AT LINE 3425
SCANLOOP:           C54C DEFINED AT LINE 978
                    > USED AT LINE 990
STRINGTOLCD:        C562 DEFINED AT LINE 997
                    > USED AT LINE 385
                    > USED AT LINE 668
                    > USED AT LINE 679
                    > USED AT LINE 768
                    > USED AT LINE 866
                    > USED AT LINE 869
                    > USED AT LINE 1004
                    > USED AT LINE 1065
                    > USED AT LINE 2258
                    > USED AT LINE 2455
                    > USED AT LINE 2459
                    > USED AT LINE 2557
                    > USED AT LINE 2728
                    > USED AT LINE 2742
                    > USED AT LINE 3428
STRINGTOSERIAL:     C56B DEFINED AT LINE 1009
                    > USED AT LINE 388
                    > USED AT LINE 3460
STRSERIALLOOP:      C56E DEFINED AT LINE 1011
                    > USED AT LINE 1017
CHARTOLCD:          C577 DEFINED AT LINE 1022
                    > USED AT LINE 787
                    > USED AT LINE 795
                    > USED AT LINE 797
                    > USED AT LINE 802
                    > USED AT LINE 804
                    > USED AT LINE 807
                    > USED AT LINE 812
                    > USED AT LINE 814
                    > USED AT LINE 818
                    > USED AT LINE 832
                    > USED AT LINE 2291
                    > USED AT LINE 2330
                    > USED AT LINE 2332
                    > USED AT LINE 2469
                    > USED AT LINE 2471
                    > USED AT LINE 2478
                    > USED AT LINE 2480
                    > USED AT LINE 2762
                    > USED AT LINE 2764
                    > USED AT LINE 2787
                    > USED AT LINE 3429
COMMANDTOLCD:       C57B DEFINED AT LINE 1030
                    > USED AT LINE 509
                    > USED AT LINE 667
                    > USED AT LINE 677
                    > USED AT LINE 742
                    > USED AT LINE 744
                    > USED AT LINE 761
                    > USED AT LINE 777
                    > USED AT LINE 785
                    > USED AT LINE 800
                    > USED AT LINE 810
                    > USED AT LINE 830
                    > USED AT LINE 846
                    > USED AT LINE 2248
                    > USED AT LINE 2256
                    > USED AT LINE 2282
                    > USED AT LINE 2320
                    > USED AT LINE 2410
                    > USED AT LINE 2418
                    > USED AT LINE 2432
                    > USED AT LINE 2440
                    > USED AT LINE 2453
                    > USED AT LINE 2457
                    > USED AT LINE 2466
                    > USED AT LINE 2556
                    > USED AT LINE 2714
                    > USED AT LINE 2741
                    > USED AT LINE 2749
                    > USED AT LINE 2785
                    > USED AT LINE 3430
LCDINITIALISE:      C582 DEFINED AT LINE 1041
                    > USED AT LINE 327
HLTOLCD:            C595 DEFINED AT LINE 1057
                    > USED AT LINE 681
LCDBUSY:            C5A8 DEFINED AT LINE 1073
                    > USED AT LINE 3427
SCANKEYS:           C5B0 DEFINED AT LINE 1087
                    > USED AT LINE 181
                    > USED AT LINE 453
                    > USED AT LINE 1182
                    > USED AT LINE 1186
                    > USED AT LINE 1606
                    > USED AT LINE 1612
                    > USED AT LINE 2302
                    > USED AT LINE 3431
KEYPRESS:           C5BD DEFINED AT LINE 1097
                    > USED AT LINE 1094
KEYEXIT:            C5CF DEFINED AT LINE 1108
                    > USED AT LINE 1171
KEYBOARDSCAN:       C5D5 DEFINED AT LINE 1115
                    > USED AT LINE 1091
KEYBOARDFETCH:      C5DE DEFINED AT LINE 1120
                    > USED AT LINE 1117
KEYNUMBER:          C5EF DEFINED AT LINE 1134
                    > USED AT LINE 1131
KEYSPECIAL:         C5FB DEFINED AT LINE 1141
                    > USED AT LINE 1138
KEYGOOD:            C619 DEFINED AT LINE 1157
                    > USED AT LINE 1133
                    > USED AT LINE 1140
                    > USED AT LINE 1145
                    > USED AT LINE 1149
KEYBAD:             C632 DEFINED AT LINE 1172
                    > USED AT LINE 1129
                    > USED AT LINE 1136
                    > USED AT LINE 1151
                    > USED AT LINE 1153
SCANKEYSWAIT:       C635 DEFINED AT LINE 1181
                    > USED AT LINE 166
                    > USED AT LINE 1185
                    > USED AT LINE 3432
SWITCHMODE:         C644 DEFINED AT LINE 1191
                    > USED AT LINE 614
                    > USED AT LINE 2697
SWITCHVIEW:         C64F DEFINED AT LINE 1199
                    > USED AT LINE 3273
ASCIITOSEGMENT:     C658 DEFINED AT LINE 1209
                    > USED AT LINE 2722
                    > USED AT LINE 3421
A2SEXIT:            C660 DEFINED AT LINE 1214
                    > USED AT LINE 1211
A2SLOOKUP:          C662 DEFINED AT LINE 1217
                    > USED AT LINE 1213
SOFTWAREID:         C66B DEFINED AT LINE 1230
                    > USED AT LINE 3415
VERSIONID:          C66F DEFINED AT LINE 1240
                    > USED AT LINE 3416
READYTOTRANSMIT:    C67B DEFINED AT LINE 1250
                    > USED AT LINE 1010
                    > USED AT LINE 1445
                    > USED AT LINE 1508
                    > USED AT LINE 1537
                    > USED AT LINE 1545
                    > USED AT LINE 1595
TXBYTE:             C687 DEFINED AT LINE 1263
                    > USED AT LINE 1016
                    > USED AT LINE 1448
                    > USED AT LINE 1516
                    > USED AT LINE 1520
                    > USED AT LINE 1522
                    > USED AT LINE 1569
                    > USED AT LINE 1573
                    > USED AT LINE 1575
                    > USED AT LINE 3437
SENDBIT:            C69A DEFINED AT LINE 1277
                    > USED AT LINE 1284
RXBYTE:             C6B8 DEFINED AT LINE 1301
                    > USED AT LINE 1375
                    > USED AT LINE 1432
                    > USED AT LINE 1464
                    > USED AT LINE 3438
STARTBIT:           C6BA DEFINED AT LINE 1304
                    > USED AT LINE 1307
                    > USED AT LINE 1315
GETBIT:             C6D0 DEFINED AT LINE 1318
                    > USED AT LINE 1324
TIMEDELAY:          C6E2 DEFINED AT LINE 1334
                    > USED AT LINE 294
                    > USED AT LINE 411
                    > USED AT LINE 1254
                    > USED AT LINE 1273
                    > USED AT LINE 1283
                    > USED AT LINE 1289
                    > USED AT LINE 1290
                    > USED AT LINE 1312
                    > USED AT LINE 1320
                    > USED AT LINE 3448
                    > USED AT LINE 1957 IN packages.z80
                    > USED AT LINE 1986 IN packages.z80
                    > USED AT LINE 1994 IN packages.z80
                    > USED AT LINE 1998 IN packages.z80
                    > USED AT LINE 1999 IN packages.z80
                    > USED AT LINE 2042 IN packages.z80
                    > USED AT LINE 2050 IN packages.z80
INTELHEXLOAD:       C6EF DEFINED AT LINE 1355
                    > USED AT LINE 3264
                    > USED AT LINE 3347
                    > USED AT LINE 3439
INTELLOADER:        C707 DEFINED AT LINE 1370
                    > USED AT LINE 1362
                    > USED AT LINE 1405
INTELMARK:          C709 DEFINED AT LINE 1374
                    > USED AT LINE 1377
INTELLOAD:          C727 DEFINED AT LINE 1395
                    > USED AT LINE 1403
INTELCHECKSUM:      C738 DEFINED AT LINE 1408
                    > USED AT LINE 1391
                    > USED AT LINE 1404
GETHEXBYTE:         C73E DEFINED AT LINE 1416
                    > USED AT LINE 1378
                    > USED AT LINE 1380
                    > USED AT LINE 1382
                    > USED AT LINE 1390
                    > USED AT LINE 1396
                    > USED AT LINE 1409
GETHEXCHAR:         C74F DEFINED AT LINE 1431
                    > USED AT LINE 1417
                    > USED AT LINE 1423
DATATOSERIAL:       C75B DEFINED AT LINE 1441
                    > USED AT LINE 3355
SENDTOSERIAL:       C75E DEFINED AT LINE 1444
                    > USED AT LINE 1458
SENDLOOP:           C761 DEFINED AT LINE 1446
                    > USED AT LINE 1450
SENDTOSERIALAPI:    C76B DEFINED AT LINE 1455
                    > USED AT LINE 3440
DATAFROMSERIAL:     C770 DEFINED AT LINE 1461
                    > USED AT LINE 3359
RECEIVEFROMSERIAL:  C773 DEFINED AT LINE 1463
                    > USED AT LINE 1467
                    > USED AT LINE 1475
RECEIVEFROMSERIALAPI: C77D DEFINED AT LINE 1472
                    > USED AT LINE 3441
GETTOFROM:          C782 DEFINED AT LINE 1483
                    > USED AT LINE 1442
                    > USED AT LINE 1462
                    > USED AT LINE 1504
                    > USED AT LINE 1544
                    > USED AT LINE 2160
DATARANGEPARAMS:    C793 DEFINED AT LINE 1492
                    > USED AT LINE 1484
ASSEMBLYTOSERIAL:   C7CD DEFINED AT LINE 1503
                    > USED AT LINE 3353
SENDASSEMBLY:       C7D0 DEFINED AT LINE 1507
ASSEMBLYLOOP:       C7D9 DEFINED AT LINE 1511
                    > USED AT LINE 1528
                    > USED AT LINE 1538
SENDASSEMBLYAPI:    C800 DEFINED AT LINE 1533
                    > USED AT LINE 3442
HEXDUMPTOSERIAL:    C80D DEFINED AT LINE 1543
                    > USED AT LINE 3357
SENDHEX:            C813 DEFINED AT LINE 1546
                    > USED AT LINE 1584
                    > USED AT LINE 1596
HEXMORE:            C821 DEFINED AT LINE 1557
                    > USED AT LINE 1553
HEXTEXTLOOP:        C82D DEFINED AT LINE 1564
                    > USED AT LINE 1570
SKIPHEX:            C837 DEFINED AT LINE 1571
                    > USED AT LINE 1568
SENDHEXAPI:         C84E DEFINED AT LINE 1588
                    > USED AT LINE 3443
DISPLAY7SEGS:       C85C DEFINED AT LINE 1602
                    > USED AT LINE 2166
                    > USED AT LINE 2169
                    > USED AT LINE 2172
DISPLAYLOOP:        C86D DEFINED AT LINE 1610
                    > USED AT LINE 1613
STRINGCOMPARE:      C876 DEFINED AT LINE 1625
                    > USED AT LINE 347
                    > USED AT LINE 1633
                    > USED AT LINE 3422
STRINGZEROSPACE:    C880 DEFINED AT LINE 1637
                    > USED AT LINE 868
STRINGZERO:         C882 DEFINED AT LINE 1647
SZ1:                C887 DEFINED AT LINE 1651
                    > USED AT LINE 1655
SZ2:                C891 DEFINED AT LINE 1659
                    > USED AT LINE 1653
STRINGSPACES:       C894 DEFINED AT LINE 1667
STRSPLOOP:          C898 DEFINED AT LINE 1671
                    > USED AT LINE 1682
STRSPCHECK:         C8A0 DEFINED AT LINE 1679
                    > USED AT LINE 1674
HLTOSTRING:         C8A8 DEFINED AT LINE 1691
                    > USED AT LINE 1061
                    > USED AT LINE 1750
                    > USED AT LINE 3423
ATOSTRING:          C8AD DEFINED AT LINE 1701
                    > USED AT LINE 1693
                    > USED AT LINE 1759
                    > USED AT LINE 3424
                    > USED AT LINE 356 IN packages.z80
                    > USED AT LINE 363 IN packages.z80
                    > USED AT LINE 372 IN packages.z80
                    > USED AT LINE 416 IN packages.z80
                    > USED AT LINE 422 IN packages.z80
                    > USED AT LINE 429 IN packages.z80
                    > USED AT LINE 431 IN packages.z80
LOWNIBTOSTRING:     C8B6 DEFINED AT LINE 1709
                    > USED AT LINE 1707
REGATOASCII:        C8C1 DEFINED AT LINE 1723
                    > USED AT LINE 2328
                    > USED AT LINE 2476
                    > USED AT LINE 2760
                    > USED AT LINE 3420
NIBBLE2ASCII:       C8CB DEFINED AT LINE 1732
                    > USED AT LINE 1729
GENDATADUMP:        C8D5 DEFINED AT LINE 1748
                    > USED AT LINE 765
                    > USED AT LINE 1561
                    > USED AT LINE 3444
DATADUMPLOOP:       C8DD DEFINED AT LINE 1754
                    > USED AT LINE 1761
CHECKSTARTEND:      C8EC DEFINED AT LINE 1774
                    > USED AT LINE 1487
                    > USED AT LINE 1797
                    > USED AT LINE 2098
                    > USED AT LINE 2136
                    > USED AT LINE 3445
BLOCKMOVE:          C8FC DEFINED AT LINE 1795
                    > USED AT LINE 1852
                    > USED AT LINE 2084
                    > USED AT LINE 2113
MVUP:               C918 DEFINED AT LINE 1810
                    > USED AT LINE 1801
BLOCKMOVEPARAMS:    C91D DEFINED AT LINE 1815
                    > USED AT LINE 2082
BLOCKCOPYPARAMS:    C96A DEFINED AT LINE 1825
                    > USED AT LINE 1849
BLOCKRESTOREPARAMS: C9B7 DEFINED AT LINE 1835
                    > USED AT LINE 2103
SMARTCOPY:          CA04 DEFINED AT LINE 1848
                    > USED AT LINE 3272
                    > USED AT LINE 3349
SMARTCOPYDIRECT:    CA0A DEFINED AT LINE 1851
                    > USED AT LINE 589
                    > USED AT LINE 606
CHECKINST:          CA31 DEFINED AT LINE 1867
                    > USED AT LINE 1935
FOURBYTEADDR:       CA59 DEFINED AT LINE 1891
                    > USED AT LINE 1876
                    > USED AT LINE 1886
CHECK3:             CA5F DEFINED AT LINE 1895
                    > USED AT LINE 1873
TARGETSKIP:         CA8B DEFINED AT LINE 1925
                    > USED AT LINE 1913
                    > USED AT LINE 1917
ENDTEST:            CA91 DEFINED AT LINE 1930
                    > USED AT LINE 1941
NEXTINST:           CA9E DEFINED AT LINE 1937
                    > USED AT LINE 1879
                    > USED AT LINE 1890
                    > USED AT LINE 1897
                    > USED AT LINE 1901
                    > USED AT LINE 1940
GETINSTLEN:         CAA4 DEFINED AT LINE 1948
                    > USED AT LINE 1870
GETINS1:            CABA DEFINED AT LINE 1963
                    > USED AT LINE 1959
GETINS2:            CAC2 DEFINED AT LINE 1969
                    > USED AT LINE 1956
GETINS3:            CAD1 DEFINED AT LINE 1981
                    > USED AT LINE 1968
GETINS4:            CAE6 DEFINED AT LINE 1998
                    > USED AT LINE 1972
CALCDISADDRESS:     CB31 DEFINED AT LINE 2060
                    > USED AT LINE 778
                    > USED AT LINE 836
DISTESTLOOP:        CB3D DEFINED AT LINE 2066
                    > USED AT LINE 2064
                    > USED AT LINE 2075
DUMBCOPY:           CB56 DEFINED AT LINE 2081
                    > USED AT LINE 3271
                    > USED AT LINE 3351
RESTOREBACKUP:      CB5F DEFINED AT LINE 2090
                    > USED AT LINE 3270
HLTODE:             CBAA DEFINED AT LINE 2120
                    > USED AT LINE 2093
                    > USED AT LINE 2096
NOPFILL:            CBB1 DEFINED AT LINE 2130
                    > USED AT LINE 3268
DOFILL:             CBC7 DEFINED AT LINE 2140
                    > USED AT LINE 2137
FILLRANGEPARAMS:    CBD0 DEFINED AT LINE 2150
                    > USED AT LINE 2131
DISPLAYERROR:       CC0D DEFINED AT LINE 2164
                    > USED AT LINE 215
                    > USED AT LINE 252
                    > USED AT LINE 1366
                    > USED AT LINE 1490
                    > USED AT LINE 1798
                    > USED AT LINE 2139
                    > USED AT LINE 3426
DISPLAYPASS:        CC13 DEFINED AT LINE 2167
                    > USED AT LINE 1365
DISPLAYNOFN:        CC19 DEFINED AT LINE 2170
                    > USED AT LINE 3266
                    > USED AT LINE 3267
                    > USED AT LINE 3269
                    > USED AT LINE 3275
MATRIXSCAN:         CC1F DEFINED AT LINE 2181
                    > USED AT LINE 337
                    > USED AT LINE 1116
                    > USED AT LINE 3433
                    > USED AT LINE 2023 IN packages.z80
KLINE:              CC27 DEFINED AT LINE 2185
                    > USED AT LINE 2204
KBITS:              CC30 DEFINED AT LINE 2192
                    > USED AT LINE 2195
                    > USED AT LINE 2198
KDONE:              CC39 DEFINED AT LINE 2199
                    > USED AT LINE 2189
JOYSTICKSCAN:       CC4E DEFINED AT LINE 2232
                    > USED AT LINE 3434
BREAKPOINT:         CC59 DEFINED AT LINE 2244
                    > USED AT LINE 198
BPTEXT:             CC6C DEFINED AT LINE 2253
                    > USED AT LINE 2260
BPDATA:             CC78 DEFINED AT LINE 2263
BPFLAGROW:          CC95 DEFINED AT LINE 2277
                    > USED AT LINE 2293
BPFLAGCOL:          CCA0 DEFINED AT LINE 2285
                    > USED AT LINE 2292
BPQUERY:            CCAF DEFINED AT LINE 2296
                    > USED AT LINE 2280
                    > USED AT LINE 2303
                    > USED AT LINE 2304
                    > USED AT LINE 2312
BPNOSTOP:           CCC6 DEFINED AT LINE 2307
                    > USED AT LINE 2301
BPPRINTDATA:        CCD7 DEFINED AT LINE 2316
                    > USED AT LINE 2267
                    > USED AT LINE 2270
                    > USED AT LINE 2341
BPDATAOUT:          CCE4 DEFINED AT LINE 2326
                    > USED AT LINE 2334
SAVEREGISTERS:      CCFC DEFINED AT LINE 2351
                    > USED AT LINE 2245
RESTOREREGISTERS:   CD28 DEFINED AT LINE 2384
                    > USED AT LINE 2309
SAVELCD:            CD44 DEFINED AT LINE 2408
                    > USED AT LINE 2246
RESTORELCD:         CD61 DEFINED AT LINE 2430
                    > USED AT LINE 2308
SETCELQUICKJUMP:    CD7E DEFINED AT LINE 2450
                    > USED AT LINE 3260
PRINTCELROW:        CD9F DEFINED AT LINE 2463
                    > USED AT LINE 2486
PRINTHL:            CDB1 DEFINED AT LINE 2473
                    > USED AT LINE 2483
CELKEYPRESS:        CDC6 DEFINED AT LINE 2488
                    > USED AT LINE 2494
QJMPTOCEL:          CDD5 DEFINED AT LINE 2497
GETCELQUICKJUMP:    CDED DEFINED AT LINE 2515
                    > USED AT LINE 3261
                    > USED AT LINE 3262
                    > USED AT LINE 3263
SERIALENABLE:       CE02 DEFINED AT LINE 2534
                    > USED AT LINE 1251
                    > USED AT LINE 3435
SERIALDISABLE:      CE0B DEFINED AT LINE 2544
                    > USED AT LINE 3436
LCDCONFIRM:         CE11 DEFINED AT LINE 2553
                    > USED AT LINE 2133
                    > USED AT LINE 2567
                    > USED AT LINE 3470
RTCRESET:           CE20 DEFINED AT LINE 2566
                    > USED AT LINE 3386
RESETRTCPRAM:       CE24 DEFINED AT LINE 2574
                    > USED AT LINE 373
RTCRESETLOOP1:      CE2D DEFINED AT LINE 2578
                    > USED AT LINE 2591
RTCSAVECHECKSUM:    CE45 DEFINED AT LINE 2595
                    > USED AT LINE 2630
RTCGETPRAM:         CE4E DEFINED AT LINE 2604
                    > USED AT LINE 2636
                    > USED AT LINE 2639
                    > USED AT LINE 2642
                    > USED AT LINE 2646
                    > USED AT LINE 2649
                    > USED AT LINE 2652
RTCSETPRAM:         CE5C DEFINED AT LINE 2619
                    > USED AT LINE 721
                    > USED AT LINE 2512
RTCFILLRAM:         CE6D DEFINED AT LINE 2633
                    > USED AT LINE 374
                    > USED AT LINE 2592
MENUINIT:           CE9E DEFINED AT LINE 2659
                    > USED AT LINE 426
                    > USED AT LINE 613
                    > USED AT LINE 2827
                    > USED AT LINE 2852
MENURESET:          CEB8 DEFINED AT LINE 2681
                    > USED AT LINE 423
                    > USED AT LINE 2660
                    > USED AT LINE 2707
MENUPOP:            CEC7 DEFINED AT LINE 2693
                    > USED AT LINE 662
                    > USED AT LINE 686
                    > USED AT LINE 3462
MENUDRAW:           CEE1 DEFINED AT LINE 2712
                    > USED AT LINE 747
LCDSEGLOOP:         CEEF DEFINED AT LINE 2720
                    > USED AT LINE 2726
DRAWLOOP:           CF0D DEFINED AT LINE 2737
                    > USED AT LINE 2774
DRAWHL:             CF2C DEFINED AT LINE 2757
                    > USED AT LINE 2767
DRAWHLSKIP:         CF3E DEFINED AT LINE 2769
                    > USED AT LINE 2745
MENUINDEX:          CF5B DEFINED AT LINE 2792
                    > USED AT LINE 665
                    > USED AT LINE 694
                    > USED AT LINE 2730
INDEXLOOP:          CF67 DEFINED AT LINE 2802
                    > USED AT LINE 2809
MENUDRIVER:         CF71 DEFINED AT LINE 2826
                    > USED AT LINE 3028
                    > USED AT LINE 3033
                    > USED AT LINE 3446
PARAMDRIVER:        CF7E DEFINED AT LINE 2851
                    > USED AT LINE 1485
                    > USED AT LINE 1850
                    > USED AT LINE 2083
                    > USED AT LINE 2104
                    > USED AT LINE 2132
                    > USED AT LINE 3447
                    > USED AT LINE 43 IN packages.z80
GETCAPS:            CF8B DEFINED AT LINE 2861
                    > USED AT LINE 3146
                    > USED AT LINE 3452
GETGLCDTERM:        CF8F DEFINED AT LINE 2868
                    > USED AT LINE 419
                    > USED AT LINE 3471
                    > USED AT LINE 1418 IN packages.z80
                    > USED AT LINE 1972 IN packages.z80
                    > USED AT LINE 2019 IN packages.z80
GETSHADOW:          CF93 DEFINED AT LINE 2875
                    > USED AT LINE 3453
GETPROTECT:         CF9B DEFINED AT LINE 2884
                    > USED AT LINE 3454
GETEXPAND:          CF9F DEFINED AT LINE 2891
                    > USED AT LINE 3455
SETCAPS:            CFA5 DEFINED AT LINE 2899
                    > USED AT LINE 355
                    > USED AT LINE 3456
UPDATEMODE:         CFB1 DEFINED AT LINE 2906
                    > USED AT LINE 2933
                    > USED AT LINE 2945
                    > USED AT LINE 2957
SETGLCDTERM:        CFB9 DEFINED AT LINE 2916
                    > USED AT LINE 420
                    > USED AT LINE 3472
SETSHADOW:          CFC4 DEFINED AT LINE 2926
                    > USED AT LINE 3457
SETPROTECT:         CFD0 DEFINED AT LINE 2938
                    > USED AT LINE 3458
SETEXPAND:          CFDE DEFINED AT LINE 2950
                    > USED AT LINE 352
                    > USED AT LINE 3459
TOGGLECAPS:         CFEC DEFINED AT LINE 2962
                    > USED AT LINE 3201
                    > USED AT LINE 3463
UPDATECTL:          CFF9 DEFINED AT LINE 2968
                    > USED AT LINE 2982
TOGGLEEXPAND:       CFFF DEFINED AT LINE 2976
                    > USED AT LINE 3274
                    > USED AT LINE 3388
TOGGLEGLCDTERMINAL: D00E DEFINED AT LINE 2987
                    > USED AT LINE 3265
                    > USED AT LINE 3382
INITGLCDTERMINAL:   D015 DEFINED AT LINE 2991
                    > USED AT LINE 2921
TOGGLEBEEP:         D029 DEFINED AT LINE 3010
                    > USED AT LINE 3378
TOGGLEAUTOADDRESS:  D031 DEFINED AT LINE 3019
                    > USED AT LINE 3380
DISPLAYCREDITS:     D039 DEFINED AT LINE 3026
                    > USED AT LINE 3367
DISPLAYSETTINGS:    D03F DEFINED AT LINE 3031
                    > USED AT LINE 3365
RANDOM:             D045 DEFINED AT LINE 3039
                    > USED AT LINE 3464
SETDISSTART:        D057 DEFINED AT LINE 3056
                    > USED AT LINE 3465
GETDISNEXT:         D05B DEFINED AT LINE 3064
                    > USED AT LINE 3466
GETDISASSEMBLY:     D05F DEFINED AT LINE 3072
                    > USED AT LINE 3467
MATRIXSCANASCII:    D06B DEFINED AT LINE 3086
                    > USED AT LINE 3204
                    > USED AT LINE 3468
KCPI:               D072 DEFINED AT LINE 3091
                    > USED AT LINE 3094
KMODA:              D07C DEFINED AT LINE 3096
                    > USED AT LINE 3092
KSHIFTINDEX:        D08B DEFINED AT LINE 3107
                    > USED AT LINE 3129
KMOD_TABLE:         D08F DEFINED AT LINE 3112
                    > USED AT LINE 3089
KNUMCHAR:           D099 DEFINED AT LINE 3115
                    > USED AT LINE 3095
KSHIFT_TABLE:       D0B0 DEFINED AT LINE 3130
                    > USED AT LINE 3104
                    > USED AT LINE 3126
KALPHA:             D0C4 DEFINED AT LINE 3133
                    > USED AT LINE 3118
                    > USED AT LINE 3120
KCAPS:              D0D2 DEFINED AT LINE 3145
                    > USED AT LINE 3141
KUPPER:             D0DC DEFINED AT LINE 3152
                    > USED AT LINE 3148
KALPEND:            D0E0 DEFINED AT LINE 3156
                    > USED AT LINE 3103
                    > USED AT LINE 3125
                    > USED AT LINE 3151
PARSEMATRIXSCAN:    D0E2 DEFINED AT LINE 3170
                    > USED AT LINE 3469
                    > USED AT LINE 2024 IN packages.z80
PARSESPECIAL:       D0ED DEFINED AT LINE 3176
                    > USED AT LINE 3188
                    > USED AT LINE 3195
                    > USED AT LINE 3202
PARSEKEY:           D0F5 DEFINED AT LINE 3182
                    > USED AT LINE 3172
PARSENEWKEY:        D100 DEFINED AT LINE 3190
                    > USED AT LINE 3186
PARSEMATRIX:        D113 DEFINED AT LINE 3203
                    > USED AT LINE 3200
DEFAULTS:           D200 DEFINED AT LINE 3221
                    > USED AT LINE 362
DEFAULTSSIZE:       0017 DEFINED AT LINE 3240
                    > USED AT LINE 364
LCDINITTABLE:       D217 DEFINED AT LINE 3243
                    > USED AT LINE 1043
LCDBASEROWS:        D21B DEFINED AT LINE 3250
                    > USED AT LINE 755
                    > USED AT LINE 840
                    > USED AT LINE 2461
                    > USED AT LINE 2736
                    > USED AT LINE 2780
HEXTOSEGMENTTABLE:  D21F DEFINED AT LINE 3254
                    > USED AT LINE 936
FUNCTIONJUMPTABLE:  D22F DEFINED AT LINE 3259
                    > USED AT LINE 561
ASCIISEGTABLE:      D24F DEFINED AT LINE 3277
                    > USED AT LINE 1219
PASSTEXT:           D2AE DEFINED AT LINE 3291
                    > USED AT LINE 2168
ERRORTEXT:          D2B4 DEFINED AT LINE 3293
                    > USED AT LINE 2165
NOFNTEXT:           D2BA DEFINED AT LINE 3295
                    > USED AT LINE 2171
BREAKTEXT:          D2C0 DEFINED AT LINE 3297
                    > USED AT LINE 2297
BREAKPOINTREGS:     D2C6 DEFINED AT LINE 3300
                    > USED AT LINE 2251
BREAKPOINTROWS:     D2E6 DEFINED AT LINE 3303
                    > USED AT LINE 2250
                    > USED AT LINE 2264
BREAKPOINTFLAGS:    D2EE DEFINED AT LINE 3305
                    > USED AT LINE 2276
BREAKPOINTFLAGROWS: D2F6 DEFINED AT LINE 3307
                    > USED AT LINE 2275
CELJUMPTEXT:        D2FB DEFINED AT LINE 3311
                    > USED AT LINE 2454
CELHELPTEXT:        D310 DEFINED AT LINE 3313
                    > USED AT LINE 2458
MENUGOTEXT:         D31C DEFINED AT LINE 3317
                    > USED AT LINE 678
SERIALSTARTUP:      D329 DEFINED AT LINE 3321
                    > USED AT LINE 387
CONFIRMTEXT:        D33C DEFINED AT LINE 3325
                    > USED AT LINE 2554
HARDRESETTUNE:      D351 DEFINED AT LINE 3329
                    > USED AT LINE 407
HARDRESETMESSAGE:   D361 DEFINED AT LINE 3333
                    > USED AT LINE 384
MAINMENUCFG:        D3B2 DEFINED AT LINE 3340
                    > USED AT LINE 422
                    > USED AT LINE 612
                    > USED AT LINE 3237
INTELLABEL:         D3CE DEFINED AT LINE 3345
SETTINGSCFG:        D496 DEFINED AT LINE 3372
                    > USED AT LINE 3032
CREDITSCFG:         D51F DEFINED AT LINE 3391
                    > USED AT LINE 3027
APITABLE:           D600 DEFINED AT LINE 3414
                    > USED AT LINE 256
API_COUNT:          0074 DEFINED AT LINE 3475
                    > USED AT LINE 249
APITABLE2:          D700 DEFINED AT LINE 3478
                    > USED AT LINE 219
API_COUNT2:         003E DEFINED AT LINE 3511
                    > USED AT LINE 213
V_DELAY_US:         000A DEFINED AT LINE 49 IN packages.z80
                    > USED AT LINE 700 IN packages.z80
UP:                 0005 DEFINED AT LINE 52 IN packages.z80
                    > USED AT LINE 758 IN packages.z80
DN:                 0006 DEFINED AT LINE 53 IN packages.z80
                    > USED AT LINE 764 IN packages.z80
FF:                 000C DEFINED AT LINE 54 IN packages.z80
                    > USED AT LINE 782 IN packages.z80
                    > USED AT LINE 829 IN packages.z80
CURSOR:             008F DEFINED AT LINE 55 IN packages.z80
                    > USED AT LINE 810 IN packages.z80
INITLCD:            D800 DEFINED AT LINE 58 IN packages.z80
                    > USED AT LINE 3000
                    > USED AT LINE 3479
                    > USED AT LINE 725 IN packages.z80
NEXT_CMD:           D805 DEFINED AT LINE 61 IN packages.z80
                    > USED AT LINE 66 IN packages.z80
CLEARGBUF:          D81D DEFINED AT LINE 76 IN packages.z80
                    > USED AT LINE 3480
                    > USED AT LINE 713 IN packages.z80
                    > USED AT LINE 731 IN packages.z80
CLEARGRLCD:         D82D DEFINED AT LINE 87 IN packages.z80
                    > USED AT LINE 3481
                    > USED AT LINE 73 IN packages.z80
CLR_X:              D832 DEFINED AT LINE 90 IN packages.z80
                    > USED AT LINE 109 IN packages.z80
CLR_Y:              D844 DEFINED AT LINE 100 IN packages.z80
                    > USED AT LINE 105 IN packages.z80
CLEARTXTLCD:        D857 DEFINED AT LINE 113 IN packages.z80
                    > USED AT LINE 3482
CLR_ROWS:           D863 DEFINED AT LINE 119 IN packages.z80
                    > USED AT LINE 123 IN packages.z80
SETGRMODE:          D86D DEFINED AT LINE 127 IN packages.z80
                    > USED AT LINE 3483
                    > USED AT LINE 88 IN packages.z80
                    > USED AT LINE 726 IN packages.z80
SETTXTMODE:         D87B DEFINED AT LINE 136 IN packages.z80
                    > USED AT LINE 3484
                    > USED AT LINE 114 IN packages.z80
                    > USED AT LINE 648 IN packages.z80
                    > USED AT LINE 678 IN packages.z80
DRAWBOX:            D882 DEFINED AT LINE 145 IN packages.z80
                    > USED AT LINE 3485
TOP:                D883 DEFINED AT LINE 147 IN packages.z80
                    > USED AT LINE 152 IN packages.z80
BOTTOM:             D88E DEFINED AT LINE 157 IN packages.z80
                    > USED AT LINE 162 IN packages.z80
LEFT:               D898 DEFINED AT LINE 166 IN packages.z80
                    > USED AT LINE 171 IN packages.z80
RIGHT:              D8A3 DEFINED AT LINE 176 IN packages.z80
                    > USED AT LINE 181 IN packages.z80
FILLBOX:            D8AD DEFINED AT LINE 190 IN packages.z80
                    > USED AT LINE 3489
                    > USED AT LINE 202 IN packages.z80
NEXT_PIXEL:         D8AE DEFINED AT LINE 192 IN packages.z80
                    > USED AT LINE 197 IN packages.z80
DRAWLINE:           D8BD DEFINED AT LINE 222 IN packages.z80
                    > USED AT LINE 3486
LINE_LOOP:          D918 DEFINED AT LINE 291 IN packages.z80
                    > USED AT LINE 330 IN packages.z80
                    > USED AT LINE 339 IN packages.z80
LL2:                D943 DEFINED AT LINE 323 IN packages.z80
                    > USED AT LINE 312 IN packages.z80
LL3:                D950 DEFINED AT LINE 331 IN packages.z80
                    > USED AT LINE 329 IN packages.z80
ABSHL:              D95E DEFINED AT LINE 341 IN packages.z80
                    > USED AT LINE 265 IN packages.z80
                    > USED AT LINE 276 IN packages.z80
DRAWCIRCLE:         D968 DEFINED AT LINE 370 IN packages.z80
                    > USED AT LINE 3487
                    > USED AT LINE 505 IN packages.z80
CIRCLE_LOOP:        D984 DEFINED AT LINE 391 IN packages.z80
                    > USED AT LINE 493 IN packages.z80
DS1:                D9F0 DEFINED AT LINE 459 IN packages.z80
                    > USED AT LINE 447 IN packages.z80
DS2:                DA14 DEFINED AT LINE 478 IN packages.z80
                    > USED AT LINE 468 IN packages.z80
DS3:                DA27 DEFINED AT LINE 490 IN packages.z80
                    > USED AT LINE 476 IN packages.z80
                    > USED AT LINE 477 IN packages.z80
FILLCIRCLE:         DA2F DEFINED AT LINE 500 IN packages.z80
                    > USED AT LINE 3490
NEXT_CIRCLE:        DA31 DEFINED AT LINE 502 IN packages.z80
                    > USED AT LINE 510 IN packages.z80
DRAWPIXEL:          DA3D DEFINED AT LINE 516 IN packages.z80
                    > USED AT LINE 3488
                    > USED AT LINE 148 IN packages.z80
                    > USED AT LINE 158 IN packages.z80
                    > USED AT LINE 167 IN packages.z80
                    > USED AT LINE 177 IN packages.z80
                    > USED AT LINE 193 IN packages.z80
                    > USED AT LINE 293 IN packages.z80
                    > USED AT LINE 401 IN packages.z80
                    > USED AT LINE 412 IN packages.z80
                    > USED AT LINE 424 IN packages.z80
                    > USED AT LINE 434 IN packages.z80
                    > USED AT LINE 1080 IN packages.z80
CLEARPIXEL:         DA4E DEFINED AT LINE 536 IN packages.z80
                    > USED AT LINE 3498
                    > USED AT LINE 1083 IN packages.z80
FLIPPIXEL:          DA60 DEFINED AT LINE 557 IN packages.z80
                    > USED AT LINE 3499
SET_GBUF:           DA71 DEFINED AT LINE 578 IN packages.z80
                    > USED AT LINE 525 IN packages.z80
                    > USED AT LINE 545 IN packages.z80
                    > USED AT LINE 566 IN packages.z80
BASE_COL:           DA81 DEFINED AT LINE 591 IN packages.z80
                    > USED AT LINE 594 IN packages.z80
SHIFT_BIT:          DA8A DEFINED AT LINE 600 IN packages.z80
                    > USED AT LINE 603 IN packages.z80
PLOTTOLCD:          DA90 DEFINED AT LINE 608 IN packages.z80
                    > USED AT LINE 3491
                    > USED AT LINE 762 IN packages.z80
                    > USED AT LINE 812 IN packages.z80
PLOT_ROW:           DA95 DEFINED AT LINE 611 IN packages.z80
                    > USED AT LINE 635 IN packages.z80
PLOT_COLUMN:        DAAC DEFINED AT LINE 623 IN packages.z80
                    > USED AT LINE 632 IN packages.z80
PRINTSTRING:        DAC3 DEFINED AT LINE 646 IN packages.z80
                    > USED AT LINE 3492
DS_LOOP:            DAD7 DEFINED AT LINE 659 IN packages.z80
                    > USED AT LINE 666 IN packages.z80
DS_EXIT:            DAE3 DEFINED AT LINE 667 IN packages.z80
                    > USED AT LINE 663 IN packages.z80
PRINTCHARS:         DAE4 DEFINED AT LINE 677 IN packages.z80
                    > USED AT LINE 3493
PC_LOOP:            DAF7 DEFINED AT LINE 689 IN packages.z80
                    > USED AT LINE 696 IN packages.z80
DELAYUS:            DB02 DEFINED AT LINE 699 IN packages.z80
                    > USED AT LINE 3494
                    > USED AT LINE 64 IN packages.z80
                    > USED AT LINE 94 IN packages.z80
                    > USED AT LINE 97 IN packages.z80
                    > USED AT LINE 102 IN packages.z80
                    > USED AT LINE 104 IN packages.z80
                    > USED AT LINE 117 IN packages.z80
                    > USED AT LINE 122 IN packages.z80
                    > USED AT LINE 130 IN packages.z80
                    > USED AT LINE 133 IN packages.z80
                    > USED AT LINE 139 IN packages.z80
                    > USED AT LINE 615 IN packages.z80
                    > USED AT LINE 621 IN packages.z80
                    > USED AT LINE 626 IN packages.z80
                    > USED AT LINE 657 IN packages.z80
                    > USED AT LINE 665 IN packages.z80
                    > USED AT LINE 688 IN packages.z80
                    > USED AT LINE 695 IN packages.z80
DELAYMS:            DB05 DEFINED AT LINE 701 IN packages.z80
                    > USED AT LINE 3495
                    > USED AT LINE 68 IN packages.z80
                    > USED AT LINE 705 IN packages.z80
SETBUFCLEAR:        DB0B DEFINED AT LINE 710 IN packages.z80
                    > USED AT LINE 3496
SETBUFNOCLEAR:      DB13 DEFINED AT LINE 715 IN packages.z80
                    > USED AT LINE 3497
                    > USED AT LINE 727 IN packages.z80
INITTERMINAL:       DB18 DEFINED AT LINE 724 IN packages.z80
                    > USED AT LINE 2998
                    > USED AT LINE 3502
                    > USED AT LINE 783 IN packages.z80
SENDCHARTOLCD:      DB3C DEFINED AT LINE 752 IN packages.z80
                    > USED AT LINE 3503
                    > USED AT LINE 1978 IN packages.z80
DO_SCRL_UP:         DB40 DEFINED AT LINE 757 IN packages.z80
DO_SCRL_DN:         DB4B DEFINED AT LINE 763 IN packages.z80
                    > USED AT LINE 759 IN packages.z80
DO_CR:              DB53 DEFINED AT LINE 768 IN packages.z80
                    > USED AT LINE 765 IN packages.z80
                    > USED AT LINE 828 IN packages.z80
DO_FF:              DB6D DEFINED AT LINE 781 IN packages.z80
                    > USED AT LINE 775 IN packages.z80
                    > USED AT LINE 830 IN packages.z80
DO_BS:              DB71 DEFINED AT LINE 784 IN packages.z80
DO_TAB:             DB7F DEFINED AT LINE 791 IN packages.z80
                    > USED AT LINE 786 IN packages.z80
DO_CHAR:            DB96 DEFINED AT LINE 801 IN packages.z80
                    > USED AT LINE 793 IN packages.z80
DRAW_CURSOR:        DB9D DEFINED AT LINE 805 IN packages.z80
                    > USED AT LINE 737 IN packages.z80
                    > USED AT LINE 756 IN packages.z80
                    > USED AT LINE 780 IN packages.z80
                    > USED AT LINE 790 IN packages.z80
                    > USED AT LINE 800 IN packages.z80
                    > USED AT LINE 826 IN packages.z80
                    > USED AT LINE 844 IN packages.z80
                    > USED AT LINE 873 IN packages.z80
                    > USED AT LINE 1015 IN packages.z80
SENDSTRINGTOLCD:    DBAD DEFINED AT LINE 820 IN packages.z80
                    > USED AT LINE 3504
                    > USED AT LINE 1425 IN packages.z80
NEXT_CHAR:          DBAE DEFINED AT LINE 822 IN packages.z80
                    > USED AT LINE 836 IN packages.z80
SENDREGTOLCD:       DBC7 DEFINED AT LINE 841 IN packages.z80
                    > USED AT LINE 3505
DRAW_A:             DBCD DEFINED AT LINE 845 IN packages.z80
                    > USED AT LINE 843 IN packages.z80
                    > USED AT LINE 869 IN packages.z80
                    > USED AT LINE 872 IN packages.z80
NIBBLE_TO_LCD:      DBD6 DEFINED AT LINE 853 IN packages.z80
                    > USED AT LINE 851 IN packages.z80
SENDHLTOLCD:        DBE6 DEFINED AT LINE 866 IN packages.z80
                    > USED AT LINE 3506
SETCURSOR:          DBF2 DEFINED AT LINE 879 IN packages.z80
                    > USED AT LINE 3507
                    > USED AT LINE 736 IN packages.z80
INC_CURSOR:         DC03 DEFINED AT LINE 900 IN packages.z80
                    > USED AT LINE 796 IN packages.z80
                    > USED AT LINE 797 IN packages.z80
                    > USED AT LINE 798 IN packages.z80
                    > USED AT LINE 799 IN packages.z80
                    > USED AT LINE 804 IN packages.z80
                    > USED AT LINE 834 IN packages.z80
                    > USED AT LINE 861 IN packages.z80
INC_ROW:            DC10 DEFINED AT LINE 907 IN packages.z80
                    > USED AT LINE 778 IN packages.z80
                    > USED AT LINE 904 IN packages.z80
SAVE_ROW:           DC24 DEFINED AT LINE 918 IN packages.z80
                    > USED AT LINE 913 IN packages.z80
SHIFT_BUFFER:       DC28 DEFINED AT LINE 925 IN packages.z80
                    > USED AT LINE 915 IN packages.z80
SKIP_TBUF:          DC3C DEFINED AT LINE 936 IN packages.z80
                    > USED AT LINE 931 IN packages.z80
MOVE_VPORT:         DC5E DEFINED AT LINE 957 IN packages.z80
                    > USED AT LINE 761 IN packages.z80
MOVE_UP:            DC65 DEFINED AT LINE 962 IN packages.z80
SAVE_VPORT:         DC6E DEFINED AT LINE 967 IN packages.z80
                    > USED AT LINE 976 IN packages.z80
MOVE_DOWN:          DC73 DEFINED AT LINE 971 IN packages.z80
                    > USED AT LINE 961 IN packages.z80
DEC_CURSOR:         DC7E DEFINED AT LINE 981 IN packages.z80
                    > USED AT LINE 789 IN packages.z80
SAVE_COL:           DC83 DEFINED AT LINE 984 IN packages.z80
                    > USED AT LINE 995 IN packages.z80
GETCURSOR:          DCA3 DEFINED AT LINE 1005 IN packages.z80
                    > USED AT LINE 3508
DISPLAYCURSOR:      DCA8 DEFINED AT LINE 1012 IN packages.z80
                    > USED AT LINE 3509
INVGRAPHIC:         DCAF DEFINED AT LINE 1020 IN packages.z80
                    > USED AT LINE 3501
DRAWGRAPHIC:        DCB7 DEFINED AT LINE 1034 IN packages.z80
                    > USED AT LINE 3500
                    > USED AT LINE 777 IN packages.z80
                    > USED AT LINE 788 IN packages.z80
                    > USED AT LINE 795 IN packages.z80
                    > USED AT LINE 803 IN packages.z80
                    > USED AT LINE 811 IN packages.z80
                    > USED AT LINE 833 IN packages.z80
                    > USED AT LINE 860 IN packages.z80
PLOT_GRAPHIC:       DCCB DEFINED AT LINE 1050 IN packages.z80
                    > USED AT LINE 1037 IN packages.z80
PLOT_BYTE:          DCD5 DEFINED AT LINE 1056 IN packages.z80
                    > USED AT LINE 1094 IN packages.z80
                    > USED AT LINE 1103 IN packages.z80
INV_BIT:            DCE8 DEFINED AT LINE 1072 IN packages.z80
                    > USED AT LINE 1063 IN packages.z80
PLOT_BIT:           DCED DEFINED AT LINE 1076 IN packages.z80
                    > USED AT LINE 1087 IN packages.z80
REMOVE_PIXEL:       DCF7 DEFINED AT LINE 1082 IN packages.z80
                    > USED AT LINE 1079 IN packages.z80
ROWS:               DD15 DEFINED AT LINE 1106 IN packages.z80
                    > USED AT LINE 649 IN packages.z80
                    > USED AT LINE 679 IN packages.z80
INIT_BASIC:         DD19 DEFINED AT LINE 1108 IN packages.z80
                    > USED AT LINE 59 IN packages.z80
FONT_DATA:          DD1D DEFINED AT LINE 1118 IN packages.z80
                    > USED AT LINE 1047 IN packages.z80
GLCD_BANNER:        E31D DEFINED AT LINE 2913 IN packages.z80
GBUF:               0A00 DEFINED AT LINE 2982 IN packages.z80
                    > USED AT LINE 70 IN packages.z80
ENDPT:              0E00 DEFINED AT LINE 2983 IN packages.z80
                    > USED AT LINE 255 IN packages.z80
                    > USED AT LINE 296 IN packages.z80
                    > USED AT LINE 299 IN packages.z80
SX:                 0E02 DEFINED AT LINE 2984 IN packages.z80
                    > USED AT LINE 244 IN packages.z80
                    > USED AT LINE 318 IN packages.z80
                    > USED AT LINE 374 IN packages.z80
                    > USED AT LINE 394 IN packages.z80
                    > USED AT LINE 405 IN packages.z80
                    > USED AT LINE 420 IN packages.z80
                    > USED AT LINE 431 IN packages.z80
                    > USED AT LINE 461 IN packages.z80
                    > USED AT LINE 479 IN packages.z80
                    > USED AT LINE 481 IN packages.z80
                    > USED AT LINE 491 IN packages.z80
SY:                 0E03 DEFINED AT LINE 2985 IN packages.z80
                    > USED AT LINE 253 IN packages.z80
                    > USED AT LINE 335 IN packages.z80
                    > USED AT LINE 377 IN packages.z80
                    > USED AT LINE 398 IN packages.z80
                    > USED AT LINE 408 IN packages.z80
                    > USED AT LINE 416 IN packages.z80
                    > USED AT LINE 428 IN packages.z80
                    > USED AT LINE 440 IN packages.z80
                    > USED AT LINE 448 IN packages.z80
                    > USED AT LINE 450 IN packages.z80
                    > USED AT LINE 470 IN packages.z80
DX:                 0E04 DEFINED AT LINE 2986 IN packages.z80
                    > USED AT LINE 266 IN packages.z80
                    > USED AT LINE 287 IN packages.z80
                    > USED AT LINE 325 IN packages.z80
DY:                 0E06 DEFINED AT LINE 2987 IN packages.z80
                    > USED AT LINE 283 IN packages.z80
                    > USED AT LINE 308 IN packages.z80
ERR:                0E08 DEFINED AT LINE 2988 IN packages.z80
                    > USED AT LINE 289 IN packages.z80
                    > USED AT LINE 304 IN packages.z80
                    > USED AT LINE 315 IN packages.z80
                    > USED AT LINE 317 IN packages.z80
                    > USED AT LINE 332 IN packages.z80
                    > USED AT LINE 334 IN packages.z80
                    > USED AT LINE 389 IN packages.z80
                    > USED AT LINE 437 IN packages.z80
                    > USED AT LINE 455 IN packages.z80
                    > USED AT LINE 457 IN packages.z80
                    > USED AT LINE 469 IN packages.z80
                    > USED AT LINE 486 IN packages.z80
                    > USED AT LINE 488 IN packages.z80
RAD:                0E0A DEFINED AT LINE 2989 IN packages.z80
                    > USED AT LINE 381 IN packages.z80
                    > USED AT LINE 438 IN packages.z80
                    > USED AT LINE 460 IN packages.z80
CLRBUF:             0E0C DEFINED AT LINE 2990 IN packages.z80
                    > USED AT LINE 627 IN packages.z80
                    > USED AT LINE 712 IN packages.z80
                    > USED AT LINE 717 IN packages.z80
CURSOR_XY:          0E0D DEFINED AT LINE 2991 IN packages.z80
                    > USED AT LINE 888 IN packages.z80
                    > USED AT LINE 1006 IN packages.z80
                    > USED AT LINE 1055 IN packages.z80
                    > USED AT LINE 2992 IN packages.z80
                    > USED AT LINE 2993 IN packages.z80
CURSOR_Y:           0E0D DEFINED AT LINE 2992 IN packages.z80
                    > USED AT LINE 910 IN packages.z80
                    > USED AT LINE 919 IN packages.z80
                    > USED AT LINE 991 IN packages.z80
                    > USED AT LINE 998 IN packages.z80
                    > USED AT LINE 1000 IN packages.z80
CURSOR_X:           0E0E DEFINED AT LINE 2993 IN packages.z80
                    > USED AT LINE 901 IN packages.z80
                    > USED AT LINE 905 IN packages.z80
                    > USED AT LINE 909 IN packages.z80
                    > USED AT LINE 982 IN packages.z80
                    > USED AT LINE 985 IN packages.z80
                    > USED AT LINE 997 IN packages.z80
                    > USED AT LINE 1099 IN packages.z80
CURSOR_YS:          0E0F DEFINED AT LINE 2994 IN packages.z80
                    > USED AT LINE 779 IN packages.z80
                    > USED AT LINE 890 IN packages.z80
                    > USED AT LINE 948 IN packages.z80
                    > USED AT LINE 951 IN packages.z80
                    > USED AT LINE 989 IN packages.z80
CURSOR_ON:          0E10 DEFINED AT LINE 2995 IN packages.z80
                    > USED AT LINE 733 IN packages.z80
                    > USED AT LINE 806 IN packages.z80
                    > USED AT LINE 1014 IN packages.z80
INVERSE:            0E11 DEFINED AT LINE 2996 IN packages.z80
                    > USED AT LINE 734 IN packages.z80
                    > USED AT LINE 1021 IN packages.z80
                    > USED AT LINE 1023 IN packages.z80
                    > USED AT LINE 1073 IN packages.z80
PIXEL_X:            0E12 DEFINED AT LINE 2997 IN packages.z80
                    > USED AT LINE 1053 IN packages.z80
                    > USED AT LINE 1101 IN packages.z80
VPORT:              0E13 DEFINED AT LINE 2998 IN packages.z80
                    > USED AT LINE 71 IN packages.z80
                    > USED AT LINE 77 IN packages.z80
                    > USED AT LINE 78 IN packages.z80
                    > USED AT LINE 585 IN packages.z80
                    > USED AT LINE 609 IN packages.z80
                    > USED AT LINE 729 IN packages.z80
                    > USED AT LINE 771 IN packages.z80
                    > USED AT LINE 958 IN packages.z80
                    > USED AT LINE 969 IN packages.z80
TBUF:               0E15 DEFINED AT LINE 2999 IN packages.z80
                    > USED AT LINE 730 IN packages.z80
                    > USED AT LINE 927 IN packages.z80
                    > USED AT LINE 935 IN packages.z80
                    > USED AT LINE 963 IN packages.z80
SBUF:               03C0 DEFINED AT LINE 3000 IN packages.z80
                    > USED AT LINE 928 IN packages.z80
                    > USED AT LINE 937 IN packages.z80
                    > USED AT LINE 938 IN packages.z80
                    > USED AT LINE 3001 IN packages.z80
TGBUF:              13C0 DEFINED AT LINE 3001 IN packages.z80
                    > USED AT LINE 728 IN packages.z80
                    > USED AT LINE 770 IN packages.z80
                    > USED AT LINE 928 IN packages.z80
                    > USED AT LINE 937 IN packages.z80
                    > USED AT LINE 938 IN packages.z80
                    > USED AT LINE 941 IN packages.z80
                    > USED AT LINE 942 IN packages.z80
                    > USED AT LINE 972 IN packages.z80
DISRAM:             0900 DEFINED AT LINE 19 IN packages.z80
                    > USED AT LINE 20 IN packages.z80
                    > USED AT LINE 21 IN packages.z80
                    > USED AT LINE 22 IN packages.z80
                    > USED AT LINE 23 IN packages.z80
                    > USED AT LINE 24 IN packages.z80
DISLINE1:           0900 DEFINED AT LINE 20 IN packages.z80
                    > USED AT LINE 859
                    > USED AT LINE 861
                    > USED AT LINE 863
                    > USED AT LINE 865
                    > USED AT LINE 1513
                    > USED AT LINE 3076
                    > USED AT LINE 27 IN packages.z80
                    > USED AT LINE 37 IN packages.z80
DISLINE2:           0913 DEFINED AT LINE 21 IN packages.z80
                    > USED AT LINE 867
                    > USED AT LINE 250 IN packages.z80
DISPTR:             0926 DEFINED AT LINE 22 IN packages.z80
                    > USED AT LINE 3074
                    > USED AT LINE 30 IN packages.z80
                    > USED AT LINE 41 IN packages.z80
                    > USED AT LINE 225 IN packages.z80
                    > USED AT LINE 227 IN packages.z80
                    > USED AT LINE 231 IN packages.z80
                    > USED AT LINE 234 IN packages.z80
                    > USED AT LINE 238 IN packages.z80
                    > USED AT LINE 251 IN packages.z80
                    > USED AT LINE 257 IN packages.z80
                    > USED AT LINE 262 IN packages.z80
                    > USED AT LINE 301 IN packages.z80
                    > USED AT LINE 304 IN packages.z80
                    > USED AT LINE 321 IN packages.z80
                    > USED AT LINE 326 IN packages.z80
                    > USED AT LINE 556 IN packages.z80
                    > USED AT LINE 564 IN packages.z80
                    > USED AT LINE 667 IN packages.z80
                    > USED AT LINE 802 IN packages.z80
                    > USED AT LINE 806 IN packages.z80
                    > USED AT LINE 808 IN packages.z80
                    > USED AT LINE 812 IN packages.z80
                    > USED AT LINE 850 IN packages.z80
                    > USED AT LINE 862 IN packages.z80
                    > USED AT LINE 866 IN packages.z80
                    > USED AT LINE 884 IN packages.z80
DISFLAG:            0928 DEFINED AT LINE 23 IN packages.z80
                    > USED AT LINE 29 IN packages.z80
                    > USED AT LINE 183 IN packages.z80
                    > USED AT LINE 204 IN packages.z80
                    > USED AT LINE 880 IN packages.z80
                    > USED AT LINE 922 IN packages.z80
                    > USED AT LINE 941 IN packages.z80
                    > USED AT LINE 958 IN packages.z80
                    > USED AT LINE 994 IN packages.z80
DISFROM:            0929 DEFINED AT LINE 24 IN packages.z80
                    > USED AT LINE 780
                    > USED AT LINE 838
                    > USED AT LINE 1510
                    > USED AT LINE 1523
                    > USED AT LINE 1534
                    > USED AT LINE 2068
                    > USED AT LINE 3057
                    > USED AT LINE 3065
                    > USED AT LINE 31 IN packages.z80
                    > USED AT LINE 54 IN packages.z80
                    > USED AT LINE 56 IN packages.z80
                    > USED AT LINE 162 IN packages.z80
                    > USED AT LINE 221 IN packages.z80
                    > USED AT LINE 329 IN packages.z80
                    > USED AT LINE 341 IN packages.z80
                    > USED AT LINE 381 IN packages.z80
                    > USED AT LINE 392 IN packages.z80
                    > USED AT LINE 406 IN packages.z80
                    > USED AT LINE 704 IN packages.z80
                    > USED AT LINE 779 IN packages.z80
                    > USED AT LINE 885 IN packages.z80
                    > USED AT LINE 889 IN packages.z80
                    > USED AT LINE 911 IN packages.z80
                    > USED AT LINE 914 IN packages.z80
                    > USED AT LINE 966 IN packages.z80
DISSTART:           E71D DEFINED AT LINE 26 IN packages.z80
                    > USED AT LINE 858
                    > USED AT LINE 1512
                    > USED AT LINE 2069
                    > USED AT LINE 3073
L0X302E:            E750 DEFINED AT LINE 53 IN packages.z80
                    > USED AT LINE 48 IN packages.z80
L0X3031:            E758 DEFINED AT LINE 58 IN packages.z80
                    > USED AT LINE 49 IN packages.z80
L0X3049:            E770 DEFINED AT LINE 71 IN packages.z80
                    > USED AT LINE 67 IN packages.z80
L0X304D:            E774 DEFINED AT LINE 74 IN packages.z80
                    > USED AT LINE 60 IN packages.z80
                    > USED AT LINE 69 IN packages.z80
L0X304F:            E776 DEFINED AT LINE 77 IN packages.z80
                    > USED AT LINE 62 IN packages.z80
L0X3055:            E77C DEFINED AT LINE 81 IN packages.z80
                    > USED AT LINE 79 IN packages.z80
                    > USED AT LINE 481 IN packages.z80
                    > USED AT LINE 653 IN packages.z80
L0X305A:            E781 DEFINED AT LINE 84 IN packages.z80
                    > USED AT LINE 80 IN packages.z80
L0X305B:            E782 DEFINED AT LINE 86 IN packages.z80
                    > USED AT LINE 192 IN packages.z80
L0X3073:            E79A DEFINED AT LINE 99 IN packages.z80
                    > USED AT LINE 88 IN packages.z80
L0X3086:            E7AD DEFINED AT LINE 110 IN packages.z80
                    > USED AT LINE 108 IN packages.z80
                    > USED AT LINE 698 IN packages.z80
                    > USED AT LINE 820 IN packages.z80
L0X3092:            E7B9 DEFINED AT LINE 116 IN packages.z80
                    > USED AT LINE 109 IN packages.z80
L0X3096:            E7BD DEFINED AT LINE 120 IN packages.z80
                    > USED AT LINE 191 IN packages.z80
                    > USED AT LINE 347 IN packages.z80
L0X30A4:            E7CB DEFINED AT LINE 129 IN packages.z80
                    > USED AT LINE 127 IN packages.z80
L0X30B0:            E7D7 DEFINED AT LINE 138 IN packages.z80
                    > USED AT LINE 122 IN packages.z80
L0X30C1:            E7E8 DEFINED AT LINE 148 IN packages.z80
                    > USED AT LINE 143 IN packages.z80
                    > USED AT LINE 146 IN packages.z80
L0X30D7:            E7FE DEFINED AT LINE 161 IN packages.z80
                    > USED AT LINE 73 IN packages.z80
L0X30EA:            E811 DEFINED AT LINE 174 IN packages.z80
                    > USED AT LINE 166 IN packages.z80
L0X30ED:            E814 DEFINED AT LINE 177 IN packages.z80
                    > USED AT LINE 171 IN packages.z80
L0X30FB:            E822 DEFINED AT LINE 187 IN packages.z80
                    > USED AT LINE 185 IN packages.z80
L0X3106:            E82D DEFINED AT LINE 193 IN packages.z80
                    > USED AT LINE 94 IN packages.z80
                    > USED AT LINE 119 IN packages.z80
                    > USED AT LINE 137 IN packages.z80
                    > USED AT LINE 160 IN packages.z80
                    > USED AT LINE 502 IN packages.z80
                    > USED AT LINE 915 IN packages.z80
                    > USED AT LINE 964 IN packages.z80
L0X3107:            E82E DEFINED AT LINE 195 IN packages.z80
                    > USED AT LINE 98 IN packages.z80
L0X310B:            E832 DEFINED AT LINE 198 IN packages.z80
                    > USED AT LINE 114 IN packages.z80
                    > USED AT LINE 255 IN packages.z80
                    > USED AT LINE 419 IN packages.z80
                    > USED AT LINE 423 IN packages.z80
                    > USED AT LINE 427 IN packages.z80
                    > USED AT LINE 437 IN packages.z80
                    > USED AT LINE 457 IN packages.z80
                    > USED AT LINE 460 IN packages.z80
                    > USED AT LINE 740 IN packages.z80
                    > USED AT LINE 758 IN packages.z80
                    > USED AT LINE 936 IN packages.z80
                    > USED AT LINE 939 IN packages.z80
L0X310D:            E834 DEFINED AT LINE 200 IN packages.z80
                    > USED AT LINE 209 IN packages.z80
                    > USED AT LINE 218 IN packages.z80
                    > USED AT LINE 454 IN packages.z80
                    > USED AT LINE 745 IN packages.z80
                    > USED AT LINE 956 IN packages.z80
L0X3112:            E839 DEFINED AT LINE 203 IN packages.z80
                    > USED AT LINE 197 IN packages.z80
L0X311E:            E845 DEFINED AT LINE 210 IN packages.z80
                    > USED AT LINE 206 IN packages.z80
L0X3126:            E84D DEFINED AT LINE 216 IN packages.z80
                    > USED AT LINE 214 IN packages.z80
L0X3134:            E85B DEFINED AT LINE 224 IN packages.z80
                    > USED AT LINE 222 IN packages.z80
L0X3145:            E86C DEFINED AT LINE 233 IN packages.z80
                    > USED AT LINE 202 IN packages.z80
                    > USED AT LINE 376 IN packages.z80
L0X3153:            E87A DEFINED AT LINE 241 IN packages.z80
                    > USED AT LINE 107 IN packages.z80
                    > USED AT LINE 134 IN packages.z80
                    > USED AT LINE 150 IN packages.z80
                    > USED AT LINE 364 IN packages.z80
                    > USED AT LINE 484 IN packages.z80
                    > USED AT LINE 530 IN packages.z80
                    > USED AT LINE 547 IN packages.z80
                    > USED AT LINE 577 IN packages.z80
                    > USED AT LINE 600 IN packages.z80
                    > USED AT LINE 696 IN packages.z80
                    > USED AT LINE 735 IN packages.z80
                    > USED AT LINE 751 IN packages.z80
                    > USED AT LINE 767 IN packages.z80
                    > USED AT LINE 771 IN packages.z80
                    > USED AT LINE 829 IN packages.z80
L0X315D:            E886 DEFINED AT LINE 249 IN packages.z80
                    > USED AT LINE 346 IN packages.z80
                    > USED AT LINE 361 IN packages.z80
L0X3164:            E88D DEFINED AT LINE 253 IN packages.z80
                    > USED AT LINE 95 IN packages.z80
                    > USED AT LINE 115 IN packages.z80
                    > USED AT LINE 157 IN packages.z80
                    > USED AT LINE 355 IN packages.z80
                    > USED AT LINE 404 IN packages.z80
                    > USED AT LINE 420 IN packages.z80
                    > USED AT LINE 435 IN packages.z80
                    > USED AT LINE 444 IN packages.z80
                    > USED AT LINE 471 IN packages.z80
                    > USED AT LINE 517 IN packages.z80
                    > USED AT LINE 718 IN packages.z80
                    > USED AT LINE 723 IN packages.z80
                    > USED AT LINE 741 IN packages.z80
                    > USED AT LINE 753 IN packages.z80
                    > USED AT LINE 774 IN packages.z80
L0X3169:            E892 DEFINED AT LINE 256 IN packages.z80
                    > USED AT LINE 248 IN packages.z80
                    > USED AT LINE 266 IN packages.z80
L0X317B:            E8A4 DEFINED AT LINE 267 IN packages.z80
                    > USED AT LINE 111 IN packages.z80
L0X3182:            E8AB DEFINED AT LINE 273 IN packages.z80
                    > USED AT LINE 270 IN packages.z80
L0X3188:            E8B1 DEFINED AT LINE 278 IN packages.z80
                    > USED AT LINE 275 IN packages.z80
L0X318A:            E8B3 DEFINED AT LINE 281 IN packages.z80
                    > USED AT LINE 33 IN packages.z80
                    > USED AT LINE 976 IN packages.z80
L0X3191:            E8BA DEFINED AT LINE 287 IN packages.z80
                    > USED AT LINE 229 IN packages.z80
                    > USED AT LINE 284 IN packages.z80
                    > USED AT LINE 334 IN packages.z80
                    > USED AT LINE 384 IN packages.z80
                    > USED AT LINE 389 IN packages.z80
                    > USED AT LINE 408 IN packages.z80
                    > USED AT LINE 681 IN packages.z80
L0X319A:            E8C3 DEFINED AT LINE 295 IN packages.z80
                    > USED AT LINE 156 IN packages.z80
                    > USED AT LINE 293 IN packages.z80
L0X31AC:            E8D5 DEFINED AT LINE 307 IN packages.z80
                    > USED AT LINE 92 IN packages.z80
                    > USED AT LINE 101 IN packages.z80
                    > USED AT LINE 123 IN packages.z80
                    > USED AT LINE 153 IN packages.z80
                    > USED AT LINE 401 IN packages.z80
                    > USED AT LINE 501 IN packages.z80
                    > USED AT LINE 691 IN packages.z80
                    > USED AT LINE 738 IN packages.z80
                    > USED AT LINE 756 IN packages.z80
L0X31B7:            E8E0 DEFINED AT LINE 317 IN packages.z80
                    > USED AT LINE 265 IN packages.z80
                    > USED AT LINE 335 IN packages.z80
L0X31B9:            E8E2 DEFINED AT LINE 319 IN packages.z80
                    > USED AT LINE 35 IN packages.z80
L0X31BE:            E8E7 DEFINED AT LINE 322 IN packages.z80
                    > USED AT LINE 325 IN packages.z80
L0X31C6:            E8EF DEFINED AT LINE 328 IN packages.z80
                    > USED AT LINE 345 IN packages.z80
                    > USED AT LINE 360 IN packages.z80
L0X31CA:            E8F3 DEFINED AT LINE 330 IN packages.z80
                    > USED AT LINE 339 IN packages.z80
L0X31DE:            E907 DEFINED AT LINE 343 IN packages.z80
                    > USED AT LINE 64 IN packages.z80
L0X31E9:            E912 DEFINED AT LINE 348 IN packages.z80
                    > USED AT LINE 909 IN packages.z80
L0X31FD:            E926 DEFINED AT LINE 357 IN packages.z80
                    > USED AT LINE 352 IN packages.z80
                    > USED AT LINE 892 IN packages.z80
L0X31FF:            E928 DEFINED AT LINE 359 IN packages.z80
                    > USED AT LINE 83 IN packages.z80
                    > USED AT LINE 188 IN packages.z80
                    > USED AT LINE 462 IN packages.z80
                    > USED AT LINE 528 IN packages.z80
                    > USED AT LINE 545 IN packages.z80
                    > USED AT LINE 596 IN packages.z80
                    > USED AT LINE 617 IN packages.z80
                    > USED AT LINE 712 IN packages.z80
                    > USED AT LINE 789 IN packages.z80
                    > USED AT LINE 826 IN packages.z80
                    > USED AT LINE 848 IN packages.z80
                    > USED AT LINE 897 IN packages.z80
L0X3205:            E92E DEFINED AT LINE 362 IN packages.z80
                    > USED AT LINE 90 IN packages.z80
                    > USED AT LINE 353 IN packages.z80
                    > USED AT LINE 463 IN packages.z80
                    > USED AT LINE 713 IN packages.z80
L0X320A:            E933 DEFINED AT LINE 365 IN packages.z80
                    > USED AT LINE 354 IN packages.z80
                    > USED AT LINE 720 IN packages.z80
                    > USED AT LINE 722 IN packages.z80
                    > USED AT LINE 776 IN packages.z80
L0X320B:            E934 DEFINED AT LINE 367 IN packages.z80
                    > USED AT LINE 425 IN packages.z80
                    > USED AT LINE 479 IN packages.z80
                    > USED AT LINE 490 IN packages.z80
                    > USED AT LINE 519 IN packages.z80
                    > USED AT LINE 670 IN packages.z80
L0X3221:            E94A DEFINED AT LINE 380 IN packages.z80
                    > USED AT LINE 356 IN packages.z80
                    > USED AT LINE 458 IN packages.z80
                    > USED AT LINE 603 IN packages.z80
                    > USED AT LINE 633 IN packages.z80
L0X3236:            E95F DEFINED AT LINE 394 IN packages.z80
                    > USED AT LINE 351 IN packages.z80
L0X324D:            E976 DEFINED AT LINE 405 IN packages.z80
                    > USED AT LINE 700 IN packages.z80
                    > USED AT LINE 807 IN packages.z80
L0X3254:            E97D DEFINED AT LINE 409 IN packages.z80
                    > USED AT LINE 397 IN packages.z80
L0X326B:            E994 DEFINED AT LINE 421 IN packages.z80
                    > USED AT LINE 982 IN packages.z80
L0X327B:            E9A4 DEFINED AT LINE 428 IN packages.z80
                    > USED AT LINE 414 IN packages.z80
L0X3287:            E9B0 DEFINED AT LINE 434 IN packages.z80
                    > USED AT LINE 797 IN packages.z80
L0X3290:            E9B9 DEFINED AT LINE 438 IN packages.z80
                    > USED AT LINE 430 IN packages.z80
L0X32A0:            E9C9 DEFINED AT LINE 446 IN packages.z80
                    > USED AT LINE 470 IN packages.z80
L0X32A4:            E9CD DEFINED AT LINE 449 IN packages.z80
                    > USED AT LINE 516 IN packages.z80
                    > USED AT LINE 773 IN packages.z80
L0X32A7:            E9D0 DEFINED AT LINE 451 IN packages.z80
                    > USED AT LINE 448 IN packages.z80
L0X32AF:            E9D8 DEFINED AT LINE 455 IN packages.z80
                    > USED AT LINE 443 IN packages.z80
                    > USED AT LINE 472 IN packages.z80
                    > USED AT LINE 717 IN packages.z80
                    > USED AT LINE 724 IN packages.z80
L0X32BE:            E9E7 DEFINED AT LINE 461 IN packages.z80
                    > USED AT LINE 399 IN packages.z80
                    > USED AT LINE 416 IN packages.z80
                    > USED AT LINE 432 IN packages.z80
                    > USED AT LINE 442 IN packages.z80
                    > USED AT LINE 468 IN packages.z80
L0X32C4:            E9ED DEFINED AT LINE 464 IN packages.z80
                    > USED AT LINE 440 IN packages.z80
L0X32D6:            E9FF DEFINED AT LINE 473 IN packages.z80
                    > USED AT LINE 466 IN packages.z80
L0X32E3:            EA0C DEFINED AT LINE 480 IN packages.z80
                    > USED AT LINE 477 IN packages.z80
                    > USED AT LINE 498 IN packages.z80
L0X32E8:            EA11 DEFINED AT LINE 483 IN packages.z80
                    > USED AT LINE 602 IN packages.z80
                    > USED AT LINE 619 IN packages.z80
                    > USED AT LINE 655 IN packages.z80
L0X32EB:            EA14 DEFINED AT LINE 485 IN packages.z80
                    > USED AT LINE 476 IN packages.z80
L0X32F6:            EA1F DEFINED AT LINE 491 IN packages.z80
                    > USED AT LINE 488 IN packages.z80
                    > USED AT LINE 506 IN packages.z80
L0X32FB:            EA24 DEFINED AT LINE 494 IN packages.z80
                    > USED AT LINE 487 IN packages.z80
L0X3305:            EA2E DEFINED AT LINE 500 IN packages.z80
                    > USED AT LINE 508 IN packages.z80
L0X330B:            EA34 DEFINED AT LINE 503 IN packages.z80
                    > USED AT LINE 497 IN packages.z80
L0X3315:            EA3E DEFINED AT LINE 509 IN packages.z80
                    > USED AT LINE 505 IN packages.z80
L0X332B:            EA54 DEFINED AT LINE 520 IN packages.z80
                    > USED AT LINE 513 IN packages.z80
L0X3332:            EA5B DEFINED AT LINE 525 IN packages.z80
                    > USED AT LINE 536 IN packages.z80
L0X334B:            EA68 DEFINED AT LINE 532 IN packages.z80
                    > USED AT LINE 523 IN packages.z80
L0X3353:            EA70 DEFINED AT LINE 537 IN packages.z80
                    > USED AT LINE 534 IN packages.z80
FIXCOMMA:           EA8C DEFINED AT LINE 553 IN packages.z80
                    > USED AT LINE 550 IN packages.z80
                    > USED AT LINE 632 IN packages.z80
L0X336C:            EA9C DEFINED AT LINE 569 IN packages.z80
                    > USED AT LINE 549 IN packages.z80
L0X336E:            EA9E DEFINED AT LINE 571 IN packages.z80
                    > USED AT LINE 587 IN packages.z80
L0X3377:            EAA7 DEFINED AT LINE 578 IN packages.z80
                    > USED AT LINE 541 IN packages.z80
L0X3389:            EAB2 DEFINED AT LINE 585 IN packages.z80
                    > USED AT LINE 622 IN packages.z80
L0X338D:            EAB6 DEFINED AT LINE 588 IN packages.z80
                    > USED AT LINE 583 IN packages.z80
L0X3391:            EABA DEFINED AT LINE 591 IN packages.z80
                    > USED AT LINE 581 IN packages.z80
L0X3393:            EABC DEFINED AT LINE 593 IN packages.z80
                    > USED AT LINE 590 IN packages.z80
L0X33A1:            EACA DEFINED AT LINE 601 IN packages.z80
                    > USED AT LINE 599 IN packages.z80
L0X33A7:            EAD0 DEFINED AT LINE 604 IN packages.z80
                    > USED AT LINE 584 IN packages.z80
L0X33B8:            EAE1 DEFINED AT LINE 614 IN packages.z80
                    > USED AT LINE 610 IN packages.z80
                    > USED AT LINE 631 IN packages.z80
L0X33C5:            EAEE DEFINED AT LINE 623 IN packages.z80
                    > USED AT LINE 607 IN packages.z80
L0X33CE:            EAF7 DEFINED AT LINE 629 IN packages.z80
                    > USED AT LINE 638 IN packages.z80
L0X33D6:            EB02 DEFINED AT LINE 634 IN packages.z80
                    > USED AT LINE 627 IN packages.z80
L0X33DE:            EB0A DEFINED AT LINE 639 IN packages.z80
                    > USED AT LINE 636 IN packages.z80
L0X33E9:            EB15 DEFINED AT LINE 646 IN packages.z80
                    > USED AT LINE 643 IN packages.z80
L0X33EE:            EB1A DEFINED AT LINE 650 IN packages.z80
                    > USED AT LINE 645 IN packages.z80
L0X3401:            EB2D DEFINED AT LINE 662 IN packages.z80
                    > USED AT LINE 659 IN packages.z80
L0X340B:            EB37 DEFINED AT LINE 669 IN packages.z80
                    > USED AT LINE 661 IN packages.z80
L0X340E:            EB3A DEFINED AT LINE 671 IN packages.z80
                    > USED AT LINE 52 IN packages.z80
L0X3421:            EB4D DEFINED AT LINE 682 IN packages.z80
                    > USED AT LINE 674 IN packages.z80
L0X3439:            EB65 DEFINED AT LINE 697 IN packages.z80
L0X3440:            EB6C DEFINED AT LINE 701 IN packages.z80
                    > USED AT LINE 686 IN packages.z80
L0X3468:            EB94 DEFINED AT LINE 721 IN packages.z80
                    > USED AT LINE 715 IN packages.z80
L0X3471:            EB9D DEFINED AT LINE 725 IN packages.z80
                    > USED AT LINE 710 IN packages.z80
L0X3475:            EBA1 DEFINED AT LINE 728 IN packages.z80
                    > USED AT LINE 790 IN packages.z80
L0X348E:            EBBA DEFINED AT LINE 742 IN packages.z80
                    > USED AT LINE 752 IN packages.z80
L0X3496:            EBC2 DEFINED AT LINE 746 IN packages.z80
                    > USED AT LINE 732 IN packages.z80
L0X34AF:            EBDB DEFINED AT LINE 759 IN packages.z80
                    > USED AT LINE 748 IN packages.z80
L0X34C0:            EBEC DEFINED AT LINE 769 IN packages.z80
                    > USED AT LINE 765 IN packages.z80
L0X34C5:            EBF1 DEFINED AT LINE 772 IN packages.z80
                    > USED AT LINE 768 IN packages.z80
L0X34CF:            EBFB DEFINED AT LINE 777 IN packages.z80
                    > USED AT LINE 788 IN packages.z80
L0X34DF:            EC0B DEFINED AT LINE 786 IN packages.z80
                    > USED AT LINE 727 IN packages.z80
L0X34E8:            EC14 DEFINED AT LINE 791 IN packages.z80
                    > USED AT LINE 703 IN packages.z80
                    > USED AT LINE 761 IN packages.z80
L0X34F7:            EC23 DEFINED AT LINE 798 IN packages.z80
                    > USED AT LINE 688 IN packages.z80
                    > USED AT LINE 795 IN packages.z80
                    > USED AT LINE 818 IN packages.z80
L0X34FB:            EC27 DEFINED AT LINE 801 IN packages.z80
                    > USED AT LINE 796 IN packages.z80
                    > USED AT LINE 821 IN packages.z80
L0X3502:            EC3F DEFINED AT LINE 814 IN packages.z80
                    > USED AT LINE 793 IN packages.z80
L0X3511:            EC50 DEFINED AT LINE 822 IN packages.z80
                    > USED AT LINE 493 IN packages.z80
                    > USED AT LINE 515 IN packages.z80
                    > USED AT LINE 678 IN packages.z80
L0X3513:            EC52 DEFINED AT LINE 824 IN packages.z80
                    > USED AT LINE 800 IN packages.z80
L0X351D:            EC5C DEFINED AT LINE 831 IN packages.z80
                    > USED AT LINE 46 IN packages.z80
                    > USED AT LINE 985 IN packages.z80
L0X3522:            EC61 DEFINED AT LINE 834 IN packages.z80
                    > USED AT LINE 785 IN packages.z80
                    > USED AT LINE 842 IN packages.z80
L0X3525:            EC64 DEFINED AT LINE 837 IN packages.z80
                    > USED AT LINE 840 IN packages.z80
L0X352F:            EC6E DEFINED AT LINE 845 IN packages.z80
                    > USED AT LINE 836 IN packages.z80
L0X3539:            EC78 DEFINED AT LINE 851 IN packages.z80
                    > USED AT LINE 857 IN packages.z80
L0X354B:            EC8A DEFINED AT LINE 865 IN packages.z80
                    > USED AT LINE 816 IN packages.z80
L0X3559:            EC98 DEFINED AT LINE 873 IN packages.z80
                    > USED AT LINE 868 IN packages.z80
L0X3562:            ECA1 DEFINED AT LINE 879 IN packages.z80
                    > USED AT LINE 872 IN packages.z80
L0X358D:            ECD0 DEFINED AT LINE 905 IN packages.z80
                    > USED AT LINE 901 IN packages.z80
                    > USED AT LINE 903 IN packages.z80
L0X3590:            ECD3 DEFINED AT LINE 908 IN packages.z80
                    > USED AT LINE 875 IN packages.z80
L0X3593:            ECD6 DEFINED AT LINE 910 IN packages.z80
                    > USED AT LINE 961 IN packages.z80
L0X35A6:            ECE1 DEFINED AT LINE 916 IN packages.z80
                    > USED AT LINE 370 IN packages.z80
L0X35B5:            ECF0 DEFINED AT LINE 927 IN packages.z80
                    > USED AT LINE 924 IN packages.z80
L0X35BB:            ECF6 DEFINED AT LINE 932 IN packages.z80
                    > USED AT LINE 929 IN packages.z80
L0X35CD:            ED08 DEFINED AT LINE 940 IN packages.z80
                    > USED AT LINE 450 IN packages.z80
                    > USED AT LINE 937 IN packages.z80
L0X35D9:            ED14 DEFINED AT LINE 947 IN packages.z80
                    > USED AT LINE 944 IN packages.z80
L0X35E0:            ED1B DEFINED AT LINE 952 IN packages.z80
                    > USED AT LINE 949 IN packages.z80
L0X35E2:            ED1D DEFINED AT LINE 954 IN packages.z80
                    > USED AT LINE 946 IN packages.z80
                    > USED AT LINE 951 IN packages.z80
L0X35E7:            ED22 DEFINED AT LINE 957 IN packages.z80
                    > USED AT LINE 403 IN packages.z80
L0X35EB:            ED26 DEFINED AT LINE 960 IN packages.z80
                    > USED AT LINE 963 IN packages.z80
L0X35F3:            ED2E DEFINED AT LINE 965 IN packages.z80
                    > USED AT LINE 531 IN packages.z80
                    > USED AT LINE 551 IN packages.z80
L0X35FD:            ED38 DEFINED AT LINE 972 IN packages.z80
                    > USED AT LINE 970 IN packages.z80
L0X3603:            ED3E DEFINED AT LINE 977 IN packages.z80
                    > USED AT LINE 433 IN packages.z80
L0X360A:            ED45 DEFINED AT LINE 983 IN packages.z80
                    > USED AT LINE 906 IN packages.z80
L0X360E:            ED49 DEFINED AT LINE 986 IN packages.z80
                    > USED AT LINE 990 IN packages.z80
TABLEOPS:           ED5B DEFINED AT LINE 1002 IN packages.z80
                    > USED AT LINE 242 IN packages.z80
TABLEFLG:           EDB6 DEFINED AT LINE 1035 IN packages.z80
TABLEOBT:           EDCB DEFINED AT LINE 1047 IN packages.z80
                    > USED AT LINE 833 IN packages.z80
TABLEEXC:           EE33 DEFINED AT LINE 1068 IN packages.z80
                    > USED AT LINE 782 IN packages.z80
TABLEREG:           EEBE DEFINED AT LINE 1098 IN packages.z80
                    > USED AT LINE 201 IN packages.z80
                    > USED AT LINE 375 IN packages.z80
TABLESREG:          EED8 DEFINED AT LINE 1107 IN packages.z80
PLAYTUNEMENU:       EEED DEFINED AT LINE 41 IN packages.z80
                    > USED AT LINE 3363
                    > USED AT LINE 3451
PLAYTUNE:           EEF7 DEFINED AT LINE 45 IN packages.z80
                    > USED AT LINE 408
                    > USED AT LINE 3450
                    > USED AT LINE 69 IN packages.z80
                    > USED AT LINE 79 IN packages.z80
TUNEPAUSE:          EF18 DEFINED AT LINE 70 IN packages.z80
                    > USED AT LINE 51 IN packages.z80
PLAYNOTE:           EF29 DEFINED AT LINE 85 IN packages.z80
                    > USED AT LINE 3449
                    > USED AT LINE 67 IN packages.z80
NOTELOOP:           EF31 DEFINED AT LINE 92 IN packages.z80
                    > USED AT LINE 102 IN packages.z80
FREQ_TABLE:         EF44 DEFINED AT LINE 107 IN packages.z80
                    > USED AT LINE 52 IN packages.z80
TUNEPARAMS:         EF74 DEFINED AT LINE 115 IN packages.z80
                    > USED AT LINE 42 IN packages.z80
TAB:                0009 DEFINED AT LINE 56 IN packages.z80
                    > USED AT LINE 792 IN packages.z80
CTRLC:              0003 DEFINED AT LINE 57 IN packages.z80
                    > USED AT LINE 341 IN packages.z80
                    > USED AT LINE 1771 IN packages.z80
CTRLG:              0007 DEFINED AT LINE 58 IN packages.z80
BKSP:               0008 DEFINED AT LINE 59 IN packages.z80
                    > USED AT LINE 785 IN packages.z80
                    > USED AT LINE 1318 IN packages.z80
                    > USED AT LINE 1339 IN packages.z80
VT:                 000B DEFINED AT LINE 61 IN packages.z80
                    > USED AT LINE 1472 IN packages.z80
CS:                 000C DEFINED AT LINE 62 IN packages.z80
CTRLO:              000F DEFINED AT LINE 64 IN packages.z80
                    > USED AT LINE 1753 IN packages.z80
CTRLQ:              0011 DEFINED AT LINE 65 IN packages.z80
CTRLD:              0004 DEFINED AT LINE 66 IN packages.z80
                    > USED AT LINE 1773 IN packages.z80
CTRLU:              0015 DEFINED AT LINE 67 IN packages.z80
CTRLZ:              001A DEFINED AT LINE 68 IN packages.z80
                    > USED AT LINE 1325 IN packages.z80
ESC:                001B DEFINED AT LINE 69 IN packages.z80
DEL:                007F DEFINED AT LINE 70 IN packages.z80
                    > USED AT LINE 1547 IN packages.z80
OCSW:               17C0 DEFINED AT LINE 73 IN packages.z80
                    > USED AT LINE 74 IN packages.z80
                    > USED AT LINE 75 IN packages.z80
                    > USED AT LINE 76 IN packages.z80
                    > USED AT LINE 77 IN packages.z80
                    > USED AT LINE 78 IN packages.z80
                    > USED AT LINE 79 IN packages.z80
                    > USED AT LINE 80 IN packages.z80
                    > USED AT LINE 81 IN packages.z80
                    > USED AT LINE 82 IN packages.z80
                    > USED AT LINE 83 IN packages.z80
                    > USED AT LINE 84 IN packages.z80
                    > USED AT LINE 85 IN packages.z80
                    > USED AT LINE 131 IN packages.z80
                    > USED AT LINE 287 IN packages.z80
                    > USED AT LINE 1740 IN packages.z80
                    > USED AT LINE 1755 IN packages.z80
                    > USED AT LINE 1757 IN packages.z80
CURRNT:             17C1 DEFINED AT LINE 74 IN packages.z80
                    > USED AT LINE 293 IN packages.z80
                    > USED AT LINE 411 IN packages.z80
                    > USED AT LINE 565 IN packages.z80
                    > USED AT LINE 584 IN packages.z80
                    > USED AT LINE 641 IN packages.z80
                    > USED AT LINE 723 IN packages.z80
                    > USED AT LINE 787 IN packages.z80
                    > USED AT LINE 814 IN packages.z80
                    > USED AT LINE 817 IN packages.z80
                    > USED AT LINE 835 IN packages.z80
                    > USED AT LINE 1260 IN packages.z80
STKGOS:             17C3 DEFINED AT LINE 75 IN packages.z80
                    > USED AT LINE 298 IN packages.z80
                    > USED AT LINE 567 IN packages.z80
                    > USED AT LINE 572 IN packages.z80
                    > USED AT LINE 576 IN packages.z80
                    > USED AT LINE 582 IN packages.z80
VARNXT:             17C5 DEFINED AT LINE 76 IN packages.z80
                    > USED AT LINE 680 IN packages.z80
                    > USED AT LINE 692 IN packages.z80
STKINP:             17C7 DEFINED AT LINE 77 IN packages.z80
                    > USED AT LINE 784 IN packages.z80
                    > USED AT LINE 820 IN packages.z80
LOPVAR:             17C9 DEFINED AT LINE 78 IN packages.z80
                    > USED AT LINE 297 IN packages.z80
                    > USED AT LINE 570 IN packages.z80
                    > USED AT LINE 625 IN packages.z80
                    > USED AT LINE 646 IN packages.z80
                    > USED AT LINE 684 IN packages.z80
                    > USED AT LINE 709 IN packages.z80
                    > USED AT LINE 1616 IN packages.z80
                    > USED AT LINE 1637 IN packages.z80
                    > USED AT LINE 1649 IN packages.z80
LOPINC:             17CB DEFINED AT LINE 79 IN packages.z80
                    > USED AT LINE 639 IN packages.z80
                    > USED AT LINE 698 IN packages.z80
                    > USED AT LINE 1621 IN packages.z80
                    > USED AT LINE 1647 IN packages.z80
LOPLMT:             17CD DEFINED AT LINE 80 IN packages.z80
                    > USED AT LINE 630 IN packages.z80
                    > USED AT LINE 713 IN packages.z80
                    > USED AT LINE 1623 IN packages.z80
                    > USED AT LINE 1645 IN packages.z80
LOPLN:              17CF DEFINED AT LINE 81 IN packages.z80
                    > USED AT LINE 642 IN packages.z80
                    > USED AT LINE 722 IN packages.z80
                    > USED AT LINE 1625 IN packages.z80
                    > USED AT LINE 1643 IN packages.z80
LOPPT:              17D1 DEFINED AT LINE 82 IN packages.z80
                    > USED AT LINE 644 IN packages.z80
                    > USED AT LINE 673 IN packages.z80
                    > USED AT LINE 724 IN packages.z80
                    > USED AT LINE 1627 IN packages.z80
                    > USED AT LINE 1641 IN packages.z80
RANPNT:             17D3 DEFINED AT LINE 83 IN packages.z80
                    > USED AT LINE 1070 IN packages.z80
                    > USED AT LINE 1079 IN packages.z80
                    > USED AT LINE 1697 IN packages.z80
TXTUNF:             17D5 DEFINED AT LINE 84 IN packages.z80
                    > USED AT LINE 330 IN packages.z80
                    > USED AT LINE 334 IN packages.z80
                    > USED AT LINE 338 IN packages.z80
                    > USED AT LINE 351 IN packages.z80
                    > USED AT LINE 398 IN packages.z80
                    > USED AT LINE 1101 IN packages.z80
                    > USED AT LINE 1356 IN packages.z80
                    > USED AT LINE 1699 IN packages.z80
TXTBGN:             17D7 DEFINED AT LINE 85 IN packages.z80
                    > USED AT LINE 397 IN packages.z80
                    > USED AT LINE 404 IN packages.z80
                    > USED AT LINE 1352 IN packages.z80
                    > USED AT LINE 1698 IN packages.z80
TXTEND:             3E00 DEFINED AT LINE 86 IN packages.z80
                    > USED AT LINE 348 IN packages.z80
VARBGN:             3E00 DEFINED AT LINE 89 IN packages.z80
                    > USED AT LINE 169 IN packages.z80
                    > USED AT LINE 179 IN packages.z80
                    > USED AT LINE 1104 IN packages.z80
BUFFER:             3E37 DEFINED AT LINE 90 IN packages.z80
                    > USED AT LINE 304 IN packages.z80
                    > USED AT LINE 824 IN packages.z80
                    > USED AT LINE 1314 IN packages.z80
                    > USED AT LINE 1336 IN packages.z80
BUFEND:             3E87 DEFINED AT LINE 91 IN packages.z80
                    > USED AT LINE 1332 IN packages.z80
STKLMT:             3E88 DEFINED AT LINE 92 IN packages.z80
                    > USED AT LINE 1632 IN packages.z80
STACK:              3EFF DEFINED AT LINE 93 IN packages.z80
                    > USED AT LINE 119 IN packages.z80
                    > USED AT LINE 283 IN packages.z80
TINYBASIC:          EFA1 DEFINED AT LINE 118 IN packages.z80
                    > USED AT LINE 3361
                    > USED AT LINE 1074 IN packages.z80
                    > USED AT LINE 1696 IN packages.z80
RST08TB:            EFA7 DEFINED AT LINE 122 IN packages.z80
                    > USED AT LINE 481 IN packages.z80
                    > USED AT LINE 487 IN packages.z80
                    > USED AT LINE 493 IN packages.z80
                    > USED AT LINE 500 IN packages.z80
                    > USED AT LINE 507 IN packages.z80
                    > USED AT LINE 514 IN packages.z80
                    > USED AT LINE 524 IN packages.z80
                    > USED AT LINE 839 IN packages.z80
                    > USED AT LINE 851 IN packages.z80
                    > USED AT LINE 932 IN packages.z80
                    > USED AT LINE 938 IN packages.z80
                    > USED AT LINE 944 IN packages.z80
                    > USED AT LINE 962 IN packages.z80
                    > USED AT LINE 974 IN packages.z80
                    > USED AT LINE 1004 IN packages.z80
                    > USED AT LINE 1050 IN packages.z80
                    > USED AT LINE 1054 IN packages.z80
                    > USED AT LINE 1217 IN packages.z80
                    > USED AT LINE 1231 IN packages.z80
                    > USED AT LINE 1237 IN packages.z80
                    > USED AT LINE 1447 IN packages.z80
                    > USED AT LINE 1461 IN packages.z80
                    > USED AT LINE 1467 IN packages.z80
                    > USED AT LINE 1719 IN packages.z80
CRLF:               EFAF DEFINED AT LINE 127 IN packages.z80
                    > USED AT LINE 288 IN packages.z80
                    > USED AT LINE 484 IN packages.z80
                    > USED AT LINE 490 IN packages.z80
                    > USED AT LINE 530 IN packages.z80
                    > USED AT LINE 1343 IN packages.z80
RST10TB:            EFB1 DEFINED AT LINE 130 IN packages.z80
                    > USED AT LINE 1275 IN packages.z80
                    > USED AT LINE 1313 IN packages.z80
                    > USED AT LINE 1320 IN packages.z80
                    > USED AT LINE 1340 IN packages.z80
                    > USED AT LINE 1442 IN packages.z80
                    > USED AT LINE 1471 IN packages.z80
                    > USED AT LINE 1473 IN packages.z80
                    > USED AT LINE 1510 IN packages.z80
                    > USED AT LINE 1515 IN packages.z80
                    > USED AT LINE 1523 IN packages.z80
                    > USED AT LINE 1535 IN packages.z80
                    > USED AT LINE 1542 IN packages.z80
                    > USED AT LINE 1573 IN packages.z80
                    > USED AT LINE 1711 IN packages.z80
RST18TB:            EFB9 DEFINED AT LINE 135 IN packages.z80
                    > USED AT LINE 420 IN packages.z80
                    > USED AT LINE 496 IN packages.z80
                    > USED AT LINE 503 IN packages.z80
                    > USED AT LINE 510 IN packages.z80
                    > USED AT LINE 517 IN packages.z80
                    > USED AT LINE 533 IN packages.z80
                    > USED AT LINE 561 IN packages.z80
                    > USED AT LINE 629 IN packages.z80
                    > USED AT LINE 634 IN packages.z80
                    > USED AT LINE 775 IN packages.z80
                    > USED AT LINE 825 IN packages.z80
                    > USED AT LINE 1053 IN packages.z80
                    > USED AT LINE 1220 IN packages.z80
                    > USED AT LINE 1715 IN packages.z80
                    > USED AT LINE 1723 IN packages.z80
RST20TB:            EFC0 DEFINED AT LINE 139 IN packages.z80
                    > USED AT LINE 167 IN packages.z80
                    > USED AT LINE 349 IN packages.z80
                    > USED AT LINE 688 IN packages.z80
                    > USED AT LINE 1072 IN packages.z80
                    > USED AT LINE 1180 IN packages.z80
                    > USED AT LINE 1358 IN packages.z80
                    > USED AT LINE 1593 IN packages.z80
RST28TB:            EFC6 DEFINED AT LINE 146 IN packages.z80
                    > USED AT LINE 123 IN packages.z80
                    > USED AT LINE 150 IN packages.z80
                    > USED AT LINE 156 IN packages.z80
                    > USED AT LINE 207 IN packages.z80
                    > USED AT LINE 306 IN packages.z80
                    > USED AT LINE 1245 IN packages.z80
                    > USED AT LINE 1913 IN packages.z80
RST30TB:            EFCD DEFINED AT LINE 152 IN packages.z80
                    > USED AT LINE 531 IN packages.z80
                    > USED AT LINE 587 IN packages.z80
                    > USED AT LINE 675 IN packages.z80
                    > USED AT LINE 726 IN packages.z80
                    > USED AT LINE 732 IN packages.z80
                    > USED AT LINE 844 IN packages.z80
                    > USED AT LINE 856 IN packages.z80
                    > USED AT LINE 1731 IN packages.z80
                    > USED AT LINE 1741 IN packages.z80
RST38TB:            EFD4 DEFINED AT LINE 156 IN packages.z80
                    > USED AT LINE 678 IN packages.z80
                    > USED AT LINE 795 IN packages.z80
                    > USED AT LINE 800 IN packages.z80
                    > USED AT LINE 1037 IN packages.z80
                    > USED AT LINE 1214 IN packages.z80
TV1:                EFF6 DEFINED AT LINE 174 IN packages.z80
                    > USED AT LINE 159 IN packages.z80
TC1:                F002 DEFINED AT LINE 188 IN packages.z80
                    > USED AT LINE 125 IN packages.z80
TC2:                F00C DEFINED AT LINE 198 IN packages.z80
                    > USED AT LINE 190 IN packages.z80
TSTNUM:             F010 DEFINED AT LINE 204 IN packages.z80
                    > USED AT LINE 305 IN packages.z80
                    > USED AT LINE 470 IN packages.z80
                    > USED AT LINE 1045 IN packages.z80
TN1:                F017 DEFINED AT LINE 209 IN packages.z80
                    > USED AT LINE 235 IN packages.z80
QHOW:               F039 DEFINED AT LINE 237 IN packages.z80
                    > USED AT LINE 163 IN packages.z80
                    > USED AT LINE 216 IN packages.z80
                    > USED AT LINE 960 IN packages.z80
                    > USED AT LINE 1028 IN packages.z80
                    > USED AT LINE 1065 IN packages.z80
                    > USED AT LINE 1067 IN packages.z80
                    > USED AT LINE 1169 IN packages.z80
                    > USED AT LINE 1351 IN packages.z80
                    > USED AT LINE 1718 IN packages.z80
                    > USED AT LINE 1726 IN packages.z80
AHOW:               F03A DEFINED AT LINE 239 IN packages.z80
                    > USED AT LINE 424 IN packages.z80
                    > USED AT LINE 564 IN packages.z80
                    > USED AT LINE 991 IN packages.z80
                    > USED AT LINE 999 IN packages.z80
                    > USED AT LINE 1018 IN packages.z80
HOW:                F040 DEFINED AT LINE 244 IN packages.z80
                    > USED AT LINE 240 IN packages.z80
OK:                 F045 DEFINED AT LINE 245 IN packages.z80
                    > USED AT LINE 289 IN packages.z80
WHAT:               F048 DEFINED AT LINE 246 IN packages.z80
                    > USED AT LINE 1251 IN packages.z80
SORRY:              F04E DEFINED AT LINE 247 IN packages.z80
                    > USED AT LINE 1282 IN packages.z80
RSTART:             F054 DEFINED AT LINE 282 IN packages.z80
                    > USED AT LINE 342 IN packages.z80
                    > USED AT LINE 401 IN packages.z80
                    > USED AT LINE 408 IN packages.z80
                    > USED AT LINE 474 IN packages.z80
                    > USED AT LINE 782 IN packages.z80
                    > USED AT LINE 1266 IN packages.z80
                    > USED AT LINE 1278 IN packages.z80
                    > USED AT LINE 1700 IN packages.z80
                    > USED AT LINE 1772 IN packages.z80
ST1:                F057 DEFINED AT LINE 285 IN packages.z80
ST2:                F06C DEFINED AT LINE 295 IN packages.z80
                    > USED AT LINE 292 IN packages.z80
ST3:                F075 DEFINED AT LINE 300 IN packages.z80
                    > USED AT LINE 357 IN packages.z80
ST4:                F0AB DEFINED AT LINE 336 IN packages.z80
                    > USED AT LINE 325 IN packages.z80
NEW:                F0D2 DEFINED AT LINE 395 IN packages.z80
                    > USED AT LINE 1816 IN packages.z80
                    > USED AT LINE 1817 IN packages.z80
STOP:               F0DB DEFINED AT LINE 399 IN packages.z80
                    > USED AT LINE 1853 IN packages.z80
                    > USED AT LINE 1854 IN packages.z80
RUN:                F0E1 DEFINED AT LINE 402 IN packages.z80
                    > USED AT LINE 1813 IN packages.z80
                    > USED AT LINE 1814 IN packages.z80
RUNNXL:             F0E7 DEFINED AT LINE 405 IN packages.z80
                    > USED AT LINE 491 IN packages.z80
                    > USED AT LINE 1241 IN packages.z80
                    > USED AT LINE 1455 IN packages.z80
RUNTSL:             F0F0 DEFINED AT LINE 409 IN packages.z80
                    > USED AT LINE 426 IN packages.z80
                    > USED AT LINE 573 IN packages.z80
                    > USED AT LINE 781 IN packages.z80
RUNSML:             F0F7 DEFINED AT LINE 415 IN packages.z80
                    > USED AT LINE 485 IN packages.z80
                    > USED AT LINE 779 IN packages.z80
                    > USED AT LINE 1235 IN packages.z80
GOTO:               F100 DEFINED AT LINE 419 IN packages.z80
                    > USED AT LINE 1829 IN packages.z80
                    > USED AT LINE 1830 IN packages.z80
LIST:               F110 DEFINED AT LINE 469 IN packages.z80
                    > USED AT LINE 1810 IN packages.z80
                    > USED AT LINE 1811 IN packages.z80
LS1:                F119 DEFINED AT LINE 473 IN packages.z80
                    > USED AT LINE 478 IN packages.z80
PRINT:              F127 DEFINED AT LINE 479 IN packages.z80
                    > USED AT LINE 1847 IN packages.z80
                    > USED AT LINE 1848 IN packages.z80
PR2:                F133 DEFINED AT LINE 486 IN packages.z80
                    > USED AT LINE 483 IN packages.z80
PR0:                F13D DEFINED AT LINE 492 IN packages.z80
                    > USED AT LINE 489 IN packages.z80
                    > USED AT LINE 528 IN packages.z80
PR9:                F148 DEFINED AT LINE 499 IN packages.z80
                    > USED AT LINE 495 IN packages.z80
PR10:               F155 DEFINED AT LINE 506 IN packages.z80
                    > USED AT LINE 502 IN packages.z80
PR11:               F162 DEFINED AT LINE 513 IN packages.z80
                    > USED AT LINE 509 IN packages.z80
PR1:                F16F DEFINED AT LINE 520 IN packages.z80
                    > USED AT LINE 516 IN packages.z80
PR3:                F174 DEFINED AT LINE 523 IN packages.z80
                    > USED AT LINE 498 IN packages.z80
                    > USED AT LINE 505 IN packages.z80
                    > USED AT LINE 512 IN packages.z80
                    > USED AT LINE 519 IN packages.z80
                    > USED AT LINE 537 IN packages.z80
PR6:                F17E DEFINED AT LINE 529 IN packages.z80
                    > USED AT LINE 526 IN packages.z80
PR8:                F184 DEFINED AT LINE 532 IN packages.z80
                    > USED AT LINE 522 IN packages.z80
GOSUB:              F18E DEFINED AT LINE 559 IN packages.z80
                    > USED AT LINE 1832 IN packages.z80
                    > USED AT LINE 1833 IN packages.z80
RETURN:             F1B0 DEFINED AT LINE 574 IN packages.z80
                    > USED AT LINE 1835 IN packages.z80
                    > USED AT LINE 1836 IN packages.z80
FOR:                F1CB DEFINED AT LINE 621 IN packages.z80
                    > USED AT LINE 1841 IN packages.z80
                    > USED AT LINE 1842 IN packages.z80
FR1:                F1DB DEFINED AT LINE 628 IN packages.z80
                    > USED AT LINE 1880 IN packages.z80
                    > USED AT LINE 1881 IN packages.z80
FR2:                F1E7 DEFINED AT LINE 633 IN packages.z80
                    > USED AT LINE 1886 IN packages.z80
                    > USED AT LINE 1887 IN packages.z80
FR3:                F1EC DEFINED AT LINE 636 IN packages.z80
                    > USED AT LINE 1888 IN packages.z80
                    > USED AT LINE 1889 IN packages.z80
FR4:                F1EF DEFINED AT LINE 638 IN packages.z80
                    > USED AT LINE 635 IN packages.z80
FR5:                F1F2 DEFINED AT LINE 640 IN packages.z80
FR7:                F206 DEFINED AT LINE 651 IN packages.z80
                    > USED AT LINE 659 IN packages.z80
                    > USED AT LINE 662 IN packages.z80
FR8:                F223 DEFINED AT LINE 672 IN packages.z80
                    > USED AT LINE 655 IN packages.z80
NEXT:               F22A DEFINED AT LINE 677 IN packages.z80
                    > USED AT LINE 1820 IN packages.z80
                    > USED AT LINE 1821 IN packages.z80
NX0:                F233 DEFINED AT LINE 681 IN packages.z80
                    > USED AT LINE 693 IN packages.z80
NX3:                F24B DEFINED AT LINE 694 IN packages.z80
                    > USED AT LINE 689 IN packages.z80
NX4:                F25D DEFINED AT LINE 707 IN packages.z80
                    > USED AT LINE 704 IN packages.z80
NX1:                F26D DEFINED AT LINE 718 IN packages.z80
                    > USED AT LINE 716 IN packages.z80
NX5:                F280 DEFINED AT LINE 727 IN packages.z80
                    > USED AT LINE 706 IN packages.z80
NX2:                F282 DEFINED AT LINE 730 IN packages.z80
                    > USED AT LINE 721 IN packages.z80
REM:                F288 DEFINED AT LINE 771 IN packages.z80
                    > USED AT LINE 1838 IN packages.z80
                    > USED AT LINE 1839 IN packages.z80
IFF:                F28D DEFINED AT LINE 774 IN packages.z80
                    > USED AT LINE 1826 IN packages.z80
                    > USED AT LINE 1827 IN packages.z80
IF1:                F290 DEFINED AT LINE 776 IN packages.z80
                    > USED AT LINE 773 IN packages.z80
INPERR:             F29E DEFINED AT LINE 783 IN packages.z80
                    > USED AT LINE 1269 IN packages.z80
INPUT:              F2A8 DEFINED AT LINE 790 IN packages.z80
                    > USED AT LINE 1844 IN packages.z80
                    > USED AT LINE 1845 IN packages.z80
IP1:                F2A8 DEFINED AT LINE 791 IN packages.z80
                    > USED AT LINE 816 IN packages.z80
                    > USED AT LINE 842 IN packages.z80
IP2:                F2B5 DEFINED AT LINE 798 IN packages.z80
                    > USED AT LINE 794 IN packages.z80
IP3:                F2C7 DEFINED AT LINE 811 IN packages.z80
                    > USED AT LINE 797 IN packages.z80
IP4:                F2F3 DEFINED AT LINE 837 IN packages.z80
                    > USED AT LINE 796 IN packages.z80
IP5:                F2FB DEFINED AT LINE 843 IN packages.z80
                    > USED AT LINE 841 IN packages.z80
DEFLT:              F2FE DEFINED AT LINE 845 IN packages.z80
                    > USED AT LINE 1861 IN packages.z80
                    > USED AT LINE 1862 IN packages.z80
LET:                F303 DEFINED AT LINE 849 IN packages.z80
                    > USED AT LINE 854 IN packages.z80
                    > USED AT LINE 1823 IN packages.z80
                    > USED AT LINE 1824 IN packages.z80
LT1:                F30D DEFINED AT LINE 855 IN packages.z80
                    > USED AT LINE 848 IN packages.z80
                    > USED AT LINE 853 IN packages.z80
EXPR1:              F310 DEFINED AT LINE 877 IN packages.z80
                    > USED AT LINE 137 IN packages.z80
XP11:               F316 DEFINED AT LINE 880 IN packages.z80
                    > USED AT LINE 1892 IN packages.z80
                    > USED AT LINE 1893 IN packages.z80
XP12:               F31C DEFINED AT LINE 885 IN packages.z80
                    > USED AT LINE 1895 IN packages.z80
                    > USED AT LINE 1896 IN packages.z80
XP13:               F322 DEFINED AT LINE 890 IN packages.z80
                    > USED AT LINE 1898 IN packages.z80
                    > USED AT LINE 1899 IN packages.z80
XP14:               F329 DEFINED AT LINE 896 IN packages.z80
                    > USED AT LINE 1904 IN packages.z80
                    > USED AT LINE 1905 IN packages.z80
XP15:               F331 DEFINED AT LINE 903 IN packages.z80
                    > USED AT LINE 1901 IN packages.z80
                    > USED AT LINE 1902 IN packages.z80
XP16:               F337 DEFINED AT LINE 908 IN packages.z80
                    > USED AT LINE 1907 IN packages.z80
                    > USED AT LINE 1908 IN packages.z80
XP17:               F33D DEFINED AT LINE 913 IN packages.z80
                    > USED AT LINE 1909 IN packages.z80
                    > USED AT LINE 1910 IN packages.z80
XP18:               F33F DEFINED AT LINE 916 IN packages.z80
                    > USED AT LINE 881 IN packages.z80
                    > USED AT LINE 886 IN packages.z80
                    > USED AT LINE 891 IN packages.z80
                    > USED AT LINE 897 IN packages.z80
                    > USED AT LINE 904 IN packages.z80
                    > USED AT LINE 909 IN packages.z80
EXPR2:              F354 DEFINED AT LINE 931 IN packages.z80
                    > USED AT LINE 135 IN packages.z80
                    > USED AT LINE 923 IN packages.z80
XP21:               F35E DEFINED AT LINE 937 IN packages.z80
                    > USED AT LINE 934 IN packages.z80
XP22:               F363 DEFINED AT LINE 941 IN packages.z80
                    > USED AT LINE 940 IN packages.z80
XP23:               F366 DEFINED AT LINE 943 IN packages.z80
                    > USED AT LINE 957 IN packages.z80
                    > USED AT LINE 959 IN packages.z80
XP24:               F36F DEFINED AT LINE 949 IN packages.z80
                    > USED AT LINE 969 IN packages.z80
XP25:               F380 DEFINED AT LINE 961 IN packages.z80
                    > USED AT LINE 946 IN packages.z80
XP26:               F385 DEFINED AT LINE 965 IN packages.z80
                    > USED AT LINE 936 IN packages.z80
EXPR3:              F38E DEFINED AT LINE 971 IN packages.z80
                    > USED AT LINE 942 IN packages.z80
                    > USED AT LINE 948 IN packages.z80
                    > USED AT LINE 967 IN packages.z80
XP31:               F391 DEFINED AT LINE 973 IN packages.z80
                    > USED AT LINE 1032 IN packages.z80
XP32:               F3AF DEFINED AT LINE 992 IN packages.z80
                    > USED AT LINE 987 IN packages.z80
XP33:               F3B6 DEFINED AT LINE 997 IN packages.z80
                    > USED AT LINE 1001 IN packages.z80
XP34:               F3BF DEFINED AT LINE 1003 IN packages.z80
                    > USED AT LINE 976 IN packages.z80
XP35:               F3E0 DEFINED AT LINE 1024 IN packages.z80
                    > USED AT LINE 996 IN packages.z80
                    > USED AT LINE 1002 IN packages.z80
EXPR4:              F3ED DEFINED AT LINE 1033 IN packages.z80
                    > USED AT LINE 972 IN packages.z80
                    > USED AT LINE 978 IN packages.z80
                    > USED AT LINE 1008 IN packages.z80
XP40:               F3F3 DEFINED AT LINE 1036 IN packages.z80
                    > USED AT LINE 1876 IN packages.z80
                    > USED AT LINE 1877 IN packages.z80
XP41:               F3FD DEFINED AT LINE 1044 IN packages.z80
                    > USED AT LINE 1038 IN packages.z80
PARN:               F403 DEFINED AT LINE 1049 IN packages.z80
                    > USED AT LINE 161 IN packages.z80
                    > USED AT LINE 1062 IN packages.z80
                    > USED AT LINE 1089 IN packages.z80
                    > USED AT LINE 1095 IN packages.z80
XP42:               F410 DEFINED AT LINE 1057 IN packages.z80
                    > USED AT LINE 964 IN packages.z80
                    > USED AT LINE 1006 IN packages.z80
XP43:               F411 DEFINED AT LINE 1059 IN packages.z80
                    > USED AT LINE 1052 IN packages.z80
                    > USED AT LINE 1056 IN packages.z80
RND:                F414 DEFINED AT LINE 1061 IN packages.z80
                    > USED AT LINE 1865 IN packages.z80
                    > USED AT LINE 1866 IN packages.z80
RA1:                F430 DEFINED AT LINE 1075 IN packages.z80
                    > USED AT LINE 1073 IN packages.z80
ABS:                F440 DEFINED AT LINE 1088 IN packages.z80
                    > USED AT LINE 1868 IN packages.z80
                    > USED AT LINE 1869 IN packages.z80
PEEK:               F449 DEFINED AT LINE 1094 IN packages.z80
                    > USED AT LINE 1871 IN packages.z80
                    > USED AT LINE 1872 IN packages.z80
SIZE:               F451 DEFINED AT LINE 1100 IN packages.z80
                    > USED AT LINE 166 IN packages.z80
                    > USED AT LINE 1874 IN packages.z80
                    > USED AT LINE 1875 IN packages.z80
DIVIDE:             F45E DEFINED AT LINE 1126 IN packages.z80
                    > USED AT LINE 1020 IN packages.z80
                    > USED AT LINE 1083 IN packages.z80
                    > USED AT LINE 1492 IN packages.z80
DV1:                F469 DEFINED AT LINE 1135 IN packages.z80
                    > USED AT LINE 1130 IN packages.z80
DV2:                F46B DEFINED AT LINE 1137 IN packages.z80
                    > USED AT LINE 1140 IN packages.z80
SUBDE:              F473 DEFINED AT LINE 1143 IN packages.z80
                    > USED AT LINE 170 IN packages.z80
                    > USED AT LINE 1105 IN packages.z80
                    > USED AT LINE 1139 IN packages.z80
CHKSGN:             F47A DEFINED AT LINE 1151 IN packages.z80
                    > USED AT LINE 980 IN packages.z80
                    > USED AT LINE 982 IN packages.z80
                    > USED AT LINE 1010 IN packages.z80
                    > USED AT LINE 1012 IN packages.z80
                    > USED AT LINE 1091 IN packages.z80
                    > USED AT LINE 1481 IN packages.z80
CHGSGN:             F47D DEFINED AT LINE 1155 IN packages.z80
                    > USED AT LINE 968 IN packages.z80
                    > USED AT LINE 1031 IN packages.z80
                    > USED AT LINE 1633 IN packages.z80
CKHLDE:             F492 DEFINED AT LINE 1174 IN packages.z80
                    > USED AT LINE 719 IN packages.z80
                    > USED AT LINE 926 IN packages.z80
CK1:                F498 DEFINED AT LINE 1179 IN packages.z80
                    > USED AT LINE 1177 IN packages.z80
SETVAL:             F49B DEFINED AT LINE 1213 IN packages.z80
                    > USED AT LINE 623 IN packages.z80
                    > USED AT LINE 850 IN packages.z80
SV1:                F4B1 DEFINED AT LINE 1228 IN packages.z80
                    > USED AT LINE 1219 IN packages.z80
FIN:                F4B4 DEFINED AT LINE 1230 IN packages.z80
                    > USED AT LINE 153 IN packages.z80
                    > USED AT LINE 527 IN packages.z80
FI1:                F4BD DEFINED AT LINE 1236 IN packages.z80
                    > USED AT LINE 1233 IN packages.z80
FI2:                F4C6 DEFINED AT LINE 1242 IN packages.z80
                    > USED AT LINE 1239 IN packages.z80
ENDCHK:             F4C7 DEFINED AT LINE 1244 IN packages.z80
                    > USED AT LINE 396 IN packages.z80
                    > USED AT LINE 400 IN packages.z80
                    > USED AT LINE 403 IN packages.z80
                    > USED AT LINE 422 IN packages.z80
                    > USED AT LINE 471 IN packages.z80
                    > USED AT LINE 575 IN packages.z80
QWHAT:              F4CD DEFINED AT LINE 1248 IN packages.z80
                    > USED AT LINE 154 IN packages.z80
                    > USED AT LINE 579 IN packages.z80
                    > USED AT LINE 679 IN packages.z80
                    > USED AT LINE 801 IN packages.z80
                    > USED AT LINE 1060 IN packages.z80
                    > USED AT LINE 1215 IN packages.z80
                    > USED AT LINE 1229 IN packages.z80
                    > USED AT LINE 1733 IN packages.z80
                    > USED AT LINE 1882 IN packages.z80
                    > USED AT LINE 1883 IN packages.z80
AWHAT:              F4CE DEFINED AT LINE 1250 IN packages.z80
                    > USED AT LINE 687 IN packages.z80
ERROR_ROUTINE:      F4D1 DEFINED AT LINE 1252 IN packages.z80
                    > USED AT LINE 241 IN packages.z80
                    > USED AT LINE 1283 IN packages.z80
QSORRY:             F4FC DEFINED AT LINE 1279 IN packages.z80
                    > USED AT LINE 350 IN packages.z80
                    > USED AT LINE 1636 IN packages.z80
ASORRY:             F4FD DEFINED AT LINE 1281 IN packages.z80
                    > USED AT LINE 168 IN packages.z80
GETLN:              F502 DEFINED AT LINE 1312 IN packages.z80
                    > USED AT LINE 302 IN packages.z80
                    > USED AT LINE 823 IN packages.z80
                    > USED AT LINE 1347 IN packages.z80
GL1:                F508 DEFINED AT LINE 1315 IN packages.z80
                    > USED AT LINE 1317 IN packages.z80
                    > USED AT LINE 1322 IN packages.z80
                    > USED AT LINE 1324 IN packages.z80
                    > USED AT LINE 1333 IN packages.z80
                    > USED AT LINE 1341 IN packages.z80
GL3:                F529 DEFINED AT LINE 1334 IN packages.z80
                    > USED AT LINE 1319 IN packages.z80
GL4:                F536 DEFINED AT LINE 1342 IN packages.z80
                    > USED AT LINE 1326 IN packages.z80
                    > USED AT LINE 1337 IN packages.z80
FNDLN:              F53D DEFINED AT LINE 1348 IN packages.z80
                    > USED AT LINE 323 IN packages.z80
                    > USED AT LINE 423 IN packages.z80
                    > USED AT LINE 472 IN packages.z80
                    > USED AT LINE 563 IN packages.z80
FNDLP:              F545 DEFINED AT LINE 1353 IN packages.z80
                    > USED AT LINE 407 IN packages.z80
                    > USED AT LINE 477 IN packages.z80
FL1:                F545 DEFINED AT LINE 1354 IN packages.z80
                    > USED AT LINE 1380 IN packages.z80
FNDNXT:             F55A DEFINED AT LINE 1371 IN packages.z80
                    > USED AT LINE 327 IN packages.z80
FL2:                F55B DEFINED AT LINE 1373 IN packages.z80
                    > USED AT LINE 1367 IN packages.z80
                    > USED AT LINE 1378 IN packages.z80
FNDSKP:             F55C DEFINED AT LINE 1375 IN packages.z80
                    > USED AT LINE 780 IN packages.z80
PRTSTG:             F564 DEFINED AT LINE 1416 IN packages.z80
                    > USED AT LINE 291 IN packages.z80
                    > USED AT LINE 807 IN packages.z80
                    > USED AT LINE 1254 IN packages.z80
                    > USED AT LINE 1277 IN packages.z80
                    > USED AT LINE 1452 IN packages.z80
                    > USED AT LINE 1537 IN packages.z80
                    > USED AT LINE 1692 IN packages.z80
                    > USED AT LINE 1695 IN packages.z80
PS0:                F575 DEFINED AT LINE 1429 IN packages.z80
                    > USED AT LINE 1435 IN packages.z80
PS1:                F57E DEFINED AT LINE 1437 IN packages.z80
                    > USED AT LINE 1420 IN packages.z80
                    > USED AT LINE 1444 IN packages.z80
QTSTG:              F58A DEFINED AT LINE 1446 IN packages.z80
                    > USED AT LINE 521 IN packages.z80
                    > USED AT LINE 793 IN packages.z80
QT1:                F591 DEFINED AT LINE 1451 IN packages.z80
                    > USED AT LINE 1465 IN packages.z80
QT2:                F59A DEFINED AT LINE 1456 IN packages.z80
                    > USED AT LINE 1475 IN packages.z80
QT3:                F59D DEFINED AT LINE 1460 IN packages.z80
                    > USED AT LINE 1449 IN packages.z80
QT4:                F5A6 DEFINED AT LINE 1466 IN packages.z80
                    > USED AT LINE 1463 IN packages.z80
QT5:                F5B8 DEFINED AT LINE 1476 IN packages.z80
                    > USED AT LINE 1469 IN packages.z80
PRTNUM:             F5B9 DEFINED AT LINE 1479 IN packages.z80
                    > USED AT LINE 535 IN packages.z80
                    > USED AT LINE 1533 IN packages.z80
PN1:                F5C4 DEFINED AT LINE 1485 IN packages.z80
                    > USED AT LINE 1482 IN packages.z80
PN2:                F5CB DEFINED AT LINE 1491 IN packages.z80
                    > USED AT LINE 1501 IN packages.z80
PN3:                F5D9 DEFINED AT LINE 1502 IN packages.z80
                    > USED AT LINE 1495 IN packages.z80
PN4:                F5DA DEFINED AT LINE 1504 IN packages.z80
                    > USED AT LINE 1511 IN packages.z80
PN5:                F5E7 DEFINED AT LINE 1512 IN packages.z80
                    > USED AT LINE 1508 IN packages.z80
PN6:                F5ED DEFINED AT LINE 1517 IN packages.z80
                    > USED AT LINE 1524 IN packages.z80
PRTLN:              F5F9 DEFINED AT LINE 1525 IN packages.z80
                    > USED AT LINE 475 IN packages.z80
                    > USED AT LINE 1270 IN packages.z80
PRTCHR:             F60D DEFINED AT LINE 1538 IN packages.z80
                    > USED AT LINE 518 IN packages.z80
PC1:                F60E DEFINED AT LINE 1541 IN packages.z80
                    > USED AT LINE 1548 IN packages.z80
                    > USED AT LINE 1551 IN packages.z80
PRTASC:             F611 DEFINED AT LINE 1543 IN packages.z80
                    > USED AT LINE 511 IN packages.z80
PA1:                F61A DEFINED AT LINE 1549 IN packages.z80
                    > USED AT LINE 1546 IN packages.z80
PRTHEX:             F61E DEFINED AT LINE 1552 IN packages.z80
                    > USED AT LINE 504 IN packages.z80
PH1:                F625 DEFINED AT LINE 1557 IN packages.z80
                    > USED AT LINE 1555 IN packages.z80
A2HEX:              F626 DEFINED AT LINE 1559 IN packages.z80
                    > USED AT LINE 1556 IN packages.z80
PH2:                F62F DEFINED AT LINE 1567 IN packages.z80
                    > USED AT LINE 1565 IN packages.z80
MVUP1:              F63A DEFINED AT LINE 1592 IN packages.z80
                    > USED AT LINE 331 IN packages.z80
                    > USED AT LINE 356 IN packages.z80
                    > USED AT LINE 1599 IN packages.z80
MVDOWN:             F644 DEFINED AT LINE 1600 IN packages.z80
                    > USED AT LINE 353 IN packages.z80
                    > USED AT LINE 670 IN packages.z80
                    > USED AT LINE 1612 IN packages.z80
MD1:                F64C DEFINED AT LINE 1607 IN packages.z80
                    > USED AT LINE 1603 IN packages.z80
POPA:               F652 DEFINED AT LINE 1613 IN packages.z80
                    > USED AT LINE 586 IN packages.z80
                    > USED AT LINE 691 IN packages.z80
                    > USED AT LINE 731 IN packages.z80
PP1:                F66B DEFINED AT LINE 1628 IN packages.z80
                    > USED AT LINE 1619 IN packages.z80
PUSHA:              F66D DEFINED AT LINE 1631 IN packages.z80
                    > USED AT LINE 560 IN packages.z80
                    > USED AT LINE 622 IN packages.z80
PU1:                F692 DEFINED AT LINE 1650 IN packages.z80
                    > USED AT LINE 1640 IN packages.z80
INIT:               F695 DEFINED AT LINE 1688 IN packages.z80
                    > USED AT LINE 120 IN packages.z80
OUTC:               F6B5 DEFINED AT LINE 1701 IN packages.z80
                    > USED AT LINE 133 IN packages.z80
OUTC2:              F6B9 DEFINED AT LINE 1705 IN packages.z80
                    > USED AT LINE 1702 IN packages.z80
OUTP:               F6C8 DEFINED AT LINE 1714 IN packages.z80
                    > USED AT LINE 1850 IN packages.z80
                    > USED AT LINE 1851 IN packages.z80
OT1:                F6E6 DEFINED AT LINE 1732 IN packages.z80
                    > USED AT LINE 1721 IN packages.z80
XON:                F6E9 DEFINED AT LINE 1734 IN packages.z80
                    > USED AT LINE 1856 IN packages.z80
                    > USED AT LINE 1857 IN packages.z80
XOFF:               F6ED DEFINED AT LINE 1737 IN packages.z80
                    > USED AT LINE 1859 IN packages.z80
                    > USED AT LINE 1860 IN packages.z80
XO1:                F6EE DEFINED AT LINE 1739 IN packages.z80
                    > USED AT LINE 1736 IN packages.z80
CHKIO:              F6F4 DEFINED AT LINE 1742 IN packages.z80
                    > USED AT LINE 416 IN packages.z80
                    > USED AT LINE 476 IN packages.z80
                    > USED AT LINE 1316 IN packages.z80
                    > USED AT LINE 1758 IN packages.z80
CHKIO2:             F70D DEFINED AT LINE 1759 IN packages.z80
                    > USED AT LINE 1749 IN packages.z80
CI1:                F710 DEFINED AT LINE 1764 IN packages.z80
                    > USED AT LINE 1754 IN packages.z80
CI2:                F71A DEFINED AT LINE 1770 IN packages.z80
                    > USED AT LINE 1766 IN packages.z80
                    > USED AT LINE 1768 IN packages.z80
MSG1:               F723 DEFINED AT LINE 1778 IN packages.z80
                    > USED AT LINE 1691 IN packages.z80
MSG2:               F736 DEFINED AT LINE 1779 IN packages.z80
                    > USED AT LINE 1694 IN packages.z80
TAB1:               F74B DEFINED AT LINE 1808 IN packages.z80
                    > USED AT LINE 1911 IN packages.z80
TAB2:               F75B DEFINED AT LINE 1818 IN packages.z80
                    > USED AT LINE 417 IN packages.z80
TAB4:               F7AF DEFINED AT LINE 1863 IN packages.z80
                    > USED AT LINE 1034 IN packages.z80
TAB5:               F7C7 DEFINED AT LINE 1878 IN packages.z80
                    > USED AT LINE 626 IN packages.z80
TAB6:               F7CD DEFINED AT LINE 1884 IN packages.z80
                    > USED AT LINE 631 IN packages.z80
TAB8:               F7D5 DEFINED AT LINE 1890 IN packages.z80
                    > USED AT LINE 878 IN packages.z80
DIRECT:             F7EB DEFINED AT LINE 1911 IN packages.z80
                    > USED AT LINE 310 IN packages.z80
EXEC:               F7EE DEFINED AT LINE 1912 IN packages.z80
                    > USED AT LINE 418 IN packages.z80
                    > USED AT LINE 627 IN packages.z80
                    > USED AT LINE 632 IN packages.z80
                    > USED AT LINE 879 IN packages.z80
                    > USED AT LINE 1035 IN packages.z80
EX0:                F7EE DEFINED AT LINE 1913 IN packages.z80
                    > USED AT LINE 1933 IN packages.z80
EX1:                F7F2 DEFINED AT LINE 1915 IN packages.z80
                    > USED AT LINE 1922 IN packages.z80
EX2:                F802 DEFINED AT LINE 1927 IN packages.z80
                    > USED AT LINE 1930 IN packages.z80
EX3:                F80A DEFINED AT LINE 1934 IN packages.z80
                    > USED AT LINE 1919 IN packages.z80
EX4:                F80C DEFINED AT LINE 1936 IN packages.z80
                    > USED AT LINE 1939 IN packages.z80
EX5:                F810 DEFINED AT LINE 1940 IN packages.z80
                    > USED AT LINE 1926 IN packages.z80
SERIAL_INIT:        F818 DEFINED AT LINE 1955 IN packages.z80
                    > USED AT LINE 1689 IN packages.z80
TX_RDY:             F823 DEFINED AT LINE 1962 IN packages.z80
                    > USED AT LINE 1707 IN packages.z80
GLCD:               F82E DEFINED AT LINE 1975 IN packages.z80
SERIAL:             F835 DEFINED AT LINE 1980 IN packages.z80
                    > USED AT LINE 1974 IN packages.z80
NXTBIT:             F844 DEFINED AT LINE 1989 IN packages.z80
                    > USED AT LINE 1995 IN packages.z80
TXEXIT:             F85A DEFINED AT LINE 2000 IN packages.z80
                    > USED AT LINE 1979 IN packages.z80
RX_RDY:             F85F DEFINED AT LINE 2008 IN packages.z80
                    > USED AT LINE 1743 IN packages.z80
GLCDI:              F868 DEFINED AT LINE 2022 IN packages.z80
SERIALI:            F872 DEFINED AT LINE 2027 IN packages.z80
                    > USED AT LINE 2021 IN packages.z80
LSTARTBIT:          F874 DEFINED AT LINE 2029 IN packages.z80
                    > USED AT LINE 2033 IN packages.z80
                    > USED AT LINE 2045 IN packages.z80
NOCHAR:             F87C DEFINED AT LINE 2034 IN packages.z80
                    > USED AT LINE 2025 IN packages.z80
GETCHAR:            F87F DEFINED AT LINE 2038 IN packages.z80
                    > USED AT LINE 2032 IN packages.z80
GETBITS:            F891 DEFINED AT LINE 2048 IN packages.z80
                    > USED AT LINE 2054 IN packages.z80
RX_EXIT:            F8A1 DEFINED AT LINE 2057 IN packages.z80
                    > USED AT LINE 2026 IN packages.z80
                    > USED AT LINE 2036 IN packages.z80
LSTROM:             F8A5 DEFINED AT LINE 2068 IN packages.z80
                    > USED AT LINE 1071 IN packages.z80
RTCAPI:             F8A5 DEFINED AT LINE 15 IN packages.z80
                    > USED AT LINE 3461
APIERR:             F8AA DEFINED AT LINE 19 IN packages.z80
APIOK:              F8AC DEFINED AT LINE 22 IN packages.z80
                    > USED AT LINE 18 IN packages.z80
CHECKDS1302PRESENT: F8C0 DEFINED AT LINE 43 IN packages.z80
                    > USED AT LINE 367
                    > USED AT LINE 651 IN packages.z80
                    > USED AT LINE 1083 IN packages.z80
NODS1302:           F8E2 DEFINED AT LINE 65 IN packages.z80
                    > USED AT LINE 54 IN packages.z80
                    > USED AT LINE 59 IN packages.z80
RESETDS1302:        F8E5 DEFINED AT LINE 74 IN packages.z80
                    > USED AT LINE 2575
                    > USED AT LINE 740 IN packages.z80
                    > USED AT LINE 1084 IN packages.z80
GETTIME:            F91F DEFINED AT LINE 109 IN packages.z80
                    > USED AT LINE 782 IN packages.z80
                    > USED AT LINE 795 IN packages.z80
                    > USED AT LINE 1002 IN packages.z80
                    > USED AT LINE 1085 IN packages.z80
SETTIME:            F935 DEFINED AT LINE 133 IN packages.z80
                    > USED AT LINE 776 IN packages.z80
                    > USED AT LINE 1086 IN packages.z80
GETDATE:            F951 DEFINED AT LINE 162 IN packages.z80
                    > USED AT LINE 702 IN packages.z80
                    > USED AT LINE 1087 IN packages.z80
SETDATE:            F969 DEFINED AT LINE 189 IN packages.z80
                    > USED AT LINE 873 IN packages.z80
                    > USED AT LINE 1088 IN packages.z80
GETDAY:             F97C DEFINED AT LINE 208 IN packages.z80
                    > USED AT LINE 695 IN packages.z80
                    > USED AT LINE 816 IN packages.z80
                    > USED AT LINE 1089 IN packages.z80
DAYLOOP:            F98D DEFINED AT LINE 220 IN packages.z80
                    > USED AT LINE 224 IN packages.z80
                    > USED AT LINE 225 IN packages.z80
FOUNDDAY:           F995 DEFINED AT LINE 227 IN packages.z80
                    > USED AT LINE 217 IN packages.z80
SETDAY:             F997 DEFINED AT LINE 234 IN packages.z80
                    > USED AT LINE 823 IN packages.z80
                    > USED AT LINE 1090 IN packages.z80
VALIDDAY:           F99E DEFINED AT LINE 241 IN packages.z80
                    > USED AT LINE 237 IN packages.z80
GET1224MODE:        F9AA DEFINED AT LINE 255 IN packages.z80
                    > USED AT LINE 142 IN packages.z80
                    > USED AT LINE 1009 IN packages.z80
                    > USED AT LINE 1091 IN packages.z80
SET12HRMODE:        F9B5 DEFINED AT LINE 269 IN packages.z80
                    > USED AT LINE 808 IN packages.z80
                    > USED AT LINE 1092 IN packages.z80
PR12:               F9C0 DEFINED AT LINE 277 IN packages.z80
                    > USED AT LINE 273 IN packages.z80
NOTMIDNIGHT:        F9CA DEFINED AT LINE 283 IN packages.z80
                    > USED AT LINE 279 IN packages.z80
ISPM:               F9D4 DEFINED AT LINE 290 IN packages.z80
                    > USED AT LINE 286 IN packages.z80
SETPM:              F9D7 DEFINED AT LINE 292 IN packages.z80
                    > USED AT LINE 285 IN packages.z80
SET24HRMODE:        F9DB DEFINED AT LINE 299 IN packages.z80
                    > USED AT LINE 810 IN packages.z80
                    > USED AT LINE 1093 IN packages.z80
PR24:               F9E6 DEFINED AT LINE 307 IN packages.z80
                    > USED AT LINE 303 IN packages.z80
FIXT:               F9F7 DEFINED AT LINE 319 IN packages.z80
                    > USED AT LINE 310 IN packages.z80
NOFIX:              F9FC DEFINED AT LINE 323 IN packages.z80
                    > USED AT LINE 320 IN packages.z80
SETHOUR:            F9FE DEFINED AT LINE 326 IN packages.z80
                    > USED AT LINE 281 IN packages.z80
                    > USED AT LINE 288 IN packages.z80
                    > USED AT LINE 293 IN packages.z80
                    > USED AT LINE 314 IN packages.z80
                    > USED AT LINE 317 IN packages.z80
FORMATTIME:         FA06 DEFINED AT LINE 345 IN packages.z80
                    > USED AT LINE 686 IN packages.z80
                    > USED AT LINE 1099 IN packages.z80
IS24:               FA11 DEFINED AT LINE 355 IN packages.z80
                    > USED AT LINE 352 IN packages.z80
ISAM:               FA39 DEFINED AT LINE 390 IN packages.z80
                    > USED AT LINE 386 IN packages.z80
NOAMPM:             FA40 DEFINED AT LINE 397 IN packages.z80
                    > USED AT LINE 376 IN packages.z80
FORMATDATE:         FA43 DEFINED AT LINE 410 IN packages.z80
                    > USED AT LINE 708 IN packages.z80
                    > USED AT LINE 1100 IN packages.z80
READRTCBYTE:        FA64 DEFINED AT LINE 442 IN packages.z80
                    > USED AT LINE 2607
                    > USED AT LINE 2612
                    > USED AT LINE 1026 IN packages.z80
                    > USED AT LINE 1094 IN packages.z80
WRITERTCBYTE:       FA73 DEFINED AT LINE 458 IN packages.z80
                    > USED AT LINE 2581
                    > USED AT LINE 2585
                    > USED AT LINE 2599
                    > USED AT LINE 2623
                    > USED AT LINE 2629
                    > USED AT LINE 1095 IN packages.z80
BURSTRTCREAD:       FA80 DEFINED AT LINE 474 IN packages.z80
                    > USED AT LINE 885 IN packages.z80
                    > USED AT LINE 1039 IN packages.z80
                    > USED AT LINE 1096 IN packages.z80
BREAD:              FA8F DEFINED AT LINE 487 IN packages.z80
                    > USED AT LINE 490 IN packages.z80
RTC_WR:             FA9C DEFINED AT LINE 504 IN packages.z80
                    > USED AT LINE 47 IN packages.z80
                    > USED AT LINE 49 IN packages.z80
                    > USED AT LINE 78 IN packages.z80
                    > USED AT LINE 80 IN packages.z80
                    > USED AT LINE 83 IN packages.z80
                    > USED AT LINE 85 IN packages.z80
                    > USED AT LINE 87 IN packages.z80
                    > USED AT LINE 90 IN packages.z80
                    > USED AT LINE 92 IN packages.z80
                    > USED AT LINE 94 IN packages.z80
                    > USED AT LINE 96 IN packages.z80
                    > USED AT LINE 136 IN packages.z80
                    > USED AT LINE 146 IN packages.z80
                    > USED AT LINE 150 IN packages.z80
                    > USED AT LINE 191 IN packages.z80
                    > USED AT LINE 195 IN packages.z80
                    > USED AT LINE 199 IN packages.z80
                    > USED AT LINE 246 IN packages.z80
                    > USED AT LINE 329 IN packages.z80
                    > USED AT LINE 465 IN packages.z80
RTC_RD:             FAB1 DEFINED AT LINE 524 IN packages.z80
                    > USED AT LINE 52 IN packages.z80
                    > USED AT LINE 57 IN packages.z80
                    > USED AT LINE 111 IN packages.z80
                    > USED AT LINE 116 IN packages.z80
                    > USED AT LINE 120 IN packages.z80
                    > USED AT LINE 166 IN packages.z80
                    > USED AT LINE 170 IN packages.z80
                    > USED AT LINE 174 IN packages.z80
                    > USED AT LINE 210 IN packages.z80
                    > USED AT LINE 258 IN packages.z80
                    > USED AT LINE 271 IN packages.z80
                    > USED AT LINE 301 IN packages.z80
                    > USED AT LINE 450 IN packages.z80
BYTELPW:            FAC4 DEFINED AT LINE 541 IN packages.z80
                    > USED AT LINE 483 IN packages.z80
                    > USED AT LINE 510 IN packages.z80
                    > USED AT LINE 512 IN packages.z80
                    > USED AT LINE 529 IN packages.z80
BLP:                FAC7 DEFINED AT LINE 545 IN packages.z80
                    > USED AT LINE 551 IN packages.z80
BYTELPR:            FAD6 DEFINED AT LINE 559 IN packages.z80
                    > USED AT LINE 487 IN packages.z80
                    > USED AT LINE 530 IN packages.z80
BLP2:               FADB DEFINED AT LINE 565 IN packages.z80
                    > USED AT LINE 573 IN packages.z80
BCDTOBIN:           FAEF DEFINED AT LINE 582 IN packages.z80
                    > USED AT LINE 1097 IN packages.z80
BINTOBCD:           FB02 DEFINED AT LINE 603 IN packages.z80
                    > USED AT LINE 1098 IN packages.z80
DIV10:              FB07 DEFINED AT LINE 607 IN packages.z80
                    > USED AT LINE 609 IN packages.z80
RTCSETUP:           FB15 DEFINED AT LINE 644 IN packages.z80
                    > USED AT LINE 3384
                    > USED AT LINE 1101 IN packages.z80
NORTC:              FB2C DEFINED AT LINE 662 IN packages.z80
                    > USED AT LINE 654 IN packages.z80
CLOCKLOOP:          FB41 DEFINED AT LINE 665 IN packages.z80
                    > USED AT LINE 653 IN packages.z80
                    > USED AT LINE 732 IN packages.z80
                    > USED AT LINE 741 IN packages.z80
                    > USED AT LINE 878 IN packages.z80
                    > USED AT LINE 880 IN packages.z80
RTCUPDATE:          FB51 DEFINED AT LINE 678 IN packages.z80
                    > USED AT LINE 777 IN packages.z80
                    > USED AT LINE 809 IN packages.z80
                    > USED AT LINE 811 IN packages.z80
                    > USED AT LINE 827 IN packages.z80
                    > USED AT LINE 874 IN packages.z80
KEYRTC:             FBA7 DEFINED AT LINE 729 IN packages.z80
                    > USED AT LINE 674 IN packages.z80
KEYTRYF:            FBB1 DEFINED AT LINE 737 IN packages.z80
KEYTRY0:            FBBB DEFINED AT LINE 742 IN packages.z80
                    > USED AT LINE 739 IN packages.z80
SET12:              FBCE DEFINED AT LINE 754 IN packages.z80
                    > USED AT LINE 747 IN packages.z80
NOFLIP:             FBE1 DEFINED AT LINE 767 IN packages.z80
                    > USED AT LINE 762 IN packages.z80
SAVETIME:           FBE2 DEFINED AT LINE 768 IN packages.z80
                    > USED AT LINE 751 IN packages.z80
                    > USED AT LINE 753 IN packages.z80
                    > USED AT LINE 766 IN packages.z80
STTIME:             FBEB DEFINED AT LINE 775 IN packages.z80
                    > USED AT LINE 790 IN packages.z80
                    > USED AT LINE 797 IN packages.z80
KEYTRY1:            FBF1 DEFINED AT LINE 779 IN packages.z80
                    > USED AT LINE 744 IN packages.z80
KEYTRY2:            FC03 DEFINED AT LINE 792 IN packages.z80
                    > USED AT LINE 781 IN packages.z80
KEYTRY3:            FC0E DEFINED AT LINE 799 IN packages.z80
                    > USED AT LINE 794 IN packages.z80
TO24:               FC24 DEFINED AT LINE 810 IN packages.z80
                    > USED AT LINE 807 IN packages.z80
KEYTRY4:            FC2A DEFINED AT LINE 813 IN packages.z80
                    > USED AT LINE 801 IN packages.z80
KEYTRY5:            FC45 DEFINED AT LINE 829 IN packages.z80
                    > USED AT LINE 815 IN packages.z80
KEYTRY6:            FC5F DEFINED AT LINE 844 IN packages.z80
                    > USED AT LINE 831 IN packages.z80
KEYTRY7:            FC79 DEFINED AT LINE 859 IN packages.z80
                    > USED AT LINE 846 IN packages.z80
SETYEAR:            FC91 DEFINED AT LINE 872 IN packages.z80
                    > USED AT LINE 842 IN packages.z80
                    > USED AT LINE 857 IN packages.z80
KEYTRY8:            FC97 DEFINED AT LINE 876 IN packages.z80
                    > USED AT LINE 861 IN packages.z80
DUMPRAM:            FCA2 DEFINED AT LINE 883 IN packages.z80
                    > USED AT LINE 879 IN packages.z80
DUMPLOOP:           FCAC DEFINED AT LINE 890 IN packages.z80
                    > USED AT LINE 941 IN packages.z80
                    > USED AT LINE 951 IN packages.z80
DUMPKEY:            FCD8 DEFINED AT LINE 921 IN packages.z80
                    > USED AT LINE 924 IN packages.z80
                    > USED AT LINE 938 IN packages.z80
                    > USED AT LINE 945 IN packages.z80
                    > USED AT LINE 948 IN packages.z80
KEYTRYPLUS:         FCE8 DEFINED AT LINE 933 IN packages.z80
                    > USED AT LINE 927 IN packages.z80
KEYTRYMINUS:        FCF9 DEFINED AT LINE 943 IN packages.z80
                    > USED AT LINE 935 IN packages.z80
DISPLAYRAMLINE:     FD09 DEFINED AT LINE 953 IN packages.z80
                    > USED AT LINE 903 IN packages.z80
                    > USED AT LINE 908 IN packages.z80
                    > USED AT LINE 913 IN packages.z80
                    > USED AT LINE 918 IN packages.z80
GENRAMLINE:         FD12 DEFINED AT LINE 965 IN packages.z80
                    > USED AT LINE 954 IN packages.z80
RAMDISPLOOP:        FD2C DEFINED AT LINE 982 IN packages.z80
                    > USED AT LINE 990 IN packages.z80
GETRTCTIME:         FD3E DEFINED AT LINE 1001 IN packages.z80
                    > USED AT LINE 667 IN packages.z80
                    > USED AT LINE 682 IN packages.z80
CHECKRTCCHECKSUM:   FD52 DEFINED AT LINE 1022 IN packages.z80
                    > USED AT LINE 371
GETRTCCHECKSUM:     FD5D DEFINED AT LINE 1035 IN packages.z80
                    > USED AT LINE 2596
                    > USED AT LINE 1023 IN packages.z80
CHECKSUMLOOP:       FD6B DEFINED AT LINE 1043 IN packages.z80
                    > USED AT LINE 1047 IN packages.z80
RTC_BASE:           0900 DEFINED AT LINE 1056 IN packages.z80
                    > USED AT LINE 1057 IN packages.z80
                    > USED AT LINE 1058 IN packages.z80
                    > USED AT LINE 1059 IN packages.z80
                    > USED AT LINE 1060 IN packages.z80
                    > USED AT LINE 1061 IN packages.z80
                    > USED AT LINE 1062 IN packages.z80
                    > USED AT LINE 1063 IN packages.z80
                    > USED AT LINE 1064 IN packages.z80
                    > USED AT LINE 1065 IN packages.z80
                    > USED AT LINE 1066 IN packages.z80
RTC_SECS:           0900 DEFINED AT LINE 1057 IN packages.z80
                    > USED AT LINE 672 IN packages.z80
                    > USED AT LINE 772 IN packages.z80
                    > USED AT LINE 1004 IN packages.z80
RTC_OSEC:           0901 DEFINED AT LINE 1058 IN packages.z80
                    > USED AT LINE 670 IN packages.z80
                    > USED AT LINE 677 IN packages.z80
RTC_MINS:           0902 DEFINED AT LINE 1059 IN packages.z80
                    > USED AT LINE 770 IN packages.z80
                    > USED AT LINE 1006 IN packages.z80
RTC_HOURS:          0903 DEFINED AT LINE 1060 IN packages.z80
                    > USED AT LINE 745 IN packages.z80
                    > USED AT LINE 805 IN packages.z80
                    > USED AT LINE 1012 IN packages.z80
RTC_DAY:            0904 DEFINED AT LINE 1061 IN packages.z80
                    > USED AT LINE 704 IN packages.z80
                    > USED AT LINE 832 IN packages.z80
                    > USED AT LINE 854 IN packages.z80
                    > USED AT LINE 868 IN packages.z80
RTC_MONTH:          0905 DEFINED AT LINE 1062 IN packages.z80
                    > USED AT LINE 706 IN packages.z80
                    > USED AT LINE 839 IN packages.z80
                    > USED AT LINE 847 IN packages.z80
                    > USED AT LINE 870 IN packages.z80
RTC_YEAR:           0906 DEFINED AT LINE 1063 IN packages.z80
                    > USED AT LINE 707 IN packages.z80
                    > USED AT LINE 841 IN packages.z80
                    > USED AT LINE 856 IN packages.z80
                    > USED AT LINE 862 IN packages.z80
                    > USED AT LINE 867 IN packages.z80
RTC_BUFF:           0908 DEFINED AT LINE 1064 IN packages.z80
                    > USED AT LINE 685 IN packages.z80
                    > USED AT LINE 687 IN packages.z80
                    > USED AT LINE 698 IN packages.z80
                    > USED AT LINE 711 IN packages.z80
                    > USED AT LINE 977 IN packages.z80
                    > USED AT LINE 994 IN packages.z80
RTC_RAM:            091D DEFINED AT LINE 1065 IN packages.z80
                    > USED AT LINE 884 IN packages.z80
                    > USED AT LINE 896 IN packages.z80
                    > USED AT LINE 967 IN packages.z80
                    > USED AT LINE 1038 IN packages.z80
                    > USED AT LINE 1040 IN packages.z80
RAM_PTR:            093C DEFINED AT LINE 1066 IN packages.z80
                    > USED AT LINE 888 IN packages.z80
                    > USED AT LINE 891 IN packages.z80
                    > USED AT LINE 936 IN packages.z80
                    > USED AT LINE 940 IN packages.z80
                    > USED AT LINE 946 IN packages.z80
                    > USED AT LINE 950 IN packages.z80
RTC_PORT:           00FC DEFINED AT LINE 1071 IN packages.z80
                    > USED AT LINE 478 IN packages.z80
                    > USED AT LINE 507 IN packages.z80
                    > USED AT LINE 526 IN packages.z80
SEGDISP:            FD75 DEFINED AT LINE 1072 IN packages.z80
                    > USED AT LINE 657 IN packages.z80
                    > USED AT LINE 730 IN packages.z80
                    > USED AT LINE 922 IN packages.z80
DAYSLIST:           FD7B DEFINED AT LINE 1073 IN packages.z80
                    > USED AT LINE 214 IN packages.z80
HELPLIST:           FDB4 DEFINED AT LINE 1080 IN packages.z80
                    > USED AT LINE 719 IN packages.z80
DSAPIFUNCTIONS:     FDDE DEFINED AT LINE 1083 IN packages.z80
                    > USED AT LINE 27 IN packages.z80
DSAPIFNMAX:         0013 DEFINED AT LINE 1103 IN packages.z80
                    > USED AT LINE 17 IN packages.z80
RELMAJOR:           FFEC DEFINED AT LINE 3521
                    > USED AT LINE 1242
RELMINOR:           FFEE DEFINED AT LINE 3522
                    > USED AT LINE 1243
SOFTWARE:           FFF0 DEFINED AT LINE 3523
                    > USED AT LINE 344
                    > USED AT LINE 357
                    > USED AT LINE 1231
RELEASE:            FFF8 DEFINED AT LINE 3524
                    > USED AT LINE 1241
REL_TXT:            2024.15 DEFINED AT LINE 3525
                    > USED AT LINE 3368
                    > USED AT LINE 3524
